Airline,Source,Destination,Total_Stops,Price,Duration_Hours_Minutes,Day_of_Departure,Month_of_Departure,Year_of_Departure,Dep_Time_Hour,Dep_Time_Minute,Arrival_Time_Hour,Arrival_Time_Minute,Day_of_Arrival,Month_of_Arrival,Year_of_Arrival
IndiGo,Banglore,Delhi,0,3897.0,170,24,3,2019,22,20,1,10,22,3,2019
Air India,Kolkata,Banglore,2,7662.0,445,5,1,2019,5,50,13,15,5,1,2019
Jet Airways,Delhi,Cochin,2,13882.0,1140,6,9,2019,9,25,4,25,6,10,2019
IndiGo,Kolkata,Banglore,1,6218.0,325,5,12,2019,18,5,23,30,5,12,2019
IndiGo,Banglore,Delhi,1,13302.0,285,3,1,2019,16,50,21,35,3,1,2019
SpiceJet,Kolkata,Banglore,0,3873.0,145,24,6,2019,9,0,11,25,24,6,2019
Jet Airways,Banglore,Delhi,1,11087.0,930,3,12,2019,18,55,10,25,13,3,2019
Jet Airways,Banglore,Delhi,1,22270.0,1265,3,1,2019,8,0,5,5,3,2,2019
Jet Airways,Banglore,Delhi,1,11087.0,1530,3,12,2019,8,55,10,25,13,3,2019
Multiple carriers,Delhi,Cochin,1,8625.0,470,27,5,2019,11,25,19,15,27,5,2019
Air India,Delhi,Cochin,1,8907.0,795,6,1,2019,9,45,23,0,6,1,2019
IndiGo,Kolkata,Banglore,0,4174.0,155,18,4,2019,20,20,22,55,18,4,2019
Air India,Chennai,Kolkata,0,4667.0,135,24,6,2019,11,40,13,55,24,6,2019
Jet Airways,Kolkata,Banglore,1,9663.0,730,5,9,2019,21,10,9,20,5,10,2019
IndiGo,Kolkata,Banglore,0,4804.0,155,24,4,2019,17,15,19,50,24,4,2019
Air India,Delhi,Cochin,2,14011.0,1595,3,3,2019,16,40,19,15,3,4,2019
SpiceJet,Delhi,Cochin,1,5830.0,270,15,4,2019,8,45,13,15,15,4,2019
Jet Airways,Delhi,Cochin,1,10262.0,1355,6,12,2019,14,0,12,35,13,6,2019
Air India,Delhi,Cochin,2,13381.0,1380,6,12,2019,20,15,19,15,13,6,2019
Jet Airways,Delhi,Cochin,1,12898.0,1235,27,5,2019,16,0,12,35,28,5,2019
GoAir,Delhi,Cochin,1,19495.0,310,3,6,2019,14,10,19,20,3,6,2019
Air India,Banglore,Delhi,1,6955.0,920,21,3,2019,22,0,13,20,19,3,2019
IndiGo,Banglore,Delhi,0,3943.0,170,4,3,2019,4,0,6,50,4,3,2019
IndiGo,Banglore,Delhi,0,4823.0,175,5,1,2019,18,55,21,50,5,1,2019
Jet Airways,Kolkata,Banglore,1,7757.0,800,5,6,2019,18,55,8,15,5,7,2019
Jet Airways,Delhi,Cochin,2,13292.0,910,6,9,2019,21,25,12,35,6,10,2019
IndiGo,Delhi,Cochin,1,8238.0,345,6,1,2019,21,50,3,35,6,2,2019
GoAir,Delhi,Cochin,1,7682.0,355,15,5,2019,7,0,12,55,15,5,2019
Vistara,Banglore,Delhi,0,4668.0,170,18,6,2019,9,45,12,35,18,6,2019
Vistara,Chennai,Kolkata,0,3687.0,135,15,6,2019,7,5,9,20,15,6,2019
Vistara,Chennai,Kolkata,0,3687.0,135,18,6,2019,7,5,9,20,18,6,2019
Air India,Kolkata,Banglore,2,13227.0,805,5,1,2019,9,50,23,15,5,1,2019
IndiGo,Banglore,Delhi,0,4423.0,170,4,6,2019,4,0,6,50,4,6,2019
Jet Airways,Delhi,Cochin,2,10919.0,1320,15,6,2019,14,35,12,35,16,6,2019
Jet Airways,Delhi,Cochin,1,12373.0,330,18,5,2019,7,5,12,35,18,5,2019
IndiGo,Delhi,Cochin,1,5894.0,625,27,6,2019,10,35,21,0,27,6,2019
SpiceJet,Kolkata,Banglore,1,4649.0,315,21,5,2019,15,5,20,20,21,5,2019
Air India,Kolkata,Banglore,0,6245.0,150,18,5,2019,14,15,16,45,18,5,2019
Jet Airways,Banglore,Delhi,1,19225.0,375,3,6,2019,7,0,13,15,3,6,2019
Jet Airways,Delhi,Cochin,1,14924.0,715,6,3,2019,7,5,19,0,6,3,2019
Multiple carriers,Delhi,Cochin,1,9646.0,665,21,5,2019,7,5,18,10,21,5,2019
Air India,Banglore,Delhi,1,8714.0,510,15,3,2019,6,45,15,15,15,3,2019
Jet Airways,Delhi,Cochin,1,12373.0,1325,18,5,2019,20,55,19,0,19,5,2019
Air Asia,Banglore,Delhi,0,3383.0,165,5,6,2019,11,10,13,55,5,6,2019
Multiple carriers,Delhi,Cochin,1,13062.0,720,21,3,2019,9,0,21,0,21,3,2019
SpiceJet,Banglore,Delhi,0,3527.0,170,24,3,2019,5,45,8,35,24,3,2019
IndiGo,Banglore,Delhi,0,3943.0,170,27,5,2019,4,0,6,50,27,5,2019
Air India,Chennai,Kolkata,0,4667.0,135,5,3,2019,11,40,13,55,5,3,2019
Air India,Kolkata,Banglore,1,6117.0,965,15,5,2019,19,0,11,5,16,5,2019
Jet Airways,Delhi,Cochin,2,11150.0,1195,27,6,2019,23,5,19,0,28,6,2019
Jet Airways,Delhi,Cochin,0,7202.0,195,3,9,2019,11,0,14,15,3,9,2019
Jet Airways,Kolkata,Banglore,1,12121.0,1520,5,1,2019,9,35,10,55,5,2,2019
IndiGo,Banglore,Delhi,0,4377.0,170,24,3,2019,22,20,1,10,28,3,2019
IndiGo,Banglore,Delhi,0,3943.0,180,18,6,2019,21,15,0,15,19,6,2019
Air Asia,Banglore,Delhi,0,4483.0,170,4,3,2019,23,55,2,45,4,4,2019
Jet Airways,Kolkata,Banglore,1,14231.0,975,24,3,2019,19,45,12,0,25,3,2019
Air India,Banglore,Delhi,2,17345.0,905,3,1,2019,8,50,23,55,3,1,2019
Vistara,Chennai,Kolkata,0,7414.0,135,3,6,2019,7,5,9,20,3,6,2019
Multiple carriers,Delhi,Cochin,1,8073.0,390,5,6,2019,19,0,1,30,5,7,2019
Vistara,Mumbai,Hyderabad,1,12395.0,1505,3,6,2019,15,40,16,45,3,7,2019
Air India,Kolkata,Banglore,1,8366.0,745,6,6,2019,9,25,21,50,6,6,2019
Air India,Delhi,Cochin,1,5117.0,1640,4,3,2019,6,5,9,25,4,4,2019
Multiple carriers,Delhi,Cochin,1,12524.0,615,6,3,2019,8,45,19,0,6,3,2019
IndiGo,Delhi,Cochin,1,7191.0,630,15,5,2019,15,0,1,30,16,5,2019
Vistara,Chennai,Kolkata,0,3687.0,135,24,5,2019,7,5,9,20,24,5,2019
IndiGo,Delhi,Cochin,1,5894.0,625,24,6,2019,10,35,21,0,24,6,2019
Vistara,Banglore,Delhi,0,5403.0,170,24,4,2019,9,45,12,35,24,4,2019
Air India,Mumbai,Hyderabad,0,3625.0,90,5,6,2019,13,55,15,25,5,6,2019
Air India,Delhi,Cochin,2,10861.0,800,21,5,2019,5,55,19,15,21,5,2019
IndiGo,Chennai,Kolkata,0,6297.0,135,3,12,2019,13,20,15,35,3,12,2019
Jet Airways,Mumbai,Hyderabad,0,5678.0,85,6,1,2019,7,5,8,30,6,1,2019
Jet Airways,Banglore,Delhi,1,9134.0,1590,3,9,2019,5,45,8,15,13,3,2019
Multiple carriers,Delhi,Cochin,1,10791.0,440,24,6,2019,11,40,19,0,24,6,2019
Jet Airways,Delhi,Cochin,2,12819.0,810,24,6,2019,23,5,12,35,25,6,2019
IndiGo,Delhi,Cochin,1,6893.0,300,21,3,2019,5,5,10,5,21,3,2019
Vistara,Banglore,Delhi,0,7240.0,165,3,9,2019,9,50,12,35,3,9,2019
GoAir,Banglore,Delhi,0,3898.0,170,4,3,2019,11,40,14,30,4,3,2019
IndiGo,Mumbai,Hyderabad,0,4049.0,90,4,3,2019,6,25,7,55,4,3,2019
Jet Airways,Delhi,Cochin,1,10262.0,1145,15,6,2019,17,30,12,35,16,6,2019
SpiceJet,Chennai,Kolkata,0,3332.0,135,21,3,2019,8,20,10,35,21,3,2019
Jet Airways,Kolkata,Banglore,1,10844.0,890,6,9,2019,21,10,12,0,6,10,2019
Jet Airways,Banglore,Delhi,0,7229.0,160,24,3,2019,19,55,22,35,24,3,2019
Jet Airways,Kolkata,Banglore,1,13941.0,1330,5,6,2019,6,30,4,40,5,7,2019
IndiGo,Delhi,Cochin,1,5894.0,575,27,6,2019,11,25,21,0,27,6,2019
Multiple carriers,Delhi,Cochin,1,10197.0,600,18,5,2019,9,0,19,0,18,5,2019
Jet Airways,Banglore,Delhi,1,13712.0,1280,3,6,2019,14,5,11,25,3,7,2019
IndiGo,Delhi,Cochin,1,5636.0,325,24,6,2019,2,0,7,25,24,6,2019
Jet Airways,Delhi,Cochin,2,13014.0,1125,6,6,2019,9,40,4,25,6,7,2019
Jet Airways,Kolkata,Banglore,1,7064.0,740,4,1,2019,8,25,20,45,4,1,2019
Jet Airways,Kolkata,Banglore,1,10703.0,1080,24,5,2019,20,25,14,25,25,5,2019
Multiple carriers,Delhi,Cochin,1,9646.0,555,27,5,2019,13,15,22,30,27,5,2019
Multiple carriers,Delhi,Cochin,1,17057.0,665,3,6,2019,2,15,13,20,3,6,2019
Jet Airways,Banglore,Delhi,1,13817.0,1050,3,12,2019,16,55,10,25,13,3,2019
Air India,Delhi,Cochin,2,13748.0,800,3,6,2019,5,55,19,15,3,6,2019
Air India,Kolkata,Banglore,0,4880.0,155,21,4,2019,20,45,23,20,21,4,2019
IndiGo,Chennai,Kolkata,0,3540.0,145,21,6,2019,5,15,7,40,21,6,2019
SpiceJet,Banglore,Delhi,0,3257.0,160,15,5,2019,5,55,8,35,15,5,2019
Jet Airways,Banglore,Delhi,0,6478.0,180,6,3,2019,19,50,22,50,6,3,2019
Jet Airways,Mumbai,Hyderabad,0,8040.0,85,18,6,2019,7,5,8,30,18,6,2019
Jet Airways,Delhi,Cochin,2,14300.0,995,6,12,2019,20,0,12,35,13,6,2019
Jet Airways,Kolkata,Banglore,1,14781.0,740,15,5,2019,8,25,20,45,15,5,2019
Jet Airways,Kolkata,Banglore,1,14939.0,735,6,9,2019,20,0,8,15,6,10,2019
Jet Airways,Delhi,Cochin,1,10262.0,450,24,6,2019,20,55,4,25,25,6,2019
Air India,Kolkata,Banglore,1,6528.0,1440,5,12,2019,14,35,14,35,13,5,2019
Air India,Banglore,Delhi,0,6121.0,165,5,1,2019,6,10,8,55,5,1,2019
Jet Airways,Delhi,Cochin,2,13029.0,535,18,5,2019,19,30,4,25,19,5,2019
Multiple carriers,Delhi,Cochin,1,11421.0,430,27,3,2019,11,40,18,50,27,3,2019
Multiple carriers,Delhi,Cochin,1,7574.0,870,27,3,2019,4,45,19,15,27,3,2019
Air India,Delhi,Cochin,2,11596.0,1820,5,9,2019,12,55,19,15,5,10,2019
Jet Airways,Delhi,Cochin,2,15129.0,1195,24,5,2019,23,5,19,0,25,5,2019
Jet Airways,Banglore,Delhi,1,13555.0,900,18,3,2019,14,5,5,5,16,3,2019
IndiGo,Banglore,Delhi,0,5780.0,175,4,12,2019,18,55,21,50,4,12,2019
Vistara,Kolkata,Banglore,1,9397.0,765,5,12,2019,20,20,9,5,13,5,2019
Jet Airways,Delhi,Cochin,1,17024.0,610,3,6,2019,18,15,4,25,3,7,2019
GoAir,Delhi,Cochin,1,5281.0,355,27,6,2019,7,0,12,55,27,6,2019
Multiple carriers,Delhi,Cochin,1,10348.0,925,18,5,2019,7,5,22,30,18,5,2019
Air India,Delhi,Cochin,1,12677.0,965,3,6,2019,17,20,9,25,3,7,2019
Multiple carriers,Delhi,Cochin,1,15147.0,610,3,3,2019,15,25,1,35,3,4,2019
Vistara,Banglore,Delhi,0,4668.0,160,6,12,2019,7,0,9,40,6,12,2019
Jet Airways,Delhi,Cochin,1,15554.0,715,5,9,2019,7,5,19,0,5,9,2019
SpiceJet,Banglore,Delhi,0,3971.0,160,4,9,2019,5,55,8,35,4,9,2019
Air India,Mumbai,Hyderabad,0,3100.0,85,5,3,2019,15,0,16,25,5,3,2019
Jet Airways,Kolkata,Banglore,1,9663.0,845,5,6,2019,20,0,10,5,5,7,2019
Air India,Delhi,Cochin,1,27430.0,1215,3,1,2019,23,0,19,15,3,2,2019
IndiGo,Chennai,Kolkata,0,3540.0,145,5,12,2019,5,15,7,40,5,12,2019
Air India,Kolkata,Banglore,2,10676.0,1390,21,5,2019,12,0,11,10,22,5,2019
Jet Airways,Kolkata,Banglore,1,13044.0,1090,6,12,2019,14,5,8,15,13,6,2019
Jet Airways,Kolkata,Banglore,1,14388.0,960,5,6,2019,20,0,12,0,5,7,2019
IndiGo,Banglore,Delhi,0,3943.0,170,24,6,2019,4,0,6,50,24,6,2019
IndiGo,Chennai,Kolkata,0,3597.0,140,6,3,2019,14,45,17,5,6,3,2019
Air India,Banglore,Delhi,1,5932.0,480,21,3,2019,11,50,19,50,21,3,2019
Jet Airways,Delhi,Cochin,1,10262.0,1015,15,6,2019,11,30,4,25,16,6,2019
Vistara,Delhi,Cochin,0,6216.0,190,5,12,2019,14,40,17,50,5,12,2019
IndiGo,Kolkata,Banglore,0,4804.0,165,15,6,2019,20,25,23,10,15,6,2019
Multiple carriers,Delhi,Cochin,1,14067.0,840,21,5,2019,11,30,1,30,22,5,2019
Jet Airways,Delhi,Cochin,2,15129.0,1430,18,5,2019,19,10,19,0,19,5,2019
Jet Airways,Delhi,Cochin,2,13376.0,1300,6,6,2019,6,45,4,25,6,7,2019
Air India,Delhi,Cochin,2,10441.0,1275,27,6,2019,22,0,19,15,28,6,2019
Jet Airways,Banglore,Delhi,0,4030.0,165,24,5,2019,6,0,8,45,24,5,2019
Jet Airways,Delhi,Cochin,1,17024.0,650,3,3,2019,8,0,18,50,3,3,2019
Multiple carriers,Delhi,Cochin,1,13017.0,480,4,9,2019,17,30,1,30,4,10,2019
GoAir,Kolkata,Banglore,1,6686.0,495,6,6,2019,23,30,7,45,6,7,2019
IndiGo,Delhi,Cochin,1,5636.0,325,15,6,2019,2,0,7,25,15,6,2019
IndiGo,Delhi,Cochin,1,6442.0,515,6,9,2019,7,35,16,10,6,9,2019
Multiple carriers,Delhi,Cochin,1,9486.0,710,21,5,2019,13,5,0,55,22,5,2019
Jet Airways,Kolkata,Banglore,1,10844.0,1655,21,5,2019,20,0,23,35,22,5,2019
Jet Airways,Delhi,Cochin,2,15318.0,505,6,3,2019,20,0,4,25,6,4,2019
Air India,Delhi,Cochin,1,5117.0,1255,4,3,2019,12,30,9,25,4,4,2019
IndiGo,Delhi,Cochin,1,6147.0,290,24,6,2019,15,10,20,0,24,6,2019
Multiple carriers,Delhi,Cochin,1,7005.0,490,6,9,2019,12,50,21,0,6,9,2019
SpiceJet,Kolkata,Banglore,0,3873.0,140,4,3,2019,22,20,0,40,4,4,2019
Jet Airways,Delhi,Cochin,2,9270.0,1465,21,3,2019,18,25,18,50,22,3,2019
GoAir,Banglore,Delhi,0,3898.0,170,27,6,2019,11,40,14,30,27,6,2019
Jet Airways,Kolkata,Banglore,1,14781.0,740,5,12,2019,8,25,20,45,5,12,2019
Jet Airways,Kolkata,Banglore,1,8586.0,735,24,5,2019,20,0,8,15,25,5,2019
Air India,Kolkata,Banglore,2,10697.0,1415,5,9,2019,8,20,7,55,5,10,2019
Jet Airways,Delhi,Cochin,2,14300.0,995,27,6,2019,20,0,12,35,28,6,2019
IndiGo,Banglore,Delhi,0,8855.0,170,3,3,2019,18,55,21,45,3,3,2019
Jet Airways,Kolkata,Banglore,1,10844.0,1545,5,12,2019,16,30,18,15,13,5,2019
Jet Airways,Delhi,Cochin,1,17024.0,1570,3,6,2019,2,15,4,25,3,7,2019
Jet Airways,Kolkata,Banglore,1,9314.0,1730,5,1,2019,9,35,14,25,5,2,2019
IndiGo,Banglore,Delhi,0,4777.0,165,24,3,2019,0,40,3,25,24,3,2019
Air India,Kolkata,Banglore,1,7662.0,1515,6,9,2019,12,0,13,15,6,10,2019
IndiGo,Delhi,Cochin,1,6442.0,560,5,9,2019,6,50,16,10,5,9,2019
SpiceJet,Delhi,Cochin,1,5264.0,270,6,12,2019,8,45,13,15,6,12,2019
Jet Airways,Delhi,Cochin,1,12898.0,925,27,5,2019,13,0,4,25,28,5,2019
Air India,Mumbai,Hyderabad,0,6092.0,90,3,3,2019,13,55,15,25,3,3,2019
SpiceJet,Banglore,Delhi,0,3311.0,160,21,5,2019,5,55,8,35,21,5,2019
Jet Airways,Delhi,Cochin,1,6540.0,550,27,3,2019,19,15,4,25,28,3,2019
IndiGo,Banglore,Delhi,0,3419.0,165,27,5,2019,1,30,4,15,27,5,2019
Jet Airways,Delhi,Cochin,1,5177.0,1355,4,3,2019,14,0,12,35,4,4,2019
Air India,Delhi,Cochin,0,8246.0,185,18,4,2019,18,5,21,10,18,4,2019
Jet Airways,Kolkata,Banglore,1,14676.0,690,6,9,2019,9,35,21,5,6,9,2019
Multiple carriers,Delhi,Cochin,1,13587.0,570,27,6,2019,11,30,21,0,27,6,2019
Jet Airways,Kolkata,Banglore,1,9663.0,730,5,6,2019,21,10,9,20,5,7,2019
Jet Airways,Kolkata,Banglore,1,13044.0,1055,6,12,2019,16,30,10,5,13,6,2019
IndiGo,Delhi,Cochin,1,5073.0,305,4,3,2019,20,25,1,30,4,4,2019
Vistara,Kolkata,Banglore,1,9345.0,1550,21,5,2019,17,0,18,50,22,5,2019
Jet Airways,Kolkata,Banglore,1,9663.0,1200,5,6,2019,14,5,10,5,5,7,2019
Multiple carriers,Delhi,Cochin,1,14277.0,780,21,5,2019,8,0,21,0,21,5,2019
Jet Airways,Delhi,Cochin,1,10262.0,1105,6,1,2019,10,0,4,25,6,2,2019
Jet Airways,Mumbai,Hyderabad,0,5678.0,90,27,3,2019,19,35,21,5,27,3,2019
Multiple carriers,Delhi,Cochin,1,13727.0,570,15,5,2019,16,0,1,30,16,5,2019
Jet Airways,Kolkata,Banglore,1,9663.0,960,5,6,2019,20,0,12,0,5,7,2019
IndiGo,Chennai,Kolkata,0,3858.0,140,5,12,2019,14,45,17,5,5,12,2019
SpiceJet,Delhi,Cochin,1,4812.0,270,24,6,2019,8,45,13,15,24,6,2019
IndiGo,Delhi,Cochin,1,5775.0,345,27,6,2019,21,50,3,35,28,6,2019
Jet Airways,Kolkata,Banglore,1,10539.0,1450,6,6,2019,9,35,9,45,6,7,2019
IndiGo,Kolkata,Banglore,0,4804.0,155,6,3,2019,15,30,18,5,6,3,2019
Air Asia,Banglore,Delhi,0,3383.0,165,6,12,2019,11,10,13,55,6,12,2019
IndiGo,Banglore,Delhi,1,8738.0,295,3,3,2019,12,10,17,5,3,3,2019
Air India,Delhi,Cochin,1,7165.0,1535,27,3,2019,5,15,6,50,28,3,2019
IndiGo,Delhi,Cochin,1,6412.0,380,24,6,2019,16,10,22,30,24,6,2019
Jet Airways,Banglore,Delhi,0,8016.0,185,27,6,2019,18,55,22,0,27,6,2019
Jet Airways,Banglore,Delhi,1,11087.0,1120,3,12,2019,20,35,15,15,13,3,2019
SpiceJet,Chennai,Kolkata,0,3543.0,135,27,6,2019,9,45,12,0,27,6,2019
Jet Airways,Kolkata,Banglore,1,12471.0,730,6,12,2019,16,30,4,40,13,6,2019
Jet Airways,Delhi,Cochin,1,10262.0,1165,24,6,2019,9,0,4,25,25,6,2019
Air India,Banglore,Delhi,0,4441.0,170,18,3,2019,13,20,16,10,18,3,2019
Multiple carriers,Delhi,Cochin,1,12537.0,505,27,3,2019,7,5,15,30,27,3,2019
GoAir,Kolkata,Banglore,1,10091.0,555,24,3,2019,22,25,7,40,25,3,2019
Air India,Banglore,Delhi,0,6961.0,170,6,3,2019,21,5,23,55,6,3,2019
IndiGo,Delhi,Cochin,0,5013.0,195,24,4,2019,5,35,8,50,24,4,2019
Air India,Delhi,Cochin,0,6934.0,170,18,5,2019,5,10,8,0,18,5,2019
Multiple carriers,Delhi,Cochin,1,10877.0,740,6,3,2019,6,40,19,0,6,3,2019
Jet Airways,Banglore,Delhi,0,7229.0,175,18,4,2019,15,15,18,10,18,4,2019
IndiGo,Delhi,Cochin,1,7048.0,575,27,3,2019,16,0,1,35,28,3,2019
Vistara,Banglore,Delhi,0,4878.0,155,27,6,2019,17,0,19,35,27,6,2019
Jet Airways,Kolkata,Banglore,1,10844.0,570,21,5,2019,14,5,23,35,21,5,2019
Jet Airways,Delhi,Cochin,2,15129.0,1760,18,5,2019,23,5,4,25,20,5,2019
IndiGo,Banglore,Delhi,0,3943.0,175,5,12,2019,0,30,3,25,5,12,2019
SpiceJet,Delhi,Cochin,1,5583.0,315,6,6,2019,6,5,11,20,6,6,2019
Multiple carriers,Delhi,Cochin,1,9646.0,545,6,6,2019,7,5,16,10,6,6,2019
Multiple carriers,Delhi,Cochin,1,7677.0,645,6,3,2019,8,30,19,15,6,3,2019
IndiGo,Delhi,Cochin,1,6842.0,295,6,1,2019,5,10,10,5,6,1,2019
Jet Airways,Mumbai,Hyderabad,0,4995.0,90,24,6,2019,8,45,10,15,24,6,2019
Vistara,Kolkata,Banglore,1,9555.0,700,6,9,2019,7,10,18,50,6,9,2019
IndiGo,Banglore,Delhi,0,4077.0,165,6,1,2019,1,30,4,15,6,1,2019
Jet Airways,Banglore,Delhi,0,7229.0,175,5,12,2019,15,15,18,10,5,12,2019
Multiple carriers,Delhi,Cochin,1,12192.0,600,6,9,2019,9,0,19,0,6,9,2019
Air India,Banglore,Delhi,0,5911.0,165,4,12,2019,10,0,12,45,4,12,2019
Air India,Delhi,Cochin,1,8372.0,615,6,12,2019,9,0,19,15,6,12,2019
Jet Airways,Mumbai,Hyderabad,0,4995.0,85,18,3,2019,7,10,8,35,18,3,2019
Multiple carriers,Delhi,Cochin,1,14323.0,555,5,9,2019,10,0,19,15,5,9,2019
Jet Airways,Delhi,Cochin,2,13014.0,1375,6,9,2019,5,30,4,25,6,10,2019
Air India,Delhi,Cochin,2,13591.0,1730,6,6,2019,14,25,19,15,6,7,2019
Jet Airways,Delhi,Cochin,2,18799.0,2245,3,3,2019,5,25,18,50,3,4,2019
IndiGo,Banglore,Delhi,0,3943.0,170,27,4,2019,23,30,2,20,28,4,2019
SpiceJet,Mumbai,Hyderabad,0,1965.0,90,21,5,2019,5,45,7,15,21,5,2019
Jet Airways,Mumbai,Hyderabad,0,4995.0,90,27,5,2019,10,20,11,50,27,5,2019
Air India,Kolkata,Banglore,1,14641.0,1540,24,3,2019,16,50,18,30,25,3,2019
Air India,Kolkata,Banglore,0,4460.0,155,4,12,2019,20,45,23,20,4,12,2019
Air India,Delhi,Cochin,1,10191.0,375,18,5,2019,13,0,19,15,18,5,2019
Jet Airways,Delhi,Cochin,1,13843.0,1050,3,9,2019,2,15,19,45,3,9,2019
IndiGo,Delhi,Cochin,1,6349.0,345,5,1,2019,21,50,3,35,5,2,2019
Air Asia,Kolkata,Banglore,0,4409.0,155,5,1,2019,10,20,12,55,5,1,2019
Jet Airways,Delhi,Cochin,1,17024.0,1530,3,6,2019,18,15,19,45,3,7,2019
Multiple carriers,Delhi,Cochin,1,13727.0,835,18,5,2019,7,5,21,0,18,5,2019
IndiGo,Banglore,Delhi,0,8855.0,175,15,3,2019,18,25,21,20,15,3,2019
Multiple carriers,Delhi,Cochin,1,12524.0,615,24,6,2019,8,45,19,0,24,6,2019
Jet Airways,Banglore,Delhi,1,13555.0,520,18,3,2019,11,40,20,20,18,3,2019
Jet Airways,Kolkata,Banglore,1,10844.0,330,6,6,2019,6,30,12,0,6,6,2019
Multiple carriers,Delhi,Cochin,1,13587.0,720,6,9,2019,9,0,21,0,6,9,2019
SpiceJet,Chennai,Kolkata,0,3543.0,135,6,12,2019,9,45,12,0,6,12,2019
Vistara,Chennai,Kolkata,0,4842.0,135,18,3,2019,7,5,9,20,18,3,2019
IndiGo,Banglore,Delhi,0,3943.0,170,24,4,2019,23,30,2,20,25,4,2019
Jet Airways,Delhi,Cochin,1,10577.0,550,6,9,2019,19,15,4,25,6,10,2019
IndiGo,Delhi,Cochin,1,6979.0,625,15,5,2019,10,35,21,0,15,5,2019
Vistara,Chennai,Kolkata,0,11982.0,140,27,6,2019,17,45,20,5,27,6,2019
SpiceJet,Delhi,Cochin,1,5264.0,270,6,6,2019,8,45,13,15,6,6,2019
Vistara,Delhi,Cochin,0,8001.0,190,3,3,2019,6,0,9,10,3,3,2019
Air India,Delhi,Cochin,2,10651.0,1410,6,1,2019,19,45,19,15,6,2,2019
Jet Airways,Kolkata,Banglore,1,10844.0,1640,24,5,2019,16,30,19,50,25,5,2019
Multiple carriers,Delhi,Cochin,1,6601.0,755,27,3,2019,9,45,22,20,27,3,2019
Air India,Delhi,Cochin,1,6587.0,1455,21,3,2019,19,0,19,15,22,3,2019
SpiceJet,Mumbai,Hyderabad,0,3173.0,80,21,3,2019,13,10,14,30,21,3,2019
Air India,Banglore,Delhi,0,5228.0,165,5,9,2019,10,0,12,45,5,9,2019
Jet Airways,Banglore,Delhi,0,5769.0,180,21,6,2019,7,10,10,10,21,6,2019
Jet Airways,Delhi,Cochin,1,14714.0,660,6,6,2019,8,0,19,0,6,6,2019
Jet Airways,Delhi,Cochin,2,13014.0,810,6,3,2019,5,30,19,0,6,3,2019
IndiGo,Banglore,Delhi,0,3359.0,170,6,3,2019,22,10,1,0,6,4,2019
GoAir,Banglore,Delhi,0,6722.0,175,3,3,2019,20,55,23,50,3,3,2019
IndiGo,Kolkata,Banglore,0,4462.0,165,18,3,2019,9,35,12,20,18,3,2019
IndiGo,Delhi,Cochin,1,6171.0,675,3,9,2019,4,55,16,10,3,9,2019
Air India,Kolkata,Banglore,2,12303.0,875,21,5,2019,5,50,20,25,21,5,2019
Multiple carriers,Delhi,Cochin,1,7695.0,835,21,3,2019,11,40,1,35,22,3,2019
IndiGo,Delhi,Cochin,1,5684.0,845,24,6,2019,11,25,1,30,25,6,2019
Air India,Kolkata,Banglore,1,8366.0,905,6,12,2019,16,50,7,55,13,6,2019
Air India,Chennai,Kolkata,0,19630.0,135,3,1,2019,11,40,13,55,3,1,2019
Jet Airways,Banglore,Delhi,1,13502.0,900,3,6,2019,14,5,5,5,3,7,2019
Jet Airways,Kolkata,Banglore,1,14781.0,775,5,1,2019,21,10,10,5,5,2,2019
Multiple carriers,Delhi,Cochin,1,6513.0,540,6,12,2019,7,10,16,10,6,12,2019
Air India,Delhi,Cochin,1,9929.0,735,6,1,2019,7,0,19,15,6,1,2019
Multiple carriers,Delhi,Cochin,2,18275.0,460,6,6,2019,17,50,1,30,6,7,2019
Air India,Delhi,Cochin,1,4487.0,1640,4,9,2019,6,5,9,25,4,10,2019
IndiGo,Mumbai,Hyderabad,0,2754.0,85,15,3,2019,21,20,22,45,15,3,2019
Air India,Mumbai,Hyderabad,0,2575.0,80,27,3,2019,6,20,7,40,27,3,2019
SpiceJet,Kolkata,Banglore,1,8224.0,330,6,12,2019,15,55,21,25,6,12,2019
Air India,Delhi,Cochin,1,8991.0,705,3,9,2019,20,30,8,15,3,10,2019
IndiGo,Delhi,Cochin,0,5000.0,195,24,6,2019,5,35,8,50,24,6,2019
Jet Airways,Kolkata,Banglore,1,8529.0,1495,6,12,2019,18,55,19,50,13,6,2019
Air India,Delhi,Cochin,1,14042.0,1640,3,3,2019,6,5,9,25,3,4,2019
Jet Airways,Banglore,Delhi,0,4030.0,175,24,5,2019,11,10,14,5,24,5,2019
Jet Airways,Kolkata,Banglore,1,10844.0,1025,6,6,2019,18,55,12,0,6,7,2019
IndiGo,Kolkata,Banglore,0,4804.0,160,5,6,2019,21,25,0,5,5,7,2019
Multiple carriers,Delhi,Cochin,1,7308.0,480,27,5,2019,17,30,1,30,28,5,2019
IndiGo,Banglore,Delhi,0,4823.0,180,5,12,2019,16,55,19,55,5,12,2019
Jet Airways,Delhi,Cochin,1,10262.0,1655,24,6,2019,9,0,12,35,25,6,2019
Jet Airways,Delhi,Cochin,1,12898.0,450,27,5,2019,20,55,4,25,28,5,2019
Air India,Banglore,Delhi,2,12778.0,1375,3,12,2019,17,25,16,20,13,3,2019
IndiGo,Delhi,Cochin,1,14871.0,515,3,3,2019,4,45,13,20,3,3,2019
Air India,Delhi,Cochin,2,8708.0,1795,21,3,2019,13,20,19,15,22,3,2019
Jet Airways,Kolkata,Banglore,1,10844.0,1335,6,6,2019,20,0,18,15,6,7,2019
SpiceJet,Mumbai,Hyderabad,0,4129.0,80,3,6,2019,5,45,7,5,3,6,2019
IndiGo,Kolkata,Banglore,0,4804.0,160,18,5,2019,21,25,0,5,19,5,2019
Jet Airways,Banglore,Delhi,0,7229.0,180,5,6,2019,8,20,11,20,5,6,2019
Jet Airways,Banglore,Delhi,1,7832.0,730,21,3,2019,7,0,19,10,21,3,2019
SpiceJet,Chennai,Kolkata,0,3859.0,155,18,3,2019,9,30,12,5,18,3,2019
Multiple carriers,Delhi,Cochin,1,9001.0,705,6,6,2019,7,30,19,15,6,6,2019
Vistara,Banglore,Delhi,0,4878.0,155,5,9,2019,17,0,19,35,5,9,2019
IndiGo,Mumbai,Hyderabad,0,2754.0,90,5,3,2019,2,35,4,5,5,3,2019
Vistara,Banglore,Delhi,0,4668.0,160,27,6,2019,7,0,9,40,27,6,2019
Air Asia,Kolkata,Banglore,0,5216.0,155,5,12,2019,10,20,12,55,5,12,2019
Jet Airways,Delhi,Cochin,2,10368.0,1375,6,6,2019,5,30,4,25,6,7,2019
IndiGo,Delhi,Cochin,2,8146.0,880,3,9,2019,6,40,21,20,3,9,2019
Jet Airways,Delhi,Cochin,1,12242.0,925,27,3,2019,13,0,4,25,28,3,2019
Jet Airways,Banglore,Delhi,1,9134.0,435,15,3,2019,8,0,15,15,15,3,2019
Air India,Delhi,Cochin,2,10939.0,1210,6,6,2019,13,15,9,25,6,7,2019
Air India,Delhi,Cochin,2,11753.0,1245,6,6,2019,10,55,7,40,6,7,2019
SpiceJet,Kolkata,Banglore,0,4174.0,150,24,4,2019,17,10,19,40,24,4,2019
Jet Airways,Kolkata,Banglore,1,10844.0,1430,21,5,2019,20,0,19,50,22,5,2019
Jet Airways,Delhi,Cochin,1,14714.0,1620,6,3,2019,16,0,19,0,6,4,2019
Jet Airways,Kolkata,Banglore,1,9899.0,330,6,12,2019,6,30,12,0,6,12,2019
IndiGo,Delhi,Cochin,1,14871.0,710,3,3,2019,9,10,21,0,3,3,2019
IndiGo,Chennai,Kolkata,0,7295.0,135,3,6,2019,13,20,15,35,3,6,2019
Air India,Delhi,Cochin,2,13465.0,1470,6,6,2019,18,45,19,15,6,7,2019
SpiceJet,Chennai,Kolkata,0,3543.0,140,21,5,2019,17,45,20,5,21,5,2019
Multiple carriers,Delhi,Cochin,1,7198.0,390,27,6,2019,19,0,1,30,28,6,2019
Jet Airways,Delhi,Cochin,1,10262.0,1225,6,1,2019,8,0,4,25,6,2,2019
IndiGo,Kolkata,Banglore,0,4148.0,155,15,3,2019,15,20,17,55,15,3,2019
Jet Airways,Banglore,Delhi,0,8016.0,175,27,6,2019,15,15,18,10,27,6,2019
Jet Airways,Delhi,Cochin,1,10262.0,335,6,9,2019,22,50,4,25,6,10,2019
SpiceJet,Kolkata,Banglore,0,3841.0,150,15,6,2019,14,55,17,25,15,6,2019
Jet Airways,Banglore,Delhi,1,11507.0,885,3,12,2019,9,45,0,30,13,3,2019
Jet Airways,Kolkata,Banglore,1,14781.0,740,5,1,2019,8,25,20,45,5,1,2019
Jet Airways,Delhi,Cochin,1,16079.0,1530,27,5,2019,17,30,19,0,28,5,2019
Jet Airways,Delhi,Cochin,1,12898.0,335,27,5,2019,22,50,4,25,28,5,2019
Multiple carriers,Delhi,Cochin,1,15353.0,705,3,6,2019,7,30,19,15,3,6,2019
IndiGo,Banglore,Delhi,0,7303.0,175,24,3,2019,18,25,21,20,24,3,2019
SpiceJet,Kolkata,Banglore,1,6197.0,340,24,3,2019,15,5,20,45,24,3,2019
Air India,Kolkata,Banglore,1,8996.0,245,6,9,2019,9,10,13,15,6,9,2019
IndiGo,Delhi,Cochin,1,6528.0,480,21,3,2019,14,20,22,20,21,3,2019
GoAir,Banglore,Delhi,0,4239.0,165,4,9,2019,20,55,23,40,4,9,2019
IndiGo,Kolkata,Banglore,0,4148.0,160,3,12,2019,20,25,23,5,3,12,2019
SpiceJet,Banglore,Delhi,0,3971.0,175,24,5,2019,21,10,0,5,25,5,2019
Air Asia,Kolkata,Banglore,1,5192.0,955,5,6,2019,7,35,23,30,5,6,2019
Jet Airways,Delhi,Cochin,2,9483.0,1390,4,9,2019,13,25,12,35,4,10,2019
Jet Airways,Delhi,Cochin,2,18804.0,440,6,3,2019,11,40,19,0,6,3,2019
Air India,Delhi,Cochin,0,5201.0,170,18,6,2019,5,10,8,0,18,6,2019
Jet Airways,Delhi,Cochin,1,16079.0,450,27,5,2019,11,30,19,0,27,5,2019
Jet Airways,Banglore,Delhi,0,7229.0,180,15,6,2019,19,50,22,50,15,6,2019
Multiple carriers,Delhi,Cochin,1,6795.0,465,27,5,2019,17,45,1,30,28,5,2019
Jet Airways,Kolkata,Banglore,1,10953.0,1520,5,9,2019,9,35,10,55,5,10,2019
Multiple carriers,Delhi,Cochin,2,15965.0,625,24,6,2019,15,5,1,30,25,6,2019
Air India,Delhi,Cochin,2,9968.0,1820,4,9,2019,12,55,19,15,4,10,2019
IndiGo,Kolkata,Banglore,0,4804.0,155,6,6,2019,22,15,0,50,6,7,2019
Jet Airways,Delhi,Cochin,1,16079.0,540,27,5,2019,10,0,19,0,27,5,2019
Jet Airways,Delhi,Cochin,2,11507.0,910,6,12,2019,21,25,12,35,13,6,2019
Air India,Kolkata,Banglore,2,11542.0,1700,6,9,2019,9,25,13,45,6,10,2019
Jet Airways,Banglore,Delhi,0,7229.0,180,24,4,2019,17,45,20,45,24,4,2019
Jet Airways,Banglore,Delhi,0,4544.0,165,27,4,2019,6,0,8,45,27,4,2019
IndiGo,Delhi,Cochin,1,6496.0,295,15,5,2019,5,10,10,5,15,5,2019
IndiGo,Kolkata,Banglore,0,4804.0,160,15,6,2019,21,25,0,5,16,6,2019
Air India,Banglore,Delhi,1,13439.0,1330,3,1,2019,11,5,9,15,3,2,2019
Jet Airways,Delhi,Cochin,1,6540.0,610,27,3,2019,18,15,4,25,28,3,2019
IndiGo,Banglore,Delhi,0,4591.0,170,6,1,2019,23,30,2,20,6,2,2019
IndiGo,Banglore,Delhi,1,4437.0,260,18,3,2019,16,15,20,35,18,3,2019
Air Asia,Delhi,Cochin,1,6151.0,660,21,3,2019,20,10,7,10,22,3,2019
Jet Airways,Banglore,Delhi,0,7754.0,180,21,6,2019,17,45,20,45,21,6,2019
Jet Airways,Delhi,Cochin,1,10262.0,1355,24,6,2019,14,0,12,35,25,6,2019
Jet Airways,Banglore,Delhi,0,8016.0,185,6,9,2019,18,55,22,0,6,9,2019
SpiceJet,Kolkata,Banglore,0,4781.0,160,24,3,2019,6,55,9,35,24,3,2019
Vistara,Banglore,Delhi,0,4668.0,170,27,6,2019,11,30,14,20,27,6,2019
Air India,Banglore,Delhi,1,14594.0,1265,3,6,2019,11,50,8,55,3,7,2019
Jet Airways,Kolkata,Banglore,1,14231.0,710,24,3,2019,16,55,4,45,25,3,2019
Air India,Delhi,Cochin,1,8425.0,1535,15,5,2019,5,15,6,50,16,5,2019
Multiple carriers,Delhi,Cochin,1,9646.0,925,6,12,2019,7,5,22,30,6,12,2019
IndiGo,Chennai,Kolkata,0,7295.0,145,3,3,2019,14,40,17,5,3,3,2019
Air Asia,Kolkata,Banglore,1,5162.0,220,4,9,2019,6,50,10,30,4,9,2019
IndiGo,Banglore,Delhi,0,6860.0,175,3,9,2019,18,25,21,20,3,9,2019
Vistara,Delhi,Cochin,0,6216.0,190,15,4,2019,6,0,9,10,15,4,2019
Air Asia,Kolkata,Banglore,1,5192.0,710,24,5,2019,7,35,19,25,24,5,2019
IndiGo,Banglore,Delhi,0,4823.0,170,4,9,2019,20,0,22,50,4,9,2019
SpiceJet,Banglore,Delhi,0,3919.0,170,4,3,2019,9,30,12,20,4,3,2019
IndiGo,Mumbai,Hyderabad,0,2754.0,90,6,3,2019,19,5,20,35,6,3,2019
Multiple carriers,Delhi,Cochin,1,9315.0,690,5,9,2019,7,30,19,0,5,9,2019
Multiple carriers,Delhi,Cochin,1,11667.0,530,27,3,2019,10,0,18,50,27,3,2019
Jet Airways,Kolkata,Banglore,1,6224.0,1215,6,12,2019,8,25,4,40,13,6,2019
Air India,Kolkata,Banglore,2,13349.0,1210,24,3,2019,9,25,5,35,25,3,2019
Jet Airways,Banglore,Delhi,1,11087.0,965,18,3,2019,16,55,9,0,16,3,2019
Multiple carriers,Delhi,Cochin,1,15603.0,755,3,6,2019,13,0,1,35,3,7,2019
Jet Airways,Delhi,Cochin,2,15129.0,1025,5,9,2019,19,30,12,35,5,10,2019
IndiGo,Banglore,Delhi,0,4823.0,180,4,9,2019,16,55,19,55,4,9,2019
Vistara,Kolkata,Banglore,1,8452.0,930,5,1,2019,7,10,22,40,5,1,2019
Multiple carriers,Delhi,Cochin,1,12524.0,690,6,6,2019,7,30,19,0,6,6,2019
SpiceJet,Chennai,Kolkata,0,3384.0,140,27,3,2019,17,45,20,5,27,3,2019
Jet Airways,Delhi,Cochin,1,10262.0,1425,6,1,2019,19,15,19,0,6,2,2019
SpiceJet,Mumbai,Hyderabad,0,1965.0,90,18,6,2019,13,15,14,45,18,6,2019
IndiGo,Kolkata,Banglore,0,4804.0,155,18,5,2019,22,15,0,50,19,5,2019
Jet Airways,Delhi,Cochin,1,16079.0,1485,27,5,2019,18,15,19,0,28,5,2019
Jet Airways,Delhi,Cochin,2,13292.0,1295,6,1,2019,21,25,19,0,6,2,2019
Air Asia,Delhi,Cochin,1,6751.0,330,5,9,2019,7,55,13,25,5,9,2019
Air India,Delhi,Cochin,1,8669.0,735,15,5,2019,7,0,19,15,15,5,2019
IndiGo,Delhi,Cochin,1,14871.0,485,3,3,2019,17,30,1,35,3,4,2019
Jet Airways,Delhi,Cochin,1,12898.0,300,21,5,2019,14,0,19,0,21,5,2019
SpiceJet,Banglore,Delhi,0,3919.0,170,6,6,2019,9,30,12,20,6,6,2019
Multiple carriers,Delhi,Cochin,1,36983.0,385,3,1,2019,12,50,19,15,3,1,2019
IndiGo,Chennai,Kolkata,0,3597.0,140,6,3,2019,19,35,21,55,6,3,2019
Air India,Banglore,Delhi,0,10741.0,165,3,9,2019,17,0,19,45,3,9,2019
Air India,Kolkata,Banglore,2,11432.0,765,6,6,2019,16,50,5,35,6,7,2019
Jet Airways,Banglore,Delhi,1,11087.0,950,3,12,2019,18,55,10,45,13,3,2019
Jet Airways,Delhi,Cochin,2,13292.0,1620,6,3,2019,9,35,12,35,6,4,2019
Air India,Delhi,Cochin,3,10493.0,1585,15,6,2019,5,15,7,40,16,6,2019
GoAir,Banglore,Delhi,0,7631.0,175,3,9,2019,7,45,10,40,3,9,2019
Air India,Delhi,Cochin,2,13381.0,1490,6,6,2019,6,50,7,40,6,7,2019
Jet Airways,Kolkata,Banglore,1,13731.0,520,6,6,2019,20,0,4,40,6,7,2019
Air India,Delhi,Cochin,2,11911.0,1545,21,5,2019,5,55,7,40,22,5,2019
IndiGo,Banglore,Delhi,0,4591.0,170,18,4,2019,23,30,2,20,19,4,2019
Multiple carriers,Delhi,Cochin,1,14848.0,375,6,3,2019,13,0,19,15,6,3,2019
Multiple carriers,Delhi,Cochin,1,8266.0,630,6,12,2019,8,45,19,15,6,12,2019
Air India,Delhi,Cochin,2,12392.0,1560,18,5,2019,17,15,19,15,19,5,2019
Jet Airways,Kolkata,Banglore,1,13044.0,1025,6,12,2019,18,55,12,0,13,6,2019
Jet Airways,Delhi,Cochin,1,12898.0,1280,21,5,2019,7,5,4,25,22,5,2019
Jet Airways,Delhi,Cochin,1,12242.0,335,21,3,2019,22,50,4,25,22,3,2019
IndiGo,Banglore,Delhi,0,3943.0,170,18,5,2019,10,10,13,0,18,5,2019
Vistara,Kolkata,Banglore,1,11105.0,1550,24,3,2019,20,20,22,10,25,3,2019
Jet Airways,Kolkata,Banglore,1,14388.0,730,5,12,2019,21,10,9,20,13,5,2019
Jet Airways,Delhi,Cochin,2,13014.0,1025,18,5,2019,19,30,12,35,19,5,2019
Multiple carriers,Delhi,Cochin,1,15411.0,510,3,6,2019,10,20,18,50,3,6,2019
Jet Airways,Delhi,Cochin,1,16289.0,1385,3,9,2019,19,45,18,50,3,10,2019
IndiGo,Delhi,Cochin,1,6442.0,560,15,5,2019,6,50,16,10,15,5,2019
Jet Airways,Kolkata,Banglore,1,10844.0,475,18,5,2019,8,25,16,20,18,5,2019
Jet Airways,Mumbai,Hyderabad,0,5678.0,90,18,5,2019,10,20,11,50,18,5,2019
IndiGo,Banglore,Delhi,0,6906.0,170,4,12,2019,23,30,2,20,13,4,2019
SpiceJet,Chennai,Kolkata,0,3543.0,135,21,5,2019,9,45,12,0,21,5,2019
Jet Airways,Delhi,Cochin,1,14714.0,600,6,6,2019,9,0,19,0,6,6,2019
Vistara Premium economy,Banglore,Delhi,0,11793.0,155,3,3,2019,16,0,18,35,3,3,2019
Multiple carriers,Delhi,Cochin,1,14323.0,465,15,5,2019,11,30,19,15,15,5,2019
SpiceJet,Banglore,Delhi,0,3971.0,175,4,9,2019,21,10,0,5,4,10,2019
Vistara,Kolkata,Banglore,1,8452.0,1580,5,6,2019,20,20,22,40,5,7,2019
Vistara,Banglore,Delhi,0,5403.0,160,4,12,2019,7,0,9,40,4,12,2019
Multiple carriers,Delhi,Cochin,1,13727.0,660,5,9,2019,10,0,21,0,5,9,2019
Air India,Kolkata,Banglore,2,12639.0,1165,4,1,2019,10,0,5,25,4,2,2019
Jet Airways,Banglore,Delhi,0,5198.0,175,18,4,2019,15,15,18,10,18,4,2019
Vistara,Banglore,Delhi,0,4878.0,165,6,1,2019,19,30,22,15,6,1,2019
Jet Airways,Delhi,Cochin,1,12373.0,1395,18,5,2019,19,45,19,0,19,5,2019
Multiple carriers,Delhi,Cochin,1,8552.0,540,3,3,2019,7,10,16,10,3,3,2019
Vistara,Delhi,Cochin,0,6741.0,190,21,4,2019,14,40,17,50,21,4,2019
Multiple carriers,Delhi,Cochin,1,6481.0,385,4,9,2019,12,50,19,15,4,9,2019
Multiple carriers,Delhi,Cochin,1,7354.0,520,6,6,2019,10,35,19,15,6,6,2019
Air India,Banglore,Delhi,0,5228.0,170,21,4,2019,21,5,23,55,21,4,2019
Jet Airways,Kolkata,Banglore,1,10844.0,740,5,12,2019,8,25,20,45,5,12,2019
IndiGo,Delhi,Cochin,1,6347.0,320,18,5,2019,6,50,12,10,18,5,2019
Air India,Banglore,Delhi,1,5013.0,240,15,3,2019,8,15,12,15,15,3,2019
Jet Airways,Kolkata,Banglore,1,9663.0,585,6,9,2019,18,55,4,40,6,10,2019
IndiGo,Banglore,Delhi,0,4823.0,175,4,6,2019,18,25,21,20,4,6,2019
Air India,Delhi,Cochin,2,13381.0,1580,24,6,2019,16,55,19,15,25,6,2019
SpiceJet,Chennai,Kolkata,0,3543.0,135,6,1,2019,9,45,12,0,6,1,2019
Jet Airways,Kolkata,Banglore,1,9663.0,585,15,5,2019,18,55,4,40,16,5,2019
Jet Airways,Kolkata,Banglore,1,7064.0,1495,4,1,2019,18,55,19,50,4,2,2019
Jet Airways,Delhi,Cochin,1,10262.0,715,6,9,2019,7,5,19,0,6,9,2019
Air India,Delhi,Cochin,2,13013.0,500,6,1,2019,10,55,19,15,6,1,2019
Jet Airways,Delhi,Cochin,2,15339.0,1045,27,6,2019,19,10,12,35,28,6,2019
GoAir,Banglore,Delhi,0,4937.0,170,18,4,2019,11,40,14,30,18,4,2019
IndiGo,Delhi,Cochin,1,6818.0,425,6,6,2019,5,5,12,10,6,6,2019
Air India,Delhi,Cochin,2,10441.0,1275,18,5,2019,22,0,19,15,19,5,2019
Jet Airways,Delhi,Cochin,1,5177.0,300,4,3,2019,14,0,19,0,4,3,2019
IndiGo,Chennai,Kolkata,0,3858.0,145,27,6,2019,11,35,14,0,27,6,2019
IndiGo,Kolkata,Banglore,1,6534.0,315,18,5,2019,21,0,2,15,19,5,2019
Multiple carriers,Delhi,Cochin,1,6795.0,910,15,6,2019,10,20,1,30,16,6,2019
Multiple carriers,Delhi,Cochin,1,9736.0,705,6,3,2019,7,30,19,15,6,3,2019
Jet Airways,Banglore,Delhi,0,7229.0,180,5,1,2019,19,50,22,50,5,1,2019
SpiceJet,Delhi,Cochin,1,4957.0,295,24,4,2019,17,55,22,50,24,4,2019
IndiGo,Banglore,Delhi,0,7648.0,165,3,9,2019,6,0,8,45,3,9,2019
SpiceJet,Kolkata,Banglore,0,3873.0,150,15,6,2019,14,55,17,25,15,6,2019
Jet Airways,Kolkata,Banglore,1,14388.0,585,5,12,2019,18,55,4,40,13,5,2019
IndiGo,Kolkata,Banglore,0,5618.0,160,3,6,2019,17,15,19,55,3,6,2019
Multiple carriers,Delhi,Cochin,1,7408.0,390,6,9,2019,19,0,1,30,6,10,2019
Air Asia,Delhi,Cochin,1,13774.0,330,3,3,2019,16,45,22,15,3,3,2019
Vistara,Banglore,Delhi,0,4668.0,160,5,3,2019,7,0,9,40,5,3,2019
Jet Airways,Delhi,Cochin,2,13082.0,2045,21,3,2019,18,20,4,25,23,3,2019
Air India,Delhi,Cochin,1,8669.0,925,6,3,2019,3,50,19,15,6,3,2019
IndiGo,Delhi,Cochin,1,6316.0,570,24,6,2019,16,0,1,30,25,6,2019
Jet Airways,Delhi,Cochin,1,12583.0,365,3,6,2019,22,20,4,25,3,7,2019
Vistara,Banglore,Delhi,0,7923.0,160,3,9,2019,16,10,18,50,3,9,2019
GoAir,Delhi,Cochin,1,7378.0,350,3,3,2019,7,0,12,50,3,3,2019
Vistara,Banglore,Delhi,0,4878.0,165,6,3,2019,19,30,22,15,6,3,2019
Jet Airways,Kolkata,Banglore,1,10844.0,1640,18,5,2019,16,30,19,50,19,5,2019
Jet Airways,Banglore,Delhi,0,7229.0,180,4,3,2019,8,20,11,20,4,3,2019
SpiceJet,Delhi,Cochin,1,6297.0,315,21,5,2019,6,5,11,20,21,5,2019
Jet Airways,Kolkata,Banglore,1,8529.0,960,6,12,2019,20,0,12,0,13,6,2019
Multiple carriers,Delhi,Cochin,1,13727.0,420,18,5,2019,14,0,21,0,18,5,2019
SpiceJet,Kolkata,Banglore,1,6643.0,520,24,5,2019,8,35,17,15,24,5,2019
Multiple carriers,Delhi,Cochin,1,10197.0,540,5,9,2019,10,0,19,0,5,9,2019
SpiceJet,Kolkata,Banglore,0,4911.0,140,21,4,2019,22,20,0,40,22,4,2019
IndiGo,Chennai,Kolkata,0,6482.0,140,3,6,2019,5,15,7,35,3,6,2019
Jet Airways,Banglore,Delhi,1,26890.0,380,3,1,2019,8,55,15,15,3,1,2019
IndiGo,Kolkata,Banglore,1,3717.0,265,18,5,2019,19,20,23,45,18,5,2019
IndiGo,Chennai,Kolkata,0,3597.0,140,6,1,2019,13,15,15,35,6,1,2019
Air India,Banglore,Delhi,2,10846.0,665,18,3,2019,11,5,22,10,18,3,2019
Air India,Banglore,Delhi,1,14069.0,1015,3,1,2019,5,50,22,45,3,1,2019
Jet Airways,Delhi,Cochin,1,5177.0,825,4,1,2019,22,50,12,35,4,2,2019
Air India,Delhi,Cochin,2,14641.0,1545,3,6,2019,5,55,7,40,3,7,2019
IndiGo,Delhi,Cochin,1,6442.0,835,6,6,2019,8,35,22,30,6,6,2019
Air India,Delhi,Cochin,1,5704.0,315,21,3,2019,17,45,23,0,21,3,2019
Jet Airways,Kolkata,Banglore,1,9663.0,1155,5,6,2019,14,5,9,20,5,7,2019
Jet Airways,Delhi,Cochin,1,14714.0,450,6,6,2019,20,55,4,25,6,7,2019
Jet Airways,Delhi,Cochin,1,5406.0,540,4,1,2019,10,0,19,0,4,1,2019
Vistara,Kolkata,Banglore,1,8610.0,1440,15,5,2019,20,20,20,20,16,5,2019
Jet Airways,Delhi,Cochin,2,14237.0,1090,6,12,2019,18,25,12,35,13,6,2019
IndiGo,Banglore,Delhi,0,4823.0,175,6,9,2019,7,10,10,5,6,9,2019
IndiGo,Mumbai,Hyderabad,0,2227.0,90,27,3,2019,20,5,21,35,27,3,2019
Jet Airways,Delhi,Cochin,1,12373.0,1280,18,5,2019,7,5,4,25,19,5,2019
Air India,Delhi,Cochin,1,8372.0,375,6,6,2019,13,0,19,15,6,6,2019
Jet Airways,Delhi,Cochin,1,17024.0,870,3,3,2019,13,55,4,25,3,4,2019
Air India,Mumbai,Hyderabad,0,3100.0,80,27,5,2019,21,5,22,25,27,5,2019
Jet Airways,Delhi,Cochin,1,14053.0,775,3,9,2019,6,50,19,45,3,9,2019
IndiGo,Chennai,Kolkata,0,3540.0,145,5,9,2019,5,15,7,40,5,9,2019
Vistara,Kolkata,Banglore,1,9345.0,1350,21,5,2019,20,20,18,50,22,5,2019
Jet Airways,Delhi,Cochin,2,10368.0,1375,6,1,2019,5,30,4,25,6,2,2019
Jet Airways,Banglore,Delhi,1,26890.0,325,3,1,2019,7,0,12,25,3,1,2019
SpiceJet,Mumbai,Hyderabad,0,5755.0,85,3,9,2019,8,50,10,15,3,9,2019
Jet Airways,Banglore,Delhi,1,7832.0,435,21,3,2019,8,55,16,10,21,3,2019
Jet Airways,Kolkata,Banglore,1,14388.0,740,5,6,2019,8,25,20,45,5,6,2019
Air India,Delhi,Cochin,2,8839.0,1210,27,6,2019,13,15,9,25,28,6,2019
Air India,Delhi,Cochin,2,22096.0,1275,3,3,2019,22,0,19,15,3,4,2019
Vistara,Chennai,Kolkata,0,3687.0,135,27,5,2019,7,5,9,20,27,5,2019
Multiple carriers,Delhi,Cochin,1,9627.0,630,15,5,2019,8,30,19,0,15,5,2019
Multiple carriers,Delhi,Cochin,1,13542.0,845,21,3,2019,11,30,1,35,22,3,2019
IndiGo,Banglore,Delhi,0,4423.0,170,27,4,2019,4,0,6,50,27,4,2019
IndiGo,Delhi,Cochin,2,8899.0,985,3,3,2019,4,55,21,20,3,3,2019
SpiceJet,Delhi,Cochin,1,5583.0,315,21,4,2019,6,5,11,20,21,4,2019
Air Asia,Delhi,Cochin,1,6752.0,830,27,5,2019,16,45,6,35,28,5,2019
SpiceJet,Chennai,Kolkata,0,3543.0,135,21,5,2019,8,20,10,35,21,5,2019
Jet Airways,Banglore,Delhi,1,7832.0,435,21,3,2019,8,0,15,15,21,3,2019
Air India,Kolkata,Banglore,2,10991.0,1625,5,1,2019,5,50,8,55,5,2,2019
Jet Airways,Delhi,Cochin,1,12898.0,1655,27,5,2019,9,0,12,35,28,5,2019
Jet Airways,Delhi,Cochin,1,12898.0,300,27,5,2019,14,0,19,0,27,5,2019
GoAir,Banglore,Delhi,0,3398.0,170,24,5,2019,11,40,14,30,24,5,2019
Air India,Delhi,Cochin,0,5201.0,170,24,4,2019,5,10,8,0,24,4,2019
Air India,Kolkata,Banglore,2,13873.0,920,5,6,2019,10,0,1,20,5,7,2019
Air India,Delhi,Cochin,1,7384.0,320,15,6,2019,17,40,23,0,15,6,2019
Jet Airways,Delhi,Cochin,1,10262.0,610,6,6,2019,18,15,4,25,6,7,2019
Jet Airways,Kolkata,Banglore,1,10031.0,1655,24,3,2019,8,25,12,0,25,3,2019
Jet Airways,Kolkata,Banglore,1,12384.0,575,5,6,2019,9,35,19,10,5,6,2019
Jet Airways,Kolkata,Banglore,1,7757.0,1690,5,9,2019,14,5,18,15,5,10,2019
Jet Airways,Banglore,Delhi,1,17261.0,840,3,6,2019,21,25,11,25,3,7,2019
SpiceJet,Chennai,Kolkata,0,7298.0,155,3,1,2019,9,30,12,5,3,1,2019
Jet Airways,Banglore,Delhi,0,7229.0,175,4,6,2019,15,15,18,10,4,6,2019
IndiGo,Kolkata,Banglore,0,4174.0,155,4,1,2019,4,40,7,15,4,1,2019
IndiGo,Kolkata,Banglore,1,5699.0,280,18,5,2019,17,35,22,15,18,5,2019
Air India,Kolkata,Banglore,0,4880.0,150,24,4,2019,14,15,16,45,24,4,2019
Air India,Delhi,Cochin,1,15284.0,675,3,6,2019,8,0,19,15,3,6,2019
Jet Airways,Kolkata,Banglore,1,13759.0,475,24,3,2019,8,25,16,20,24,3,2019
Vistara,Kolkata,Banglore,1,16092.0,530,24,3,2019,9,55,18,45,24,3,2019
IndiGo,Mumbai,Hyderabad,0,4392.0,85,3,9,2019,6,20,7,45,3,9,2019
Jet Airways,Delhi,Cochin,1,10262.0,940,24,6,2019,20,55,12,35,25,6,2019
SpiceJet,Kolkata,Banglore,0,3841.0,155,6,12,2019,6,55,9,30,6,12,2019
GoAir,Banglore,Delhi,0,5048.0,175,6,1,2019,7,45,10,40,6,1,2019
Air India,Kolkata,Banglore,1,11096.0,805,21,5,2019,7,0,20,25,21,5,2019
IndiGo,Delhi,Cochin,1,5073.0,275,24,4,2019,7,35,12,10,24,4,2019
Jet Airways,Delhi,Cochin,1,19828.0,1110,3,3,2019,9,55,4,25,3,4,2019
Vistara,Chennai,Kolkata,0,3739.0,135,21,3,2019,7,5,9,20,21,3,2019
Air India,Delhi,Cochin,2,10598.0,2295,3,9,2019,5,0,19,15,3,10,2019
Jet Airways,Banglore,Delhi,0,7229.0,185,15,6,2019,18,55,22,0,15,6,2019
Vistara,Kolkata,Banglore,1,8610.0,1550,4,1,2019,17,0,18,50,4,2,2019
Vistara,Delhi,Cochin,0,6216.0,190,5,9,2019,14,40,17,50,5,9,2019
Air India,Banglore,Delhi,0,6961.0,170,6,9,2019,13,20,16,10,6,9,2019
Jet Airways,Kolkata,Banglore,1,10703.0,690,5,6,2019,9,35,21,5,5,6,2019
Jet Airways,Kolkata,Banglore,1,14151.0,395,15,5,2019,17,0,23,35,15,5,2019
Jet Airways,Kolkata,Banglore,1,8586.0,1655,5,9,2019,6,30,10,5,5,10,2019
IndiGo,Kolkata,Banglore,0,4488.0,155,4,12,2019,20,20,22,55,4,12,2019
Multiple carriers,Delhi,Cochin,1,7408.0,450,15,6,2019,18,0,1,30,16,6,2019
Jet Airways,Delhi,Cochin,0,5443.0,195,18,4,2019,11,0,14,15,18,4,2019
Jet Airways,Kolkata,Banglore,1,10539.0,575,6,12,2019,9,35,19,10,6,12,2019
Multiple carriers,Delhi,Cochin,1,7723.0,750,6,1,2019,13,0,1,30,6,2,2019
Multiple carriers,Delhi,Cochin,1,15411.0,680,3,6,2019,7,30,18,50,3,6,2019
Jet Airways,Banglore,Delhi,0,7229.0,180,21,5,2019,7,10,10,10,21,5,2019
IndiGo,Kolkata,Banglore,0,4804.0,155,21,6,2019,20,20,22,55,21,6,2019
Jet Airways,Mumbai,Hyderabad,0,4050.0,90,3,3,2019,2,55,4,25,3,3,2019
Jet Airways,Kolkata,Banglore,1,14151.0,1570,18,5,2019,17,0,19,10,19,5,2019
SpiceJet,Delhi,Cochin,1,4957.0,295,4,6,2019,17,55,22,50,4,6,2019
Air India,Banglore,Delhi,0,7591.0,165,3,3,2019,21,10,23,55,3,3,2019
Jet Airways,Kolkata,Banglore,1,11134.0,520,24,3,2019,13,55,22,35,24,3,2019
IndiGo,Delhi,Cochin,1,6600.0,425,27,5,2019,5,5,12,10,27,5,2019
Air India,Banglore,Delhi,0,4966.0,165,3,9,2019,21,10,23,55,3,9,2019
Air India,Delhi,Cochin,2,15481.0,1490,6,1,2019,6,50,7,40,6,2,2019
SpiceJet,Kolkata,Banglore,0,5515.0,140,3,1,2019,22,20,0,40,3,2,2019
Jet Airways,Delhi,Cochin,1,14714.0,660,15,6,2019,8,0,19,0,15,6,2019
GoAir,Delhi,Cochin,1,4959.0,540,15,6,2019,10,35,19,35,15,6,2019
Jet Airways,Banglore,Delhi,0,7229.0,175,21,4,2019,11,10,14,5,21,4,2019
Air India,Delhi,Cochin,0,6094.0,185,15,5,2019,18,5,21,10,15,5,2019
Air Asia,Kolkata,Banglore,0,4409.0,155,24,4,2019,10,20,12,55,24,4,2019
Multiple carriers,Delhi,Cochin,1,9794.0,780,18,5,2019,6,0,19,0,18,5,2019
Jet Airways,Mumbai,Hyderabad,0,5678.0,85,4,3,2019,2,55,4,20,4,3,2019
IndiGo,Delhi,Cochin,1,6442.0,455,15,6,2019,8,35,16,10,15,6,2019
Vistara,Banglore,Delhi,0,4878.0,160,18,5,2019,7,0,9,40,18,5,2019
Jet Airways,Kolkata,Banglore,1,12446.0,775,24,3,2019,21,10,10,5,25,3,2019
Jet Airways,Delhi,Cochin,2,16704.0,1760,5,9,2019,23,5,4,25,5,11,2019
Jet Airways,Banglore,Delhi,1,9134.0,300,15,3,2019,5,45,10,45,15,3,2019
Jet Airways,Kolkata,Banglore,1,8586.0,520,15,5,2019,20,0,4,40,16,5,2019
Jet Airways,Banglore,Delhi,0,7229.0,180,6,1,2019,7,10,10,10,6,1,2019
Jet Airways,Banglore,Delhi,0,6144.0,180,21,4,2019,7,10,10,10,21,4,2019
Air India,Banglore,Delhi,0,6961.0,165,18,5,2019,10,0,12,45,18,5,2019
Jet Airways,Kolkata,Banglore,1,10844.0,730,5,9,2019,16,30,4,40,5,10,2019
IndiGo,Chennai,Kolkata,0,3597.0,140,21,5,2019,19,35,21,55,21,5,2019
SpiceJet,Banglore,Delhi,1,7139.0,475,21,3,2019,10,20,18,15,21,3,2019
Air India,Mumbai,Hyderabad,2,25139.0,1775,3,6,2019,9,40,15,15,3,7,2019
Jet Airways,Delhi,Cochin,2,10368.0,1615,6,1,2019,9,40,12,35,6,2,2019
Air India,Delhi,Cochin,1,5117.0,765,4,6,2019,20,40,9,25,4,7,2019
Multiple carriers,Delhi,Cochin,1,9211.0,455,18,5,2019,11,40,19,15,18,5,2019
SpiceJet,Kolkata,Banglore,0,4174.0,150,15,4,2019,17,10,19,40,15,4,2019
Multiple carriers,Delhi,Cochin,1,10786.0,705,27,5,2019,7,30,19,15,27,5,2019
Jet Airways,Banglore,Delhi,1,9134.0,1420,15,3,2019,8,0,7,40,16,3,2019
Jet Airways,Delhi,Cochin,2,13376.0,830,6,1,2019,14,35,4,25,6,2,2019
Air India,Banglore,Delhi,1,6955.0,770,21,3,2019,22,0,10,50,19,3,2019
Jet Airways,Kolkata,Banglore,1,10844.0,590,5,9,2019,8,25,18,15,5,9,2019
Air Asia,Kolkata,Banglore,0,3807.0,150,4,1,2019,19,55,22,25,4,1,2019
Jet Airways,Kolkata,Banglore,1,9663.0,1315,5,1,2019,14,5,12,0,5,2,2019
Jet Airways,Delhi,Cochin,1,12373.0,1570,5,9,2019,2,15,4,25,5,10,2019
SpiceJet,Banglore,Delhi,0,4991.0,175,5,1,2019,21,10,0,5,5,2,2019
Air India,Delhi,Cochin,1,6745.0,1215,21,3,2019,23,0,19,15,22,3,2019
Jet Airways,Delhi,Cochin,1,10262.0,1210,15,6,2019,22,50,19,0,16,6,2019
Jet Airways,Delhi,Cochin,1,6540.0,655,27,3,2019,17,30,4,25,28,3,2019
SpiceJet,Kolkata,Banglore,0,3873.0,150,4,6,2019,17,10,19,40,4,6,2019
Jet Airways,Delhi,Cochin,1,15554.0,1270,5,9,2019,21,50,19,0,5,10,2019
IndiGo,Kolkata,Banglore,0,4804.0,155,27,5,2019,20,20,22,55,27,5,2019
Jet Airways,Delhi,Cochin,1,7438.0,1240,27,3,2019,23,5,19,45,28,3,2019
Air Asia,Banglore,Delhi,0,6181.0,170,5,3,2019,4,55,7,45,5,3,2019
Multiple carriers,Delhi,Cochin,1,9424.0,390,5,1,2019,19,0,1,30,5,2,2019
Air India,Banglore,Delhi,2,12725.0,1800,3,12,2019,17,25,23,25,13,3,2019
Air India,Banglore,Delhi,1,6046.0,790,15,3,2019,8,15,21,25,15,3,2019
SpiceJet,Banglore,Delhi,0,3971.0,175,15,6,2019,21,10,0,5,16,6,2019
Jet Airways,Kolkata,Banglore,1,12692.0,1080,6,6,2019,20,25,14,25,6,7,2019
IndiGo,Delhi,Cochin,1,7451.0,480,3,6,2019,14,20,22,20,3,6,2019
Jet Airways,Banglore,Delhi,1,13817.0,525,3,12,2019,22,55,7,40,13,3,2019
Jet Airways,Kolkata,Banglore,1,10703.0,750,5,6,2019,9,35,22,5,5,6,2019
Jet Airways,Banglore,Delhi,1,13817.0,800,3,12,2019,21,25,10,45,13,3,2019
Jet Airways,Banglore,Delhi,1,27210.0,370,15,3,2019,22,55,5,5,13,3,2019
Jet Airways,Kolkata,Banglore,1,13941.0,450,18,5,2019,21,10,4,40,19,5,2019
Air India,Banglore,Delhi,1,10246.0,1155,3,1,2019,17,0,12,15,3,2,2019
IndiGo,Kolkata,Banglore,0,4804.0,155,5,6,2019,17,15,19,50,5,6,2019
Air Asia,Kolkata,Banglore,1,6810.0,720,6,6,2019,22,40,10,40,6,7,2019
Jet Airways,Banglore,Delhi,0,5198.0,180,5,1,2019,8,20,11,20,5,1,2019
Vistara,Banglore,Delhi,0,5613.0,170,5,3,2019,21,0,23,50,5,3,2019
IndiGo,Mumbai,Hyderabad,0,4784.0,85,3,3,2019,21,20,22,45,3,3,2019
Jet Airways,Delhi,Cochin,1,5406.0,1385,21,3,2019,19,45,18,50,22,3,2019
Air India,Banglore,Delhi,0,5228.0,170,27,4,2019,13,20,16,10,27,4,2019
Jet Airways,Delhi,Cochin,1,12898.0,1325,27,5,2019,20,55,19,0,28,5,2019
Air India,Chennai,Kolkata,0,4667.0,135,15,6,2019,11,40,13,55,15,6,2019
Jet Airways,Kolkata,Banglore,1,14781.0,345,21,5,2019,14,5,19,50,21,5,2019
Vistara,Banglore,Delhi,0,5403.0,170,21,4,2019,9,45,12,35,21,4,2019
Jet Airways,Kolkata,Banglore,1,9899.0,570,6,12,2019,14,5,23,35,6,12,2019
Jet Airways,Delhi,Cochin,2,13029.0,535,21,5,2019,19,30,4,25,22,5,2019
Vistara,Kolkata,Banglore,1,9187.0,1065,18,5,2019,17,0,10,45,19,5,2019
IndiGo,Banglore,Delhi,0,4823.0,170,24,5,2019,20,0,22,50,24,5,2019
Air India,Delhi,Cochin,2,8665.0,1305,27,3,2019,21,30,19,15,28,3,2019
IndiGo,Delhi,Cochin,1,14871.0,755,3,6,2019,8,25,21,0,3,6,2019
IndiGo,Mumbai,Hyderabad,0,4049.0,90,21,6,2019,6,25,7,55,21,6,2019
Air India,Chennai,Kolkata,0,4667.0,135,6,12,2019,11,40,13,55,6,12,2019
IndiGo,Kolkata,Banglore,1,4226.0,235,4,9,2019,19,55,23,50,4,9,2019
Air India,Banglore,Delhi,0,7591.0,165,3,3,2019,6,10,8,55,3,3,2019
Jet Airways,Banglore,Delhi,1,19225.0,450,3,6,2019,5,45,13,15,3,6,2019
Jet Airways,Delhi,Cochin,1,12898.0,1040,27,5,2019,19,15,12,35,28,5,2019
IndiGo,Mumbai,Hyderabad,0,2754.0,90,6,9,2019,12,0,13,30,6,9,2019
SpiceJet,Mumbai,Hyderabad,0,1965.0,90,5,3,2019,13,15,14,45,5,3,2019
Air India,Kolkata,Banglore,2,12835.0,1830,24,3,2019,16,45,23,15,25,3,2019
Jet Airways Business,Banglore,Delhi,1,52229.0,300,3,1,2019,5,45,10,45,3,1,2019
Multiple carriers,Delhi,Cochin,1,14533.0,675,15,5,2019,8,0,19,15,15,5,2019
Vistara,Banglore,Delhi,0,4668.0,170,24,6,2019,9,45,12,35,24,6,2019
Jet Airways,Delhi,Cochin,1,11822.0,1145,4,9,2019,17,30,12,35,4,10,2019
Jet Airways,Delhi,Cochin,1,6017.0,395,27,3,2019,21,50,4,25,28,3,2019
Jet Airways,Delhi,Cochin,1,14714.0,450,6,9,2019,11,30,19,0,6,9,2019
SpiceJet,Chennai,Kolkata,0,3597.0,135,6,9,2019,8,20,10,35,6,9,2019
Air Asia,Banglore,Delhi,0,3383.0,165,24,4,2019,11,10,13,55,24,4,2019
Air India,Kolkata,Banglore,2,11642.0,765,18,5,2019,16,50,5,35,19,5,2019
Vistara,Banglore,Delhi,0,5403.0,170,27,4,2019,21,0,23,50,27,4,2019
Air India,Delhi,Cochin,2,14221.0,1595,3,3,2019,16,40,19,15,3,4,2019
Jet Airways,Kolkata,Banglore,1,8586.0,775,18,5,2019,21,10,10,5,19,5,2019
IndiGo,Mumbai,Hyderabad,0,4049.0,90,6,12,2019,9,10,10,40,6,12,2019
Jet Airways,Delhi,Cochin,1,10262.0,520,6,3,2019,19,45,4,25,6,4,2019
Multiple carriers,Delhi,Cochin,1,7888.0,840,21,5,2019,7,0,21,0,21,5,2019
Air India,Delhi,Cochin,2,8236.0,1410,21,3,2019,19,45,19,15,22,3,2019
Air India,Delhi,Cochin,2,12961.0,1795,6,6,2019,13,20,19,15,6,7,2019
Jet Airways,Kolkata,Banglore,1,8586.0,1330,5,9,2019,6,30,4,40,5,10,2019
IndiGo,Kolkata,Banglore,1,5279.0,290,18,5,2019,8,10,13,0,18,5,2019
GoAir,Banglore,Delhi,0,3419.0,165,18,6,2019,20,55,23,40,18,6,2019
Jet Airways,Delhi,Cochin,2,13292.0,810,15,6,2019,5,30,19,0,15,6,2019
Jet Airways,Kolkata,Banglore,1,13067.0,800,15,5,2019,20,25,9,45,16,5,2019
IndiGo,Chennai,Kolkata,0,3597.0,140,5,3,2019,13,15,15,35,5,3,2019
Jet Airways,Delhi,Cochin,1,15554.0,715,18,5,2019,7,5,19,0,18,5,2019
IndiGo,Delhi,Cochin,1,6027.0,310,15,5,2019,17,5,22,15,15,5,2019
Jet Airways,Kolkata,Banglore,1,14781.0,705,5,9,2019,6,30,18,15,5,9,2019
Jet Airways,Delhi,Cochin,2,13376.0,830,6,1,2019,14,35,4,25,6,2,2019
IndiGo,Banglore,Delhi,0,3943.0,180,27,5,2019,21,15,0,15,28,5,2019
GoAir,Delhi,Cochin,1,5842.0,370,6,12,2019,7,25,13,35,6,12,2019
IndiGo,Chennai,Kolkata,0,4326.0,140,15,3,2019,5,15,7,35,15,3,2019
Multiple carriers,Delhi,Cochin,1,8937.0,645,6,1,2019,8,30,19,15,6,1,2019
Air India,Chennai,Kolkata,0,3670.0,135,21,3,2019,11,40,13,55,21,3,2019
IndiGo,Banglore,Delhi,0,4823.0,175,18,6,2019,18,25,21,20,18,6,2019
Jet Airways,Mumbai,Hyderabad,0,2071.0,90,4,3,2019,19,35,21,5,4,3,2019
Multiple carriers,Delhi,Cochin,1,6093.0,455,27,6,2019,14,55,22,30,27,6,2019
Vistara,Kolkata,Banglore,1,11682.0,1595,24,3,2019,20,20,22,55,25,3,2019
IndiGo,Banglore,Delhi,1,7774.0,285,3,3,2019,5,25,10,10,3,3,2019
Jet Airways,Kolkata,Banglore,1,13067.0,1285,5,12,2019,17,0,14,25,13,5,2019
IndiGo,Delhi,Cochin,1,7514.0,515,27,5,2019,7,35,16,10,27,5,2019
Multiple carriers,Delhi,Cochin,1,6838.0,510,4,9,2019,17,0,1,30,4,10,2019
IndiGo,Chennai,Kolkata,0,3858.0,135,18,3,2019,13,20,15,35,18,3,2019
Multiple carriers,Delhi,Cochin,1,6795.0,760,15,6,2019,12,50,1,30,16,6,2019
Jet Airways,Delhi,Cochin,2,16263.0,505,27,5,2019,20,0,4,25,28,5,2019
Air India,Kolkata,Banglore,1,8576.0,1540,5,9,2019,16,50,18,30,5,10,2019
Air India,Banglore,Delhi,0,5228.0,165,5,6,2019,10,0,12,45,5,6,2019
Jet Airways,Delhi,Cochin,2,16704.0,1760,5,1,2019,23,5,4,25,5,3,2019
IndiGo,Kolkata,Banglore,0,8872.0,160,24,3,2019,20,25,23,5,24,3,2019
GoAir,Banglore,Delhi,0,3898.0,170,5,3,2019,11,40,14,30,5,3,2019
SpiceJet,Chennai,Kolkata,0,3332.0,140,21,3,2019,17,45,20,5,21,3,2019
Jet Airways,Kolkata,Banglore,1,5608.0,435,21,5,2019,10,20,17,35,21,5,2019
Jet Airways,Kolkata,Banglore,1,13941.0,1215,5,9,2019,8,25,4,40,5,10,2019
Multiple carriers,Delhi,Cochin,1,9100.0,705,21,3,2019,7,30,19,15,21,3,2019
Vistara,Banglore,Delhi,0,4878.0,155,15,6,2019,17,0,19,35,15,6,2019
IndiGo,Delhi,Cochin,1,6416.0,810,6,1,2019,7,30,21,0,6,1,2019
SpiceJet,Mumbai,Hyderabad,0,2017.0,90,5,12,2019,5,45,7,15,5,12,2019
Jet Airways,Delhi,Cochin,2,10976.0,1475,27,3,2019,19,10,19,45,28,3,2019
Jet Airways,Kolkata,Banglore,1,10031.0,1235,24,3,2019,19,45,16,20,25,3,2019
IndiGo,Kolkata,Banglore,0,4462.0,170,18,3,2019,5,30,8,20,18,3,2019
IndiGo,Delhi,Cochin,1,5073.0,275,4,1,2019,7,35,12,10,4,1,2019
IndiGo,Chennai,Kolkata,0,4326.0,140,27,3,2019,5,15,7,35,27,3,2019
Multiple carriers Premium economy,Delhi,Cochin,1,10161.0,705,21,3,2019,7,30,19,15,21,3,2019
IndiGo,Mumbai,Hyderabad,0,3175.0,90,6,12,2019,16,55,18,25,6,12,2019
Vistara,Kolkata,Banglore,1,12312.0,770,24,3,2019,20,20,9,10,25,3,2019
Jet Airways,Delhi,Cochin,2,12604.0,1470,21,3,2019,18,20,18,50,22,3,2019
Multiple carriers,Delhi,Cochin,1,10877.0,690,15,6,2019,7,30,19,0,15,6,2019
IndiGo,Kolkata,Banglore,1,4226.0,240,18,5,2019,6,20,10,20,18,5,2019
Jet Airways,Delhi,Cochin,1,5406.0,660,4,6,2019,8,0,19,0,4,6,2019
IndiGo,Delhi,Cochin,1,8618.0,325,15,5,2019,2,0,7,25,15,5,2019
IndiGo,Kolkata,Banglore,0,4174.0,155,18,4,2019,17,15,19,50,18,4,2019
GoAir,Delhi,Cochin,1,10651.0,310,6,1,2019,14,25,19,35,6,1,2019
Jet Airways,Delhi,Cochin,1,5963.0,610,21,3,2019,18,15,4,25,22,3,2019
Jet Airways,Delhi,Cochin,2,10368.0,1615,6,12,2019,9,40,12,35,13,6,2019
IndiGo,Mumbai,Hyderabad,1,7681.0,435,3,6,2019,15,45,23,0,3,6,2019
Multiple carriers,Delhi,Cochin,1,7485.0,490,21,5,2019,12,50,21,0,21,5,2019
Jet Airways,Banglore,Delhi,0,4544.0,175,4,3,2019,15,15,18,10,4,3,2019
SpiceJet,Kolkata,Banglore,1,4649.0,315,15,4,2019,15,5,20,20,15,4,2019
Vistara,Chennai,Kolkata,0,11982.0,140,5,12,2019,17,45,20,5,5,12,2019
Jet Airways,Mumbai,Hyderabad,0,4995.0,85,24,6,2019,7,5,8,30,24,6,2019
IndiGo,Kolkata,Banglore,1,5069.0,290,5,9,2019,8,10,13,0,5,9,2019
SpiceJet,Kolkata,Banglore,0,3873.0,140,6,1,2019,22,20,0,40,6,2,2019
SpiceJet,Kolkata,Banglore,0,3873.0,140,27,4,2019,22,20,0,40,28,4,2019
Air India,Delhi,Cochin,1,8907.0,795,27,5,2019,9,45,23,0,27,5,2019
Jet Airways,Kolkata,Banglore,1,10844.0,1150,6,9,2019,21,10,16,20,6,10,2019
Jet Airways,Kolkata,Banglore,1,10844.0,1360,15,5,2019,21,10,19,50,16,5,2019
Jet Airways,Kolkata,Banglore,1,9663.0,890,5,6,2019,21,10,12,0,5,7,2019
Jet Airways,Delhi,Cochin,2,13292.0,910,6,1,2019,21,25,12,35,6,2,2019
Jet Airways,Delhi,Cochin,2,14441.0,425,6,12,2019,5,30,12,35,6,12,2019
Jet Airways,Mumbai,Hyderabad,0,4050.0,85,6,9,2019,2,55,4,20,6,9,2019
IndiGo,Banglore,Delhi,0,6144.0,175,3,9,2019,21,20,0,15,3,10,2019
IndiGo,Delhi,Cochin,1,14871.0,480,3,6,2019,7,30,15,30,3,6,2019
Air Asia,Banglore,Delhi,0,4483.0,165,18,4,2019,11,10,13,55,18,4,2019
IndiGo,Delhi,Cochin,1,6979.0,895,15,5,2019,10,35,1,30,16,5,2019
Jet Airways,Mumbai,Hyderabad,0,8040.0,90,27,6,2019,10,20,11,50,27,6,2019
IndiGo,Delhi,Cochin,1,7048.0,975,6,1,2019,9,15,1,30,6,2,2019
SpiceJet,Banglore,Delhi,0,3573.0,170,27,6,2019,9,30,12,20,27,6,2019
IndiGo,Delhi,Cochin,1,5054.0,300,27,5,2019,16,0,21,0,27,5,2019
Air India,Delhi,Cochin,1,8582.0,1335,6,1,2019,21,0,19,15,6,2,2019
Air Asia,Delhi,Cochin,1,8759.0,330,6,9,2019,7,55,13,25,6,9,2019
IndiGo,Delhi,Cochin,1,6442.0,515,27,4,2019,7,35,16,10,27,4,2019
Air India,Delhi,Cochin,1,8879.0,925,18,5,2019,3,50,19,15,18,5,2019
Jet Airways,Kolkata,Banglore,1,10031.0,1260,24,3,2019,21,10,18,10,25,3,2019
Jet Airways,Delhi,Cochin,2,10368.0,810,6,3,2019,5,30,19,0,6,3,2019
IndiGo,Banglore,Delhi,0,3943.0,170,24,6,2019,13,0,15,50,24,6,2019
IndiGo,Delhi,Cochin,1,14871.0,405,3,3,2019,4,45,11,30,3,3,2019
Jet Airways,Mumbai,Hyderabad,0,4995.0,90,18,6,2019,8,45,10,15,18,6,2019
Multiple carriers,Delhi,Cochin,1,10791.0,520,24,6,2019,10,20,19,0,24,6,2019
SpiceJet,Mumbai,Hyderabad,0,2753.0,90,6,3,2019,5,45,7,15,6,3,2019
IndiGo,Banglore,Delhi,0,4423.0,170,4,9,2019,10,10,13,0,4,9,2019
Air Asia,Kolkata,Banglore,0,4409.0,155,27,5,2019,10,20,12,55,27,5,2019
Air India,Kolkata,Banglore,1,6117.0,965,5,9,2019,19,0,11,5,5,10,2019
Jet Airways,Delhi,Cochin,2,15129.0,1430,21,5,2019,19,10,19,0,22,5,2019
Vistara,Kolkata,Banglore,1,9345.0,1625,6,6,2019,20,20,23,25,6,7,2019
Vistara,Kolkata,Banglore,1,8085.0,975,5,9,2019,7,10,23,25,5,9,2019
Jet Airways,Delhi,Cochin,1,15554.0,925,5,6,2019,13,0,4,25,5,7,2019
SpiceJet,Banglore,Delhi,0,3573.0,170,21,5,2019,9,30,12,20,21,5,2019
Multiple carriers,Delhi,Cochin,1,17073.0,515,3,3,2019,17,0,1,35,3,4,2019
Multiple carriers,Delhi,Cochin,1,6795.0,830,6,9,2019,11,40,1,30,6,10,2019
Vistara,Banglore,Delhi,0,5403.0,160,21,3,2019,7,0,9,40,21,3,2019
IndiGo,Chennai,Kolkata,0,3540.0,145,15,5,2019,5,15,7,40,15,5,2019
Vistara,Delhi,Cochin,0,6216.0,190,24,4,2019,14,40,17,50,24,4,2019
Jet Airways,Banglore,Delhi,0,3359.0,175,21,5,2019,15,50,18,45,21,5,2019
Jet Airways,Kolkata,Banglore,1,10844.0,1720,24,5,2019,18,55,23,35,25,5,2019
Air India,Banglore,Delhi,0,6961.0,170,15,6,2019,13,20,16,10,15,6,2019
Air Asia,Kolkata,Banglore,0,4107.0,155,4,3,2019,10,20,12,55,4,3,2019
Multiple carriers,Delhi,Cochin,1,13069.0,580,21,3,2019,9,10,18,50,21,3,2019
Jet Airways,Delhi,Cochin,2,13357.0,1000,24,6,2019,11,45,4,25,25,6,2019
IndiGo,Delhi,Cochin,1,6938.0,380,6,1,2019,16,10,22,30,6,1,2019
Jet Airways,Delhi,Cochin,2,13292.0,1620,27,6,2019,9,35,12,35,28,6,2019
Air India,Banglore,Delhi,2,26743.0,875,3,1,2019,8,50,23,25,3,1,2019
Multiple carriers,Delhi,Cochin,1,13568.0,730,21,3,2019,6,40,18,50,21,3,2019
Multiple carriers,Delhi,Cochin,1,15353.0,455,3,6,2019,11,40,19,15,3,6,2019
IndiGo,Chennai,Kolkata,0,3597.0,140,15,5,2019,14,45,17,5,15,5,2019
Jet Airways,Kolkata,Banglore,1,10031.0,1150,24,3,2019,21,10,16,20,25,3,2019
Air India,Kolkata,Banglore,2,14687.0,1200,5,9,2019,9,25,5,25,5,10,2019
Jet Airways,Banglore,Delhi,0,7229.0,180,6,6,2019,19,50,22,50,6,6,2019
GoAir,Delhi,Cochin,1,10188.0,310,5,9,2019,14,25,19,35,5,9,2019
Vistara,Banglore,Delhi,0,7398.0,160,3,9,2019,7,0,9,40,3,9,2019
Jet Airways,Delhi,Cochin,2,16704.0,1775,18,5,2019,13,25,19,0,19,5,2019
IndiGo,Banglore,Delhi,1,8153.0,295,3,1,2019,16,55,21,50,3,1,2019
Jet Airways,Banglore,Delhi,0,7229.0,180,4,9,2019,7,10,10,10,4,9,2019
Multiple carriers,Delhi,Cochin,1,6943.0,750,27,5,2019,13,0,1,30,28,5,2019
Multiple carriers,Delhi,Cochin,1,8937.0,755,6,1,2019,6,40,19,15,6,1,2019
Air India,Delhi,Cochin,2,9400.0,1580,3,3,2019,7,5,9,25,3,4,2019
Vistara,Kolkata,Banglore,1,13152.0,795,24,3,2019,7,10,20,25,24,3,2019
IndiGo,Banglore,Delhi,0,3419.0,170,6,1,2019,22,10,1,0,6,2,2019
Vistara,Kolkata,Banglore,1,7927.0,765,6,12,2019,20,20,9,5,13,6,2019
Air India,Banglore,Delhi,2,9796.0,980,15,3,2019,5,50,22,10,15,3,2019
Vistara,Banglore,Delhi,0,8028.0,160,3,3,2019,11,30,14,10,3,3,2019
Multiple carriers,Delhi,Cochin,2,10759.0,495,3,6,2019,13,5,21,20,3,6,2019
Multiple carriers,Delhi,Cochin,1,10197.0,720,21,5,2019,7,0,19,0,21,5,2019
Air India,Banglore,Delhi,0,5228.0,170,6,1,2019,21,5,23,55,6,1,2019
Multiple carriers,Delhi,Cochin,1,9275.0,660,18,5,2019,10,0,21,0,18,5,2019
IndiGo,Chennai,Kolkata,0,5277.0,140,3,3,2019,22,5,0,25,3,4,2019
Jet Airways,Delhi,Cochin,2,13848.0,830,18,5,2019,14,35,4,25,19,5,2019
IndiGo,Delhi,Cochin,1,6412.0,490,15,5,2019,14,20,22,30,15,5,2019
Jet Airways,Kolkata,Banglore,1,13941.0,730,18,5,2019,16,30,4,40,19,5,2019
Vistara,Banglore,Delhi,0,4668.0,160,5,6,2019,7,0,9,40,5,6,2019
IndiGo,Banglore,Delhi,0,3419.0,165,18,6,2019,1,30,4,15,18,6,2019
IndiGo,Banglore,Delhi,0,3943.0,170,4,6,2019,22,10,1,0,4,7,2019
Air India,Kolkata,Banglore,1,6528.0,1440,24,5,2019,14,35,14,35,25,5,2019
Jet Airways,Banglore,Delhi,0,7229.0,180,21,5,2019,17,45,20,45,21,5,2019
Multiple carriers,Delhi,Cochin,1,13542.0,755,21,3,2019,13,0,1,35,22,3,2019
Jet Airways,Kolkata,Banglore,1,8529.0,1550,6,12,2019,18,55,20,45,13,6,2019
Jet Airways,Banglore,Delhi,0,8016.0,175,21,6,2019,15,15,18,10,21,6,2019
Jet Airways,Delhi,Cochin,2,13029.0,1025,5,9,2019,19,30,12,35,5,10,2019
Jet Airways,Delhi,Cochin,2,15129.0,1760,5,9,2019,23,5,4,25,5,11,2019
Jet Airways,Delhi,Cochin,2,10368.0,535,6,9,2019,19,30,4,25,6,10,2019
Air India,Delhi,Cochin,0,8666.0,185,3,3,2019,18,5,21,10,3,3,2019
Jet Airways,Delhi,Cochin,1,15554.0,540,18,5,2019,10,0,19,0,18,5,2019
Jet Airways,Banglore,Delhi,1,26890.0,625,3,1,2019,5,45,16,10,3,1,2019
Jet Airways,Kolkata,Banglore,1,13067.0,1005,21,5,2019,17,0,9,45,22,5,2019
Jet Airways,Banglore,Delhi,0,4544.0,165,4,1,2019,6,0,8,45,4,1,2019
Vistara,Kolkata,Banglore,1,8452.0,1580,21,5,2019,20,20,22,40,22,5,2019
Multiple carriers,Delhi,Cochin,1,7268.0,795,27,6,2019,6,0,19,15,27,6,2019
Multiple carriers,Delhi,Cochin,1,9627.0,630,5,9,2019,8,30,19,0,5,9,2019
Multiple carriers,Delhi,Cochin,1,9103.0,455,5,9,2019,11,25,19,0,5,9,2019
Multiple carriers,Delhi,Cochin,1,11142.0,660,4,9,2019,8,0,19,0,4,9,2019
IndiGo,Kolkata,Banglore,0,4148.0,170,3,9,2019,5,30,8,20,3,9,2019
Jet Airways,Kolkata,Banglore,1,10844.0,1545,18,5,2019,16,30,18,15,19,5,2019
Multiple carriers,Delhi,Cochin,1,9646.0,385,6,6,2019,9,45,16,10,6,6,2019
IndiGo,Mumbai,Hyderabad,0,12475.0,85,3,1,2019,12,0,13,25,3,1,2019
Jet Airways,Delhi,Cochin,1,15554.0,1210,18,5,2019,22,50,19,0,19,5,2019
Jet Airways,Delhi,Cochin,1,10262.0,715,27,6,2019,7,5,19,0,27,6,2019
Air India,Banglore,Delhi,0,6961.0,170,6,12,2019,13,20,16,10,6,12,2019
Jet Airways,Delhi,Cochin,1,10262.0,300,15,6,2019,14,0,19,0,15,6,2019
Jet Airways,Delhi,Cochin,1,10262.0,1620,27,6,2019,16,0,19,0,28,6,2019
IndiGo,Banglore,Delhi,0,3943.0,170,5,9,2019,23,30,2,20,5,10,2019
Air India,Mumbai,Hyderabad,0,3625.0,75,24,5,2019,19,30,20,45,24,5,2019
Multiple carriers,Delhi,Cochin,1,13378.0,615,21,3,2019,9,0,19,15,21,3,2019
Jet Airways,Delhi,Cochin,2,13882.0,1490,15,6,2019,11,45,12,35,16,6,2019
IndiGo,Banglore,Delhi,0,3943.0,170,18,6,2019,5,30,8,20,18,6,2019
Air India,Kolkata,Banglore,2,14687.0,1200,15,5,2019,9,25,5,25,16,5,2019
Air Asia,Delhi,Cochin,1,6451.0,330,27,5,2019,7,55,13,25,27,5,2019
Vistara,Banglore,Delhi,0,4878.0,165,6,9,2019,19,30,22,15,6,9,2019
IndiGo,Delhi,Cochin,1,8542.0,415,5,9,2019,18,35,1,30,5,10,2019
IndiGo,Kolkata,Banglore,0,4804.0,165,24,5,2019,9,35,12,20,24,5,2019
IndiGo,Kolkata,Banglore,1,6711.0,315,6,6,2019,21,0,2,15,6,7,2019
Multiple carriers,Delhi,Cochin,1,16108.0,375,15,6,2019,13,0,19,15,15,6,2019
IndiGo,Banglore,Delhi,0,3943.0,170,6,6,2019,0,25,3,15,6,6,2019
Air India,Kolkata,Banglore,2,15422.0,1165,24,5,2019,10,0,5,25,25,5,2019
IndiGo,Banglore,Delhi,0,5694.0,175,24,3,2019,21,20,0,15,28,3,2019
Jet Airways,Kolkata,Banglore,1,12681.0,685,4,1,2019,8,25,19,50,4,1,2019
Jet Airways,Kolkata,Banglore,1,8586.0,845,5,1,2019,20,0,10,5,5,2,2019
IndiGo,Banglore,Delhi,0,6144.0,165,3,3,2019,0,40,3,25,3,3,2019
IndiGo,Delhi,Cochin,0,6015.0,195,27,4,2019,5,35,8,50,27,4,2019
Multiple carriers,Delhi,Cochin,1,7155.0,860,27,6,2019,4,55,19,15,27,6,2019
Jet Airways,Kolkata,Banglore,1,12692.0,750,6,12,2019,9,35,22,5,6,12,2019
Air India,Delhi,Cochin,1,8277.0,320,18,5,2019,17,40,23,0,18,5,2019
Air India,Delhi,Cochin,2,9347.0,1580,5,9,2019,7,5,9,25,5,10,2019
Air India,Delhi,Cochin,0,4939.0,185,15,3,2019,18,5,21,10,15,3,2019
Jet Airways,Mumbai,Hyderabad,0,5678.0,90,3,12,2019,19,40,21,10,3,12,2019
Jet Airways,Kolkata,Banglore,1,10844.0,425,6,6,2019,16,30,23,35,6,6,2019
Jet Airways,Banglore,Delhi,1,7280.0,370,21,3,2019,9,45,15,55,21,3,2019
Multiple carriers,Delhi,Cochin,1,7618.0,480,21,3,2019,13,0,21,0,21,3,2019
Multiple carriers,Delhi,Cochin,1,15147.0,725,3,6,2019,8,55,21,0,3,6,2019
Jet Airways,Kolkata,Banglore,1,13941.0,775,18,5,2019,21,10,10,5,19,5,2019
Jet Airways,Kolkata,Banglore,1,11467.0,575,4,1,2019,9,35,19,10,4,1,2019
Multiple carriers,Delhi,Cochin,1,6270.0,910,27,6,2019,10,20,1,30,28,6,2019
Multiple carriers,Delhi,Cochin,1,17057.0,700,3,3,2019,13,55,1,35,3,4,2019
Jet Airways,Banglore,Delhi,0,8016.0,175,6,3,2019,15,15,18,10,6,3,2019
SpiceJet,Delhi,Cochin,1,4760.0,270,27,6,2019,8,45,13,15,27,6,2019
SpiceJet,Kolkata,Banglore,0,3815.0,160,21,3,2019,6,55,9,35,21,3,2019
SpiceJet,Kolkata,Banglore,0,4174.0,150,5,1,2019,17,10,19,40,5,1,2019
Jet Airways,Kolkata,Banglore,1,12692.0,1450,6,6,2019,9,35,9,45,6,7,2019
Air India,Kolkata,Banglore,2,15532.0,1700,15,5,2019,9,25,13,45,16,5,2019
Jet Airways,Mumbai,Hyderabad,0,4995.0,85,6,6,2019,7,5,8,30,6,6,2019
Jet Airways,Delhi,Cochin,1,12898.0,610,27,5,2019,18,15,4,25,28,5,2019
Multiple carriers,Delhi,Cochin,1,9794.0,690,5,9,2019,7,30,19,0,5,9,2019
Air India,Banglore,Delhi,0,5228.0,170,15,5,2019,13,20,16,10,15,5,2019
Jet Airways,Delhi,Cochin,1,10262.0,825,27,6,2019,22,50,12,35,28,6,2019
Multiple carriers,Delhi,Cochin,1,9646.0,385,24,6,2019,9,45,16,10,24,6,2019
Jet Airways,Kolkata,Banglore,1,15149.0,775,15,5,2019,21,10,10,5,16,5,2019
IndiGo,Kolkata,Banglore,1,4205.0,265,6,9,2019,19,20,23,45,6,9,2019
Multiple carriers,Delhi,Cochin,1,15147.0,810,3,6,2019,7,30,21,0,3,6,2019
Jet Airways,Banglore,Delhi,1,13712.0,1445,3,6,2019,8,55,9,0,3,7,2019
Air India,Delhi,Cochin,1,12415.0,965,3,9,2019,17,20,9,25,3,10,2019
Air Asia,Kolkata,Banglore,2,5192.0,500,15,5,2019,15,10,23,30,15,5,2019
Air Asia,Kolkata,Banglore,1,5162.0,220,15,5,2019,6,50,10,30,15,5,2019
IndiGo,Delhi,Cochin,1,9027.0,570,3,3,2019,6,40,16,10,3,3,2019
Jet Airways,Kolkata,Banglore,1,11134.0,1695,24,3,2019,13,55,18,10,25,3,2019
Jet Airways,Kolkata,Banglore,1,10844.0,800,24,5,2019,20,0,9,20,25,5,2019
Vistara,Kolkata,Banglore,1,12890.0,1070,24,3,2019,17,0,10,50,25,3,2019
Jet Airways,Kolkata,Banglore,1,14571.0,1220,6,9,2019,20,0,16,20,6,10,2019
Jet Airways,Kolkata,Banglore,1,12121.0,1685,5,12,2019,17,0,21,5,13,5,2019
Jet Airways,Delhi,Cochin,1,12373.0,925,5,9,2019,13,0,4,25,5,10,2019
Air India,Banglore,Delhi,1,10972.0,725,3,9,2019,11,50,23,55,3,9,2019
Jet Airways,Delhi,Cochin,1,10262.0,620,6,1,2019,2,15,12,35,6,1,2019
Jet Airways,Delhi,Cochin,1,12898.0,745,27,5,2019,16,0,4,25,28,5,2019
IndiGo,Delhi,Cochin,1,6442.0,455,18,5,2019,8,35,16,10,18,5,2019
Vistara,Banglore,Delhi,0,5403.0,170,4,3,2019,9,45,12,35,4,3,2019
IndiGo,Delhi,Cochin,1,5703.0,275,21,4,2019,7,35,12,10,21,4,2019
Multiple carriers,Delhi,Cochin,1,9871.0,675,5,9,2019,8,0,19,15,5,9,2019
IndiGo,Kolkata,Banglore,0,4174.0,155,15,4,2019,15,30,18,5,15,4,2019
Air India,Delhi,Cochin,2,11972.0,1560,21,5,2019,17,15,19,15,22,5,2019
SpiceJet,Kolkata,Banglore,0,4174.0,145,18,4,2019,9,0,11,25,18,4,2019
IndiGo,Kolkata,Banglore,0,4804.0,155,21,5,2019,17,15,19,50,21,5,2019
Jet Airways,Kolkata,Banglore,1,12681.0,855,4,1,2019,6,30,20,45,4,1,2019
Air Asia,Kolkata,Banglore,0,4508.0,155,6,6,2019,10,20,12,55,6,6,2019
Jet Airways,Delhi,Cochin,1,10262.0,1325,6,3,2019,20,55,19,0,6,4,2019
Multiple carriers,Delhi,Cochin,1,16775.0,395,3,3,2019,19,0,1,35,3,4,2019
Multiple carriers,Delhi,Cochin,1,7198.0,510,6,12,2019,17,0,1,30,13,6,2019
Jet Airways,Delhi,Cochin,2,13014.0,1125,15,6,2019,9,40,4,25,16,6,2019
Air India,Kolkata,Banglore,3,10991.0,2115,5,12,2019,12,0,23,15,13,5,2019
Vistara,Chennai,Kolkata,0,3687.0,135,21,6,2019,7,5,9,20,21,6,2019
Air Asia,Kolkata,Banglore,0,5530.0,150,5,12,2019,19,55,22,25,5,12,2019
SpiceJet,Kolkata,Banglore,0,3815.0,140,27,3,2019,22,20,0,40,28,3,2019
Air India,Kolkata,Banglore,0,6535.0,150,3,1,2019,14,15,16,45,3,1,2019
Jet Airways,Delhi,Cochin,1,17234.0,455,3,3,2019,20,50,4,25,3,4,2019
Jet Airways,Delhi,Cochin,2,19907.0,2135,3,6,2019,16,50,4,25,3,8,2019
Air India,Delhi,Cochin,1,5022.0,1590,27,3,2019,20,30,23,0,28,3,2019
Multiple carriers,Delhi,Cochin,1,6305.0,690,27,3,2019,4,0,15,30,27,3,2019
Jet Airways,Delhi,Cochin,2,8728.0,1600,21,3,2019,16,10,18,50,22,3,2019
IndiGo,Banglore,Delhi,0,3943.0,180,6,1,2019,21,15,0,15,6,2,2019
IndiGo,Mumbai,Hyderabad,0,3175.0,90,18,3,2019,16,55,18,25,18,3,2019
Jet Airways,Banglore,Delhi,0,7229.0,175,24,3,2019,11,10,14,5,24,3,2019
Multiple carriers,Delhi,Cochin,2,8620.0,855,3,9,2019,7,5,21,20,3,9,2019
Air India,Banglore,Delhi,1,10657.0,1015,3,9,2019,5,50,22,45,3,9,2019
Jet Airways,Banglore,Delhi,1,7832.0,740,21,3,2019,8,0,20,20,21,3,2019
Jet Airways,Delhi,Cochin,2,11150.0,1775,27,6,2019,13,25,19,0,28,6,2019
Jet Airways,Banglore,Delhi,1,25735.0,1220,3,1,2019,22,50,19,10,3,2,2019
Jet Airways,Delhi,Cochin,2,16263.0,505,5,9,2019,20,0,4,25,5,10,2019
Multiple carriers,Delhi,Cochin,1,5797.0,830,24,6,2019,11,40,1,30,25,6,2019
Jet Airways,Delhi,Cochin,2,14237.0,600,6,6,2019,18,25,4,25,6,7,2019
Jet Airways,Delhi,Cochin,1,10262.0,1165,6,9,2019,9,0,4,25,6,10,2019
Jet Airways,Delhi,Cochin,1,10262.0,1680,6,9,2019,15,0,19,0,6,10,2019
IndiGo,Banglore,Delhi,0,3943.0,170,5,12,2019,4,0,6,50,5,12,2019
Jet Airways,Delhi,Cochin,1,12898.0,1040,21,5,2019,19,15,12,35,22,5,2019
IndiGo,Banglore,Delhi,0,3419.0,165,15,5,2019,1,30,4,15,15,5,2019
IndiGo,Banglore,Delhi,0,8033.0,175,15,3,2019,21,20,0,15,16,3,2019
Jet Airways,Banglore,Delhi,1,27992.0,805,3,1,2019,5,45,19,10,3,1,2019
Jet Airways,Kolkata,Banglore,1,13941.0,775,5,12,2019,21,10,10,5,13,5,2019
Jet Airways,Kolkata,Banglore,1,14388.0,585,21,5,2019,18,55,4,40,22,5,2019
Jet Airways,Kolkata,Banglore,1,10844.0,1285,5,12,2019,18,55,16,20,13,5,2019
IndiGo,Delhi,Cochin,1,11600.0,940,3,3,2019,6,40,22,20,3,3,2019
IndiGo,Chennai,Kolkata,0,5277.0,140,6,6,2019,22,5,0,25,6,7,2019
Jet Airways,Delhi,Cochin,1,10262.0,865,6,3,2019,14,0,4,25,6,4,2019
IndiGo,Banglore,Delhi,0,6144.0,170,3,3,2019,4,0,6,50,3,3,2019
Jet Airways,Delhi,Cochin,1,12898.0,395,6,3,2019,21,50,4,25,6,4,2019
Jet Airways,Kolkata,Banglore,1,13941.0,1330,5,12,2019,6,30,4,40,13,5,2019
Jet Airways,Delhi,Cochin,1,12373.0,865,18,5,2019,14,0,4,25,19,5,2019
SpiceJet,Kolkata,Banglore,0,3841.0,150,4,3,2019,17,10,19,40,4,3,2019
Air India,Kolkata,Banglore,2,10697.0,1415,18,5,2019,8,20,7,55,19,5,2019
Jet Airways,Banglore,Delhi,1,26890.0,785,3,1,2019,11,40,0,45,3,2,2019
SpiceJet,Mumbai,Hyderabad,0,2175.0,90,6,1,2019,13,15,14,45,6,1,2019
IndiGo,Delhi,Cochin,1,9476.0,305,27,5,2019,23,30,4,35,28,5,2019
Air India,Mumbai,Hyderabad,0,3100.0,80,24,5,2019,21,5,22,25,24,5,2019
Jet Airways,Delhi,Cochin,2,10368.0,1375,15,6,2019,5,30,4,25,16,6,2019
SpiceJet,Mumbai,Hyderabad,0,2017.0,90,18,5,2019,22,45,0,15,19,5,2019
SpiceJet,Kolkata,Banglore,0,3841.0,155,15,4,2019,6,55,9,30,15,4,2019
Air India,Delhi,Cochin,2,10493.0,2240,21,5,2019,5,55,19,15,22,5,2019
SpiceJet,Banglore,Delhi,0,5126.0,170,3,9,2019,5,45,8,35,3,9,2019
IndiGo,Banglore,Delhi,0,3943.0,170,18,6,2019,23,30,2,20,19,6,2019
Air India,Delhi,Cochin,2,11552.0,2170,3,6,2019,7,5,19,15,3,7,2019
Air India,Delhi,Cochin,1,7934.0,555,21,3,2019,10,0,19,15,21,3,2019
Air India,Mumbai,Hyderabad,0,6092.0,85,3,1,2019,15,0,16,25,3,1,2019
IndiGo,Delhi,Cochin,1,10112.0,305,6,12,2019,23,30,4,35,13,6,2019
Vistara,Chennai,Kolkata,0,6627.0,135,3,9,2019,7,5,9,20,3,9,2019
Jet Airways,Delhi,Cochin,2,11507.0,910,6,3,2019,21,25,12,35,6,4,2019
Jet Airways,Banglore,Delhi,1,26890.0,1555,3,1,2019,22,50,0,45,3,3,2019
Jet Airways,Banglore,Delhi,1,13817.0,340,3,12,2019,5,45,11,25,3,12,2019
Jet Airways,Kolkata,Banglore,1,13364.0,450,4,1,2019,21,10,4,40,4,2,2019
Vistara,Kolkata,Banglore,1,9187.0,1065,6,6,2019,17,0,10,45,6,7,2019
IndiGo,Chennai,Kolkata,0,5277.0,140,5,9,2019,22,5,0,25,5,10,2019
Air India,Banglore,Delhi,1,13492.0,495,3,12,2019,0,30,8,45,3,12,2019
Air Asia,Kolkata,Banglore,1,5162.0,220,6,12,2019,6,50,10,30,6,12,2019
GoAir,Delhi,Cochin,1,5897.0,355,6,9,2019,7,0,12,55,6,9,2019
Air India,Kolkata,Banglore,0,5510.0,150,6,3,2019,14,15,16,45,6,3,2019
Jet Airways,Banglore,Delhi,1,17261.0,1050,3,6,2019,16,55,10,25,3,7,2019
Multiple carriers,Delhi,Cochin,1,7485.0,830,21,5,2019,11,40,1,30,22,5,2019
Air India,Chennai,Kolkata,0,4667.0,135,21,6,2019,11,40,13,55,21,6,2019
Jet Airways,Kolkata,Banglore,1,14151.0,1295,15,5,2019,20,25,18,0,16,5,2019
IndiGo,Delhi,Cochin,1,7048.0,570,27,5,2019,16,0,1,30,28,5,2019
Jet Airways,Delhi,Cochin,1,12557.0,520,21,3,2019,19,45,4,25,22,3,2019
Multiple carriers,Delhi,Cochin,2,15965.0,625,15,6,2019,15,5,1,30,16,6,2019
Air India,Banglore,Delhi,2,11791.0,2105,3,3,2019,11,5,22,10,3,7,2019
Multiple carriers,Delhi,Cochin,2,8291.0,855,3,3,2019,7,5,21,20,3,3,2019
IndiGo,Banglore,Delhi,0,4990.0,180,21,4,2019,16,55,19,55,21,4,2019
Vistara,Kolkata,Banglore,1,9135.0,1550,5,12,2019,17,0,18,50,13,5,2019
Air Asia,Kolkata,Banglore,0,4409.0,150,4,12,2019,22,50,1,20,13,4,2019
Jet Airways,Kolkata,Banglore,1,10844.0,520,21,5,2019,20,0,4,40,22,5,2019
Multiple carriers,Delhi,Cochin,1,10407.0,600,27,5,2019,9,0,19,0,27,5,2019
Multiple carriers,Delhi,Cochin,1,9315.0,690,27,5,2019,7,30,19,0,27,5,2019
Jet Airways,Kolkata,Banglore,1,9663.0,450,24,5,2019,21,10,4,40,25,5,2019
IndiGo,Delhi,Cochin,1,9264.0,420,21,3,2019,18,35,1,35,22,3,2019
SpiceJet,Chennai,Kolkata,0,3597.0,135,15,5,2019,9,45,12,0,15,5,2019
IndiGo,Delhi,Cochin,1,6442.0,425,24,6,2019,5,5,12,10,24,6,2019
Multiple carriers,Delhi,Cochin,1,15078.0,480,5,9,2019,17,30,1,30,5,10,2019
IndiGo,Kolkata,Banglore,1,6218.0,325,5,1,2019,18,5,23,30,5,1,2019
Jet Airways,Delhi,Cochin,1,10262.0,1415,6,12,2019,13,0,12,35,13,6,2019
Multiple carriers,Delhi,Cochin,1,13677.0,395,3,9,2019,19,0,1,35,3,10,2019
Jet Airways,Banglore,Delhi,0,8016.0,180,24,6,2019,7,10,10,10,24,6,2019
Jet Airways,Delhi,Cochin,1,10262.0,1145,6,3,2019,17,30,12,35,6,4,2019
SpiceJet,Kolkata,Banglore,0,3873.0,155,27,6,2019,6,55,9,30,27,6,2019
SpiceJet,Delhi,Cochin,1,4812.0,270,27,6,2019,8,45,13,15,27,6,2019
SpiceJet,Mumbai,Hyderabad,0,2017.0,90,15,5,2019,22,45,0,15,16,5,2019
IndiGo,Kolkata,Banglore,0,4462.0,160,21,3,2019,20,25,23,5,21,3,2019
Air India,Delhi,Cochin,2,10231.0,1600,15,6,2019,5,0,7,40,16,6,2019
Air India,Banglore,Delhi,1,6383.0,745,21,3,2019,10,30,22,55,21,3,2019
Air India,Delhi,Cochin,2,11989.0,865,24,6,2019,17,15,7,40,25,6,2019
IndiGo,Banglore,Delhi,0,7303.0,170,24,3,2019,18,55,21,45,24,3,2019
Jet Airways,Banglore,Delhi,0,7229.0,185,21,4,2019,18,55,22,0,21,4,2019
Jet Airways,Mumbai,Hyderabad,0,4995.0,90,21,6,2019,8,45,10,15,21,6,2019
Multiple carriers,Delhi,Cochin,1,7408.0,480,15,6,2019,13,0,21,0,15,6,2019
Air India,Kolkata,Banglore,2,14960.0,1185,15,5,2019,16,45,12,30,16,5,2019
Air Asia,Banglore,Delhi,0,4482.0,165,24,3,2019,23,25,2,10,28,3,2019
IndiGo,Delhi,Cochin,1,6442.0,560,6,1,2019,6,50,16,10,6,1,2019
Jet Airways,Banglore,Delhi,0,6144.0,180,5,12,2019,8,20,11,20,5,12,2019
Jet Airways,Delhi,Cochin,2,15129.0,1615,27,5,2019,9,40,12,35,28,5,2019
Air India,Delhi,Cochin,2,10231.0,1275,21,5,2019,22,0,19,15,22,5,2019
IndiGo,Banglore,Delhi,0,4823.0,170,4,3,2019,20,0,22,50,4,3,2019
IndiGo,Banglore,Delhi,0,4823.0,170,6,9,2019,8,30,11,20,6,9,2019
Jet Airways,Delhi,Cochin,1,12898.0,1015,21,5,2019,11,30,4,25,22,5,2019
Jet Airways,Mumbai,Hyderabad,0,5678.0,90,5,1,2019,19,35,21,5,5,1,2019
Air India,Delhi,Cochin,2,14483.0,1545,3,9,2019,5,55,7,40,3,10,2019
Jet Airways,Mumbai,Hyderabad,0,2228.0,90,15,5,2019,19,35,21,5,15,5,2019
Multiple carriers,Delhi,Cochin,1,8018.0,555,15,6,2019,13,15,22,30,15,6,2019
Multiple carriers,Delhi,Cochin,1,15136.0,665,3,6,2019,9,55,21,0,3,6,2019
SpiceJet,Delhi,Cochin,1,5583.0,380,24,4,2019,15,45,22,5,24,4,2019
Air India,Delhi,Cochin,2,13381.0,1730,6,12,2019,14,25,19,15,13,6,2019
Air India,Banglore,Delhi,1,7932.0,1675,15,3,2019,6,55,10,50,16,3,2019
Jet Airways,Kolkata,Banglore,1,7757.0,735,5,9,2019,20,0,8,15,5,10,2019
Jet Airways,Delhi,Cochin,2,13029.0,1375,18,5,2019,5,30,4,25,19,5,2019
SpiceJet,Kolkata,Banglore,0,3841.0,155,6,9,2019,6,55,9,30,6,9,2019
Air India,Banglore,Delhi,0,10216.0,170,3,3,2019,13,20,16,10,3,3,2019
Air India,Mumbai,Hyderabad,0,3100.0,80,21,5,2019,21,5,22,25,21,5,2019
Air India,Delhi,Cochin,2,8245.0,1560,21,3,2019,17,15,19,15,22,3,2019
Air India,Banglore,Delhi,1,14594.0,525,3,1,2019,11,5,19,50,3,1,2019
Jet Airways,Delhi,Cochin,2,14237.0,1090,6,1,2019,18,25,12,35,6,2,2019
Air India,Kolkata,Banglore,2,13164.0,895,21,5,2019,8,20,23,15,21,5,2019
Jet Airways,Delhi,Cochin,1,14924.0,450,6,9,2019,20,55,4,25,6,10,2019
Jet Airways,Kolkata,Banglore,1,10844.0,1150,21,5,2019,21,10,16,20,22,5,2019
Jet Airways,Kolkata,Banglore,1,7064.0,435,5,6,2019,10,20,17,35,5,6,2019
Vistara,Kolkata,Banglore,1,9555.0,700,24,5,2019,7,10,18,50,24,5,2019
Multiple carriers,Delhi,Cochin,1,7155.0,520,24,6,2019,10,35,19,15,24,6,2019
Multiple carriers,Delhi,Cochin,1,12192.0,660,6,9,2019,8,0,19,0,6,9,2019
Air Asia,Delhi,Cochin,1,7353.0,865,18,5,2019,16,45,7,10,19,5,2019
IndiGo,Delhi,Cochin,1,5054.0,275,27,6,2019,7,35,12,10,27,6,2019
Multiple carriers,Delhi,Cochin,2,18485.0,460,15,6,2019,17,50,1,30,16,6,2019
Jet Airways,Kolkata,Banglore,1,10844.0,705,6,6,2019,6,30,18,15,6,6,2019
Jet Airways,Banglore,Delhi,0,6144.0,180,18,5,2019,8,20,11,20,18,5,2019
IndiGo,Mumbai,Hyderabad,0,2754.0,90,5,1,2019,19,5,20,35,5,1,2019
Multiple carriers,Delhi,Cochin,1,12327.0,630,27,3,2019,15,5,1,35,28,3,2019
SpiceJet,Kolkata,Banglore,0,3841.0,155,5,6,2019,6,55,9,30,5,6,2019
Jet Airways,Delhi,Cochin,1,12373.0,335,18,5,2019,22,50,4,25,19,5,2019
Air India,Delhi,Cochin,2,10231.0,1275,21,5,2019,22,0,19,15,22,5,2019
IndiGo,Delhi,Cochin,1,7318.0,705,21,5,2019,9,15,21,0,21,5,2019
Jet Airways,Banglore,Delhi,1,16736.0,1200,3,6,2019,11,40,7,40,3,7,2019
IndiGo,Delhi,Cochin,1,6195.0,345,6,9,2019,21,50,3,35,6,10,2019
SpiceJet,Mumbai,Hyderabad,0,2753.0,90,6,6,2019,5,45,7,15,6,6,2019
SpiceJet,Chennai,Kolkata,0,3807.0,155,24,3,2019,9,30,12,5,24,3,2019
Jet Airways,Delhi,Cochin,2,20064.0,2820,3,3,2019,5,25,4,25,3,5,2019
IndiGo,Delhi,Cochin,0,5406.0,195,21,6,2019,21,5,0,20,22,6,2019
Air India,Delhi,Cochin,2,10441.0,1275,6,1,2019,22,0,19,15,6,2,2019
Jet Airways,Kolkata,Banglore,1,8066.0,800,5,6,2019,20,25,9,45,5,7,2019
Air India,Banglore,Delhi,0,6961.0,165,27,6,2019,17,0,19,45,27,6,2019
Vistara,Delhi,Cochin,0,5586.0,175,21,3,2019,14,55,17,50,21,3,2019
Air India,Delhi,Cochin,1,7384.0,320,6,1,2019,17,40,23,0,6,1,2019
Jet Airways,Banglore,Delhi,1,20800.0,1280,3,1,2019,11,40,9,0,3,2,2019
Jet Airways,Kolkata,Banglore,1,13941.0,330,5,12,2019,6,30,12,0,5,12,2019
Jet Airways,Banglore,Delhi,0,5198.0,180,5,3,2019,8,20,11,20,5,3,2019
SpiceJet,Chennai,Kolkata,0,3807.0,155,18,3,2019,9,30,12,5,18,3,2019
Multiple carriers,Delhi,Cochin,1,13838.0,755,3,3,2019,9,45,22,20,3,3,2019
Air India,Delhi,Cochin,2,11185.0,1580,24,6,2019,7,5,9,25,25,6,2019
Jet Airways,Banglore,Delhi,0,7229.0,175,21,6,2019,15,15,18,10,21,6,2019
Jet Airways,Delhi,Cochin,1,10262.0,395,6,12,2019,21,50,4,25,13,6,2019
Air Asia,Kolkata,Banglore,0,4384.0,150,3,9,2019,19,35,22,5,3,9,2019
Jet Airways,Delhi,Cochin,2,12819.0,1390,27,6,2019,13,25,12,35,28,6,2019
Jet Airways,Kolkata,Banglore,1,7757.0,775,5,6,2019,21,10,10,5,5,7,2019
Air India,Delhi,Cochin,1,7174.0,1590,21,4,2019,20,30,23,0,22,4,2019
IndiGo,Delhi,Cochin,1,6674.0,635,6,1,2019,11,55,22,30,6,1,2019
IndiGo,Mumbai,Hyderabad,0,2227.0,95,18,5,2019,20,5,21,40,18,5,2019
Jet Airways,Delhi,Cochin,2,13014.0,1025,6,12,2019,19,30,12,35,13,6,2019
IndiGo,Mumbai,Hyderabad,0,3175.0,90,21,3,2019,16,55,18,25,21,3,2019
IndiGo,Kolkata,Banglore,0,6565.0,165,3,1,2019,9,35,12,20,3,1,2019
Jet Airways,Kolkata,Banglore,1,12681.0,1720,4,1,2019,18,55,23,35,4,2,2019
Vistara,Chennai,Kolkata,0,3687.0,135,6,1,2019,7,5,9,20,6,1,2019
Jet Airways,Mumbai,Hyderabad,0,3210.0,90,15,6,2019,19,35,21,5,15,6,2019
IndiGo,Kolkata,Banglore,0,4778.0,160,3,6,2019,20,25,23,5,3,6,2019
Multiple carriers,Delhi,Cochin,1,10877.0,455,6,3,2019,11,25,19,0,6,3,2019
Vistara,Kolkata,Banglore,1,9187.0,865,24,5,2019,20,20,10,45,25,5,2019
Air India,Banglore,Delhi,1,6850.0,1520,15,3,2019,22,0,23,20,16,3,2019
Jet Airways,Kolkata,Banglore,1,14781.0,590,5,12,2019,8,25,18,15,5,12,2019
Air India,Kolkata,Banglore,2,13227.0,970,5,6,2019,16,45,8,55,5,7,2019
Vistara,Banglore,Delhi,0,4668.0,160,5,9,2019,7,0,9,40,5,9,2019
Jet Airways,Kolkata,Banglore,1,14178.0,330,24,5,2019,6,30,12,0,24,5,2019
Jet Airways,Kolkata,Banglore,1,8066.0,1005,5,6,2019,17,0,9,45,5,7,2019
IndiGo,Banglore,Delhi,0,3943.0,170,5,6,2019,13,0,15,50,5,6,2019
Multiple carriers,Delhi,Cochin,1,11200.0,690,6,1,2019,7,30,19,0,6,1,2019
Jet Airways,Kolkata,Banglore,1,8586.0,585,18,5,2019,18,55,4,40,19,5,2019
Jet Airways,Kolkata,Banglore,1,13044.0,775,6,12,2019,21,10,10,5,13,6,2019
Multiple carriers,Delhi,Cochin,1,8099.0,600,6,3,2019,9,15,19,15,6,3,2019
Jet Airways,Delhi,Cochin,1,10262.0,655,15,6,2019,17,30,4,25,16,6,2019
Multiple carriers,Delhi,Cochin,2,18275.0,460,24,6,2019,17,50,1,30,25,6,2019
Multiple carriers,Delhi,Cochin,1,8475.0,900,27,5,2019,6,0,21,0,27,5,2019
SpiceJet,Kolkata,Banglore,0,3873.0,140,4,6,2019,22,20,0,40,4,7,2019
IndiGo,Mumbai,Hyderabad,0,2227.0,90,21,6,2019,21,20,22,50,21,6,2019
Jet Airways,Delhi,Cochin,2,16389.0,2300,3,6,2019,5,25,19,45,3,7,2019
Air India,Banglore,Delhi,0,5228.0,165,5,3,2019,6,10,8,55,5,3,2019
Air India,Banglore,Delhi,1,5092.0,1265,21,3,2019,11,50,8,55,19,3,2019
IndiGo,Banglore,Delhi,0,4777.0,175,3,9,2019,21,20,0,15,13,3,2019
Air Asia,Banglore,Delhi,0,3383.0,170,24,3,2019,5,50,8,40,24,3,2019
Vistara,Kolkata,Banglore,1,8452.0,1555,21,5,2019,7,10,9,5,22,5,2019
IndiGo,Banglore,Delhi,0,3943.0,170,27,5,2019,23,30,2,20,28,5,2019
Air India,Mumbai,Hyderabad,0,3100.0,80,24,6,2019,21,5,22,25,24,6,2019
IndiGo,Delhi,Cochin,1,14871.0,985,3,6,2019,9,10,1,35,3,7,2019
Jet Airways,Banglore,Delhi,0,8016.0,175,21,6,2019,11,10,14,5,21,6,2019
Multiple carriers,Delhi,Cochin,1,11789.0,780,6,12,2019,6,0,19,0,6,12,2019
Multiple carriers,Delhi,Cochin,1,10529.0,440,15,5,2019,11,40,19,0,15,5,2019
Air Asia,Banglore,Delhi,0,5615.0,170,15,3,2019,5,50,8,40,15,3,2019
SpiceJet,Kolkata,Banglore,1,4649.0,315,6,6,2019,15,5,20,20,6,6,2019
Air India,Kolkata,Banglore,2,12723.0,1045,6,9,2019,5,50,23,15,6,9,2019
Jet Airways,Kolkata,Banglore,1,10844.0,705,24,5,2019,6,30,18,15,24,5,2019
Jet Airways,Delhi,Cochin,1,14714.0,1325,6,3,2019,20,55,19,0,6,4,2019
Vistara,Delhi,Cochin,0,6216.0,190,6,12,2019,14,40,17,50,6,12,2019
IndiGo,Kolkata,Banglore,0,4148.0,165,15,3,2019,9,35,12,20,15,3,2019
IndiGo,Delhi,Cochin,1,5647.0,320,3,6,2019,6,40,12,0,3,6,2019
Jet Airways,Kolkata,Banglore,1,10844.0,590,15,5,2019,8,25,18,15,15,5,2019
IndiGo,Delhi,Cochin,1,6818.0,425,5,9,2019,5,5,12,10,5,9,2019
Air India,Delhi,Cochin,2,13643.0,1245,27,5,2019,10,55,7,40,28,5,2019
Multiple carriers,Delhi,Cochin,1,6358.0,840,27,3,2019,7,0,21,0,27,3,2019
Jet Airways,Delhi,Cochin,1,14714.0,360,6,1,2019,13,0,19,0,6,1,2019
SpiceJet,Delhi,Cochin,1,6460.0,270,21,4,2019,8,45,13,15,21,4,2019
Jet Airways,Kolkata,Banglore,1,9663.0,890,5,12,2019,21,10,12,0,13,5,2019
Jet Airways,Kolkata,Banglore,1,13941.0,1655,21,5,2019,6,30,10,5,22,5,2019
Jet Airways,Delhi,Cochin,1,5963.0,1440,27,3,2019,19,45,19,45,28,3,2019
Jet Airways,Delhi,Cochin,2,13014.0,1025,15,6,2019,19,30,12,35,16,6,2019
Jet Airways,Kolkata,Banglore,1,9663.0,1010,5,9,2019,16,30,9,20,5,10,2019
IndiGo,Banglore,Delhi,0,4423.0,170,4,6,2019,13,0,15,50,4,6,2019
Jet Airways,Delhi,Cochin,2,21219.0,440,5,6,2019,11,40,19,0,5,6,2019
IndiGo,Delhi,Cochin,1,7503.0,415,24,5,2019,18,35,1,30,25,5,2019
IndiGo,Kolkata,Banglore,0,4804.0,160,24,6,2019,21,25,0,5,25,6,2019
Jet Airways,Delhi,Cochin,2,15129.0,1615,5,9,2019,9,40,12,35,5,10,2019
Multiple carriers,Delhi,Cochin,2,6197.0,850,27,3,2019,7,10,21,20,27,3,2019
SpiceJet,Chennai,Kolkata,0,3597.0,140,27,5,2019,17,45,20,5,27,5,2019
Multiple carriers,Delhi,Cochin,1,9100.0,705,27,3,2019,7,30,19,15,27,3,2019
Jet Airways,Mumbai,Hyderabad,0,4050.0,85,6,1,2019,7,5,8,30,6,1,2019
Multiple carriers,Delhi,Cochin,1,7723.0,930,6,6,2019,10,0,1,30,6,7,2019
Jet Airways,Delhi,Cochin,2,15129.0,1195,5,9,2019,23,5,19,0,5,10,2019
Jet Airways,Delhi,Cochin,1,12373.0,660,18,5,2019,8,0,19,0,18,5,2019
IndiGo,Banglore,Delhi,0,4591.0,170,5,3,2019,23,30,2,20,5,4,2019
SpiceJet,Chennai,Kolkata,0,6300.0,135,3,9,2019,8,20,10,35,3,9,2019
Air India,Banglore,Delhi,0,5176.0,165,24,3,2019,17,0,19,45,24,3,2019
Multiple carriers,Delhi,Cochin,1,12717.0,600,15,6,2019,9,0,19,0,15,6,2019
Air India,Chennai,Kolkata,0,4405.0,135,18,3,2019,11,40,13,55,18,3,2019
SpiceJet,Delhi,Cochin,1,6749.0,380,21,4,2019,15,45,22,5,21,4,2019
Jet Airways,Kolkata,Banglore,1,7064.0,435,5,12,2019,10,20,17,35,5,12,2019
Jet Airways,Delhi,Cochin,1,16289.0,330,21,5,2019,7,5,12,35,21,5,2019
IndiGo,Chennai,Kolkata,0,6297.0,145,15,3,2019,11,35,14,0,15,3,2019
Jet Airways,Mumbai,Hyderabad,0,5678.0,90,5,12,2019,19,35,21,5,5,12,2019
Jet Airways,Kolkata,Banglore,1,14388.0,800,5,1,2019,20,0,9,20,5,2,2019
Jet Airways,Banglore,Delhi,0,7229.0,165,18,4,2019,6,0,8,45,18,4,2019
IndiGo,Kolkata,Banglore,1,9806.0,270,24,3,2019,11,55,16,25,24,3,2019
IndiGo,Delhi,Cochin,1,6195.0,345,6,6,2019,21,50,3,35,6,7,2019
Jet Airways,Kolkata,Banglore,1,13044.0,1400,6,12,2019,18,55,18,15,13,6,2019
Jet Airways,Delhi,Cochin,2,13882.0,1000,27,6,2019,11,45,4,25,28,6,2019
Jet Airways,Banglore,Delhi,1,8147.0,300,24,3,2019,5,45,10,45,24,3,2019
Air India,Delhi,Cochin,2,8052.0,865,4,9,2019,17,15,7,40,4,10,2019
Jet Airways,Kolkata,Banglore,1,14781.0,800,5,1,2019,6,30,19,50,5,1,2019
Jet Airways,Kolkata,Banglore,1,14151.0,750,24,5,2019,9,35,22,5,24,5,2019
IndiGo,Kolkata,Banglore,1,6704.0,325,18,5,2019,18,5,23,30,18,5,2019
Jet Airways,Kolkata,Banglore,1,9663.0,1655,5,1,2019,8,25,12,0,5,2,2019
IndiGo,Kolkata,Banglore,0,4462.0,155,18,3,2019,15,20,17,55,18,3,2019
Jet Airways,Delhi,Cochin,2,8367.0,1060,21,3,2019,10,45,4,25,22,3,2019
Jet Airways,Delhi,Cochin,2,13376.0,1300,6,9,2019,6,45,4,25,6,10,2019
Jet Airways,Kolkata,Banglore,1,13067.0,800,21,5,2019,20,25,9,45,22,5,2019
IndiGo,Kolkata,Banglore,0,5224.0,150,21,5,2019,14,25,16,55,21,5,2019
Multiple carriers,Delhi,Cochin,1,13542.0,575,21,3,2019,16,0,1,35,22,3,2019
GoAir,Banglore,Delhi,0,3419.0,175,24,5,2019,7,45,10,40,24,5,2019
Multiple carriers,Delhi,Cochin,2,10444.0,695,3,6,2019,9,45,21,20,3,6,2019
IndiGo,Kolkata,Banglore,0,4804.0,155,6,1,2019,9,35,12,10,6,1,2019
Jet Airways,Mumbai,Hyderabad,0,4995.0,85,21,5,2019,7,5,8,30,21,5,2019
SpiceJet,Delhi,Cochin,1,4957.0,295,27,4,2019,17,55,22,50,27,4,2019
Jet Airways,Delhi,Cochin,1,15554.0,450,5,9,2019,20,55,4,25,5,10,2019
Jet Airways,Kolkata,Banglore,1,9663.0,960,5,1,2019,20,0,12,0,5,2,2019
Jet Airways,Kolkata,Banglore,1,14151.0,1450,18,5,2019,9,35,9,45,19,5,2019
IndiGo,Delhi,Cochin,0,5601.0,195,6,6,2019,5,35,8,50,6,6,2019
Multiple carriers,Delhi,Cochin,1,7787.0,755,15,5,2019,6,40,19,15,15,5,2019
Air India,Banglore,Delhi,1,5092.0,725,21,3,2019,11,50,23,55,21,3,2019
Jet Airways,Kolkata,Banglore,1,10844.0,730,6,6,2019,21,10,9,20,6,7,2019
Multiple carriers,Delhi,Cochin,2,23583.0,465,3,9,2019,17,50,1,35,3,10,2019
Air India,Kolkata,Banglore,2,10676.0,1830,5,12,2019,12,0,18,30,13,5,2019
SpiceJet,Kolkata,Banglore,1,10156.0,435,6,6,2019,11,15,18,30,6,6,2019
Air Asia,Delhi,Cochin,1,8627.0,865,3,6,2019,16,45,7,10,3,7,2019
Air Asia,Kolkata,Banglore,0,4409.0,150,21,5,2019,9,45,12,15,21,5,2019
Multiple carriers,Delhi,Cochin,1,9646.0,385,18,5,2019,9,45,16,10,18,5,2019
Jet Airways,Banglore,Delhi,1,13817.0,900,3,12,2019,21,25,12,25,13,3,2019
Air India,Delhi,Cochin,2,13538.0,1100,5,9,2019,13,20,7,40,5,10,2019
Air India,Kolkata,Banglore,2,9416.0,1195,5,9,2019,12,0,7,55,5,10,2019
Jet Airways,Banglore,Delhi,0,7229.0,175,27,4,2019,11,10,14,5,27,4,2019
Air India,Kolkata,Banglore,1,10203.0,795,5,1,2019,10,0,23,15,5,1,2019
IndiGo,Delhi,Cochin,1,6778.0,525,21,5,2019,16,10,0,55,22,5,2019
IndiGo,Mumbai,Hyderabad,0,2754.0,90,15,6,2019,12,0,13,30,15,6,2019
Air India,Kolkata,Banglore,2,10991.0,875,5,1,2019,5,50,20,25,5,1,2019
Vistara,Banglore,Delhi,0,4668.0,170,27,5,2019,11,30,14,20,27,5,2019
SpiceJet,Delhi,Cochin,1,5726.0,270,6,3,2019,8,45,13,15,6,3,2019
Air India,Kolkata,Banglore,2,14960.0,805,6,12,2019,9,50,23,15,6,12,2019
Air India,Delhi,Cochin,1,7480.0,765,21,5,2019,20,40,9,25,22,5,2019
Air Asia,Kolkata,Banglore,0,4107.0,150,21,5,2019,19,55,22,25,21,5,2019
Jet Airways,Kolkata,Banglore,1,11467.0,1450,5,1,2019,9,35,9,45,5,2,2019
IndiGo,Delhi,Cochin,1,5796.0,325,27,4,2019,2,0,7,25,27,4,2019
Jet Airways,Delhi,Cochin,1,10262.0,1005,6,6,2019,2,15,19,0,6,6,2019
Air India,Delhi,Cochin,3,11543.0,1585,27,6,2019,5,15,7,40,28,6,2019
IndiGo,Delhi,Cochin,1,5298.0,320,24,4,2019,6,50,12,10,24,4,2019
Air Asia,Delhi,Cochin,1,6451.0,625,27,4,2019,20,45,7,10,28,4,2019
Air India,Kolkata,Banglore,0,6245.0,150,6,9,2019,14,15,16,45,6,9,2019
Jet Airways,Mumbai,Hyderabad,0,2071.0,90,27,3,2019,19,35,21,5,27,3,2019
IndiGo,Kolkata,Banglore,0,4804.0,165,15,5,2019,9,35,12,20,15,5,2019
Multiple carriers,Delhi,Cochin,1,7005.0,810,27,6,2019,7,30,21,0,27,6,2019
Jet Airways,Banglore,Delhi,1,12284.0,400,18,3,2019,5,45,12,25,18,3,2019
Air India,Kolkata,Banglore,1,10203.0,805,5,9,2019,7,0,20,25,5,9,2019
IndiGo,Delhi,Cochin,1,6938.0,490,27,5,2019,14,20,22,30,27,5,2019
Multiple carriers,Delhi,Cochin,1,13377.0,930,6,12,2019,10,0,1,30,13,6,2019
Multiple carriers,Delhi,Cochin,1,9779.0,600,6,1,2019,9,15,19,15,6,1,2019
Air India,Chennai,Kolkata,0,4667.0,135,15,5,2019,11,40,13,55,15,5,2019
Jet Airways,Banglore,Delhi,0,4544.0,180,4,3,2019,19,50,22,50,4,3,2019
Jet Airways,Delhi,Cochin,1,16079.0,395,27,6,2019,21,50,4,25,28,6,2019
Jet Airways,Kolkata,Banglore,1,7064.0,1640,4,1,2019,16,30,19,50,4,2,2019
Jet Airways,Delhi,Cochin,1,15554.0,300,18,5,2019,14,0,19,0,18,5,2019
SpiceJet,Chennai,Kolkata,0,3543.0,135,18,5,2019,9,45,12,0,18,5,2019
Air India,Banglore,Delhi,0,6121.0,170,18,4,2019,13,20,16,10,18,4,2019
IndiGo,Delhi,Cochin,1,8075.0,425,27,3,2019,8,25,15,30,27,3,2019
Multiple carriers,Delhi,Cochin,1,13377.0,840,6,3,2019,11,30,1,30,6,4,2019
Jet Airways,Kolkata,Banglore,1,14571.0,345,24,5,2019,14,5,19,50,24,5,2019
SpiceJet,Banglore,Delhi,0,3919.0,160,24,4,2019,5,55,8,35,24,4,2019
Jet Airways,Kolkata,Banglore,1,14231.0,590,24,3,2019,18,55,4,45,25,3,2019
IndiGo,Mumbai,Hyderabad,0,2754.0,85,15,3,2019,19,5,20,30,15,3,2019
Air India,Delhi,Cochin,1,8067.0,320,21,5,2019,17,40,23,0,21,5,2019
Vistara,Kolkata,Banglore,1,8452.0,930,5,6,2019,7,10,22,40,5,6,2019
Jet Airways,Banglore,Delhi,1,15025.0,1280,3,6,2019,14,5,11,25,3,7,2019
Jet Airways,Banglore,Delhi,1,26890.0,435,3,1,2019,8,55,16,10,3,1,2019
Jet Airways,Delhi,Cochin,1,15103.0,350,3,6,2019,13,0,18,50,3,6,2019
Jet Airways,Kolkata,Banglore,1,8586.0,875,24,5,2019,14,5,4,40,25,5,2019
Jet Airways,Kolkata,Banglore,1,10844.0,475,6,9,2019,8,25,16,20,6,9,2019
Jet Airways,Delhi,Cochin,1,12898.0,395,21,5,2019,21,50,4,25,22,5,2019
Jet Airways,Kolkata,Banglore,1,8586.0,1545,5,12,2019,6,30,8,15,13,5,2019
Multiple carriers,Delhi,Cochin,1,11622.0,630,6,9,2019,8,30,19,0,6,9,2019
Air India,Delhi,Cochin,2,13538.0,1855,5,6,2019,12,20,19,15,5,7,2019
Jet Airways,Delhi,Cochin,2,13014.0,1375,6,1,2019,5,30,4,25,6,2,2019
Jet Airways,Kolkata,Banglore,1,13941.0,910,5,9,2019,18,55,10,5,5,10,2019
Jet Airways,Kolkata,Banglore,1,14151.0,1520,18,5,2019,9,35,10,55,19,5,2019
Multiple carriers,Delhi,Cochin,1,13542.0,485,21,3,2019,17,30,1,35,22,3,2019
IndiGo,Delhi,Cochin,1,6558.0,940,21,3,2019,6,40,22,20,21,3,2019
Air Asia,Kolkata,Banglore,1,5192.0,710,18,5,2019,7,35,19,25,18,5,2019
Vistara,Banglore,Delhi,0,4878.0,160,6,1,2019,7,0,9,40,6,1,2019
Jet Airways,Delhi,Cochin,1,12898.0,1295,27,5,2019,15,0,12,35,28,5,2019
Air India,Delhi,Cochin,1,7384.0,320,6,9,2019,17,40,23,0,6,9,2019
GoAir,Banglore,Delhi,0,3898.0,175,5,3,2019,7,45,10,40,5,3,2019
Air Asia,Banglore,Delhi,0,3383.0,170,5,6,2019,23,55,2,45,5,7,2019
IndiGo,Delhi,Cochin,1,6093.0,860,24,6,2019,6,40,21,0,24,6,2019
Multiple carriers,Delhi,Cochin,1,12192.0,660,6,12,2019,8,0,19,0,6,12,2019
Multiple carriers,Delhi,Cochin,1,6795.0,760,6,12,2019,12,50,1,30,13,6,2019
Jet Airways,Banglore,Delhi,1,11455.0,1480,18,3,2019,7,0,7,40,16,3,2019
IndiGo,Chennai,Kolkata,0,3540.0,165,6,1,2019,15,40,18,25,6,1,2019
Multiple carriers,Delhi,Cochin,1,15898.0,615,27,5,2019,9,0,19,15,27,5,2019
Multiple carriers,Delhi,Cochin,1,9718.0,660,6,3,2019,10,0,21,0,6,3,2019
GoAir,Kolkata,Banglore,1,7831.0,455,15,5,2019,16,40,0,15,16,5,2019
IndiGo,Delhi,Cochin,1,6416.0,750,6,3,2019,8,30,21,0,6,3,2019
Vistara,Chennai,Kolkata,0,3739.0,135,27,3,2019,7,5,9,20,27,3,2019
Vistara,Kolkata,Banglore,1,8085.0,975,5,6,2019,7,10,23,25,5,6,2019
IndiGo,Banglore,Delhi,0,4823.0,180,5,3,2019,16,55,19,55,5,3,2019
Jet Airways,Delhi,Cochin,2,13376.0,1320,6,9,2019,14,35,12,35,6,10,2019
Vistara,Kolkata,Banglore,1,8452.0,865,15,5,2019,20,20,10,45,16,5,2019
Jet Airways,Kolkata,Banglore,1,10844.0,1595,6,6,2019,20,0,22,35,6,7,2019
Vistara,Delhi,Cochin,0,4851.0,190,27,3,2019,6,0,9,10,27,3,2019
Multiple carriers,Delhi,Cochin,1,6795.0,390,15,6,2019,19,0,1,30,16,6,2019
IndiGo,Banglore,Delhi,0,4823.0,170,18,5,2019,8,30,11,20,18,5,2019
Jet Airways,Delhi,Cochin,1,10577.0,450,6,9,2019,20,55,4,25,6,10,2019
Jet Airways,Delhi,Cochin,1,12032.0,1375,27,3,2019,20,50,19,45,28,3,2019
Air Asia,Delhi,Cochin,1,9330.0,330,6,1,2019,7,55,13,25,6,1,2019
Vistara,Kolkata,Banglore,1,8977.0,355,4,1,2019,17,0,22,55,4,1,2019
Multiple carriers,Delhi,Cochin,1,7005.0,490,6,1,2019,12,50,21,0,6,1,2019
Jet Airways,Kolkata,Banglore,1,10844.0,400,18,5,2019,14,5,20,45,18,5,2019
Multiple carriers,Delhi,Cochin,1,12192.0,525,24,6,2019,3,50,12,35,24,6,2019
Air India,Banglore,Delhi,0,4441.0,165,24,3,2019,10,0,12,45,24,3,2019
Multiple carriers,Delhi,Cochin,1,7575.0,520,5,9,2019,10,35,19,15,5,9,2019
IndiGo,Kolkata,Banglore,0,4804.0,155,21,6,2019,4,40,7,15,21,6,2019
SpiceJet,Chennai,Kolkata,0,3597.0,135,6,6,2019,9,45,12,0,6,6,2019
Air India,Kolkata,Banglore,1,10413.0,1615,6,6,2019,17,30,20,25,6,7,2019
Jet Airways,Banglore,Delhi,0,8016.0,165,6,9,2019,6,0,8,45,6,9,2019
Jet Airways,Kolkata,Banglore,1,10844.0,960,6,9,2019,20,0,12,0,6,10,2019
Jet Airways,Kolkata,Banglore,1,9663.0,1010,5,12,2019,16,30,9,20,13,5,2019
IndiGo,Delhi,Cochin,1,6069.0,305,18,5,2019,20,25,1,30,19,5,2019
IndiGo,Delhi,Cochin,1,6442.0,635,27,5,2019,11,55,22,30,27,5,2019
Multiple carriers,Delhi,Cochin,1,13587.0,720,6,1,2019,9,0,21,0,6,1,2019
Air India,Mumbai,Hyderabad,0,3100.0,75,5,9,2019,19,30,20,45,5,9,2019
Jet Airways,Kolkata,Banglore,1,14781.0,705,21,5,2019,6,30,18,15,21,5,2019
Jet Airways,Delhi,Cochin,1,12898.0,1270,21,5,2019,21,50,19,0,22,5,2019
IndiGo,Kolkata,Banglore,0,4804.0,150,18,6,2019,14,25,16,55,18,6,2019
SpiceJet,Kolkata,Banglore,0,4174.0,145,15,4,2019,9,0,11,25,15,4,2019
IndiGo,Banglore,Delhi,0,4591.0,170,24,5,2019,23,30,2,20,25,5,2019
Jet Airways,Kolkata,Banglore,1,9663.0,1640,5,6,2019,16,30,19,50,5,7,2019
Multiple carriers,Delhi,Cochin,1,8266.0,630,15,5,2019,8,45,19,15,15,5,2019
IndiGo,Banglore,Delhi,0,4823.0,175,5,6,2019,7,10,10,5,5,6,2019
Air India,Delhi,Cochin,0,6094.0,185,21,5,2019,18,5,21,10,21,5,2019
Jet Airways,Kolkata,Banglore,1,14178.0,450,24,5,2019,21,10,4,40,25,5,2019
Jet Airways,Delhi,Cochin,2,13376.0,1790,6,9,2019,6,45,12,35,6,10,2019
Air India,Mumbai,Hyderabad,0,2575.0,80,24,3,2019,21,5,22,25,24,3,2019
Vistara,Mumbai,Hyderabad,1,12395.0,745,3,6,2019,7,30,19,55,3,6,2019
IndiGo,Delhi,Cochin,1,10351.0,710,27,3,2019,9,10,21,0,27,3,2019
Air Asia,Kolkata,Banglore,1,5192.0,955,21,5,2019,7,35,23,30,21,5,2019
Multiple carriers,Delhi,Cochin,1,7670.0,490,15,5,2019,12,50,21,0,15,5,2019
Air India,Banglore,Delhi,2,11161.0,2105,18,3,2019,11,5,22,10,16,3,2019
Jet Airways,Kolkata,Banglore,1,14151.0,1295,24,5,2019,20,25,18,0,25,5,2019
IndiGo,Kolkata,Banglore,1,4775.0,290,5,6,2019,15,15,20,5,5,6,2019
Air India,Delhi,Cochin,2,12865.0,1220,3,6,2019,13,5,9,25,3,7,2019
Air India,Mumbai,Hyderabad,0,5462.0,75,3,6,2019,19,30,20,45,3,6,2019
SpiceJet,Delhi,Cochin,1,8382.0,310,3,9,2019,6,10,11,20,3,9,2019
Jet Airways,Banglore,Delhi,0,4544.0,180,24,4,2019,17,45,20,45,24,4,2019
Jet Airways,Banglore,Delhi,0,4544.0,175,4,1,2019,15,15,18,10,4,1,2019
Jet Airways,Kolkata,Banglore,1,14781.0,425,18,5,2019,16,30,23,35,18,5,2019
SpiceJet,Delhi,Cochin,1,5158.0,270,27,5,2019,8,45,13,15,27,5,2019
Jet Airways,Mumbai,Hyderabad,0,5678.0,90,21,3,2019,15,50,17,20,21,3,2019
Jet Airways,Delhi,Cochin,2,18804.0,440,6,9,2019,11,40,19,0,6,9,2019
IndiGo,Mumbai,Hyderabad,0,4049.0,90,6,3,2019,9,10,10,40,6,3,2019
IndiGo,Kolkata,Banglore,0,6565.0,165,24,3,2019,10,10,12,55,24,3,2019
Jet Airways,Delhi,Cochin,1,12373.0,1100,18,5,2019,18,15,12,35,19,5,2019
Air India,Banglore,Delhi,0,4441.0,165,18,3,2019,17,0,19,45,18,3,2019
SpiceJet,Chennai,Kolkata,0,3597.0,140,18,5,2019,17,45,20,5,18,5,2019
Jet Airways,Mumbai,Hyderabad,0,5678.0,90,18,6,2019,19,35,21,5,18,6,2019
Air India,Delhi,Cochin,2,10660.0,1420,3,9,2019,9,45,9,25,3,10,2019
Jet Airways,Banglore,Delhi,0,4544.0,165,21,4,2019,6,0,8,45,21,4,2019
IndiGo,Banglore,Delhi,0,4823.0,170,24,5,2019,8,30,11,20,24,5,2019
Air India,Kolkata,Banglore,2,14214.0,525,5,9,2019,14,30,23,15,5,9,2019
Jet Airways,Kolkata,Banglore,1,14781.0,475,5,1,2019,8,25,16,20,5,1,2019
Multiple carriers,Delhi,Cochin,1,23533.0,395,3,1,2019,19,0,1,35,3,2,2019
Jet Airways,Delhi,Cochin,1,14053.0,1415,3,9,2019,19,15,18,50,3,10,2019
Jet Airways,Delhi,Cochin,1,10262.0,1270,27,6,2019,21,50,19,0,28,6,2019
IndiGo,Banglore,Delhi,0,4823.0,170,21,6,2019,20,0,22,50,21,6,2019
Air India,Delhi,Cochin,1,8361.0,875,18,5,2019,17,40,8,15,19,5,2019
Air India,Delhi,Cochin,2,10493.0,2240,6,9,2019,5,55,19,15,6,10,2019
Multiple carriers,Delhi,Cochin,1,17057.0,375,3,3,2019,7,5,13,20,3,3,2019
Air India,Delhi,Cochin,2,12392.0,1560,18,5,2019,17,15,19,15,19,5,2019
IndiGo,Delhi,Cochin,1,5883.0,845,6,12,2019,11,25,1,30,13,6,2019
Jet Airways,Delhi,Cochin,1,12898.0,450,21,5,2019,11,30,19,0,21,5,2019
Jet Airways,Delhi,Cochin,1,16079.0,1005,21,5,2019,2,15,19,0,21,5,2019
Multiple carriers,Delhi,Cochin,1,10678.0,460,6,12,2019,4,55,12,35,6,12,2019
Air India,Banglore,Delhi,2,20999.0,1705,3,1,2019,6,45,11,10,3,2,2019
IndiGo,Banglore,Delhi,1,6575.0,300,21,3,2019,19,35,0,35,19,3,2019
Jet Airways,Delhi,Cochin,2,15129.0,535,21,5,2019,19,30,4,25,22,5,2019
Jet Airways,Kolkata,Banglore,1,10844.0,1400,6,6,2019,18,55,18,15,6,7,2019
Air India,Banglore,Delhi,1,11654.0,855,3,3,2019,9,30,23,45,3,3,2019
IndiGo,Kolkata,Banglore,1,5069.0,290,4,1,2019,8,10,13,0,4,1,2019
Air India,Banglore,Delhi,0,5176.0,165,4,1,2019,6,10,8,55,4,1,2019
Jet Airways,Delhi,Cochin,2,13292.0,1375,6,9,2019,5,30,4,25,6,10,2019
IndiGo,Delhi,Cochin,1,6386.0,345,6,6,2019,2,0,7,45,6,6,2019
Jet Airways,Delhi,Cochin,2,15129.0,1775,21,5,2019,13,25,19,0,22,5,2019
Air India,Kolkata,Banglore,0,4435.0,155,3,6,2019,20,45,23,20,3,6,2019
IndiGo,Banglore,Delhi,0,4591.0,170,18,5,2019,23,30,2,20,19,5,2019
Jet Airways,Banglore,Delhi,1,7832.0,1035,21,3,2019,5,45,23,0,21,3,2019
IndiGo,Kolkata,Banglore,0,4174.0,155,4,12,2019,4,40,7,15,4,12,2019
Multiple carriers,Delhi,Cochin,1,6148.0,510,27,3,2019,7,0,15,30,27,3,2019
Multiple carriers,Delhi,Cochin,1,9149.0,600,27,5,2019,9,15,19,15,27,5,2019
Multiple carriers,Delhi,Cochin,2,6128.0,495,27,3,2019,13,5,21,20,27,3,2019
IndiGo,Delhi,Cochin,1,6412.0,370,27,3,2019,16,10,22,20,27,3,2019
Multiple carriers,Delhi,Cochin,1,8073.0,780,18,5,2019,8,0,21,0,18,5,2019
Jet Airways,Delhi,Cochin,0,4256.0,195,24,6,2019,11,0,14,15,24,6,2019
Air India,Kolkata,Banglore,2,14634.0,1165,5,12,2019,10,0,5,25,13,5,2019
Multiple carriers,Delhi,Cochin,1,14067.0,480,21,5,2019,13,0,21,0,21,5,2019
IndiGo,Kolkata,Banglore,0,4804.0,155,5,6,2019,15,30,18,5,5,6,2019
SpiceJet,Kolkata,Banglore,0,4911.0,150,21,4,2019,17,10,19,40,21,4,2019
IndiGo,Delhi,Cochin,1,6412.0,380,6,9,2019,16,10,22,30,6,9,2019
SpiceJet,Chennai,Kolkata,0,3543.0,135,15,6,2019,8,20,10,35,15,6,2019
IndiGo,Chennai,Kolkata,0,3858.0,145,6,6,2019,11,35,14,0,6,6,2019
Air India,Kolkata,Banglore,2,9941.0,1195,15,5,2019,12,0,7,55,16,5,2019
Jet Airways,Banglore,Delhi,0,7229.0,180,4,9,2019,8,20,11,20,4,9,2019
GoAir,Banglore,Delhi,1,8352.0,270,3,3,2019,15,45,20,15,3,3,2019
Jet Airways,Kolkata,Banglore,1,14151.0,750,5,12,2019,9,35,22,5,5,12,2019
Multiple carriers,Delhi,Cochin,1,6795.0,465,6,6,2019,17,45,1,30,6,7,2019
IndiGo,Kolkata,Banglore,0,4804.0,155,5,3,2019,20,20,22,55,5,3,2019
Air India,Delhi,Cochin,1,6587.0,1535,6,6,2019,5,15,6,50,6,7,2019
GoAir,Delhi,Cochin,1,4106.0,370,4,3,2019,7,25,13,35,4,3,2019
Air India,Kolkata,Banglore,0,5510.0,150,18,4,2019,14,15,16,45,18,4,2019
Jet Airways,Delhi,Cochin,2,15129.0,560,5,9,2019,9,40,19,0,5,9,2019
Jet Airways,Delhi,Cochin,2,13029.0,1125,5,9,2019,9,40,4,25,5,10,2019
IndiGo,Delhi,Cochin,1,6582.0,315,15,6,2019,7,15,12,30,15,6,2019
Multiple carriers,Delhi,Cochin,1,5797.0,465,27,6,2019,17,45,1,30,28,6,2019
Jet Airways,Kolkata,Banglore,1,12692.0,870,6,12,2019,20,25,10,55,13,6,2019
SpiceJet,Chennai,Kolkata,0,3332.0,135,27,3,2019,8,20,10,35,27,3,2019
Air India,Kolkata,Banglore,2,10151.0,1195,6,9,2019,12,0,7,55,6,10,2019
IndiGo,Delhi,Cochin,1,5046.0,325,4,6,2019,2,0,7,25,4,6,2019
Air India,Delhi,Cochin,1,8907.0,1010,15,6,2019,6,10,23,0,15,6,2019
Air India,Banglore,Delhi,0,5228.0,170,5,6,2019,21,5,23,55,5,6,2019
IndiGo,Delhi,Cochin,1,13753.0,275,3,3,2019,5,35,10,10,3,3,2019
Jet Airways,Banglore,Delhi,1,11087.0,745,3,9,2019,8,55,21,20,3,9,2019
Jet Airways,Kolkata,Banglore,1,14781.0,570,18,5,2019,14,5,23,35,18,5,2019
IndiGo,Kolkata,Banglore,0,5224.0,155,5,6,2019,11,30,14,5,5,6,2019
Jet Airways,Banglore,Delhi,0,3702.0,175,5,6,2019,15,15,18,10,5,6,2019
IndiGo,Mumbai,Hyderabad,0,2754.0,85,18,3,2019,19,5,20,30,18,3,2019
Air Asia,Banglore,Delhi,0,3383.0,165,24,5,2019,11,10,13,55,24,5,2019
Air India,Banglore,Delhi,0,5228.0,170,15,4,2019,13,20,16,10,15,4,2019
IndiGo,Delhi,Cochin,1,5054.0,305,27,5,2019,20,25,1,30,28,5,2019
Jet Airways,Banglore,Delhi,1,13555.0,615,18,3,2019,8,55,19,10,18,3,2019
Multiple carriers,Delhi,Cochin,1,7408.0,510,6,1,2019,17,0,1,30,6,2,2019
IndiGo,Kolkata,Banglore,0,5224.0,150,24,5,2019,14,25,16,55,24,5,2019
IndiGo,Banglore,Delhi,1,9694.0,295,3,1,2019,12,10,17,5,3,1,2019
IndiGo,Delhi,Cochin,1,7318.0,505,21,3,2019,17,10,1,35,22,3,2019
IndiGo,Delhi,Cochin,1,5054.0,275,21,5,2019,7,35,12,10,21,5,2019
Jet Airways,Banglore,Delhi,0,4030.0,185,5,1,2019,18,55,22,0,5,1,2019
Jet Airways,Banglore,Delhi,1,16736.0,625,3,6,2019,8,0,18,25,3,6,2019
Air India,Mumbai,Hyderabad,0,2050.0,75,18,3,2019,19,30,20,45,18,3,2019
Air India,Mumbai,Hyderabad,2,9977.0,795,3,12,2019,1,35,14,50,3,12,2019
Jet Airways,Delhi,Cochin,2,10368.0,1375,6,6,2019,5,30,4,25,6,7,2019
IndiGo,Delhi,Cochin,1,6755.0,355,3,9,2019,7,45,13,40,3,9,2019
Jet Airways,Banglore,Delhi,0,3502.0,175,15,5,2019,15,15,18,10,15,5,2019
Air India,Banglore,Delhi,0,6961.0,165,24,6,2019,10,0,12,45,24,6,2019
Jet Airways,Banglore,Delhi,0,4544.0,175,4,9,2019,15,50,18,45,4,9,2019
SpiceJet,Kolkata,Banglore,0,3841.0,150,18,5,2019,14,55,17,25,18,5,2019
Jet Airways,Mumbai,Hyderabad,2,24115.0,1590,3,6,2019,14,20,16,50,3,7,2019
Vistara,Kolkata,Banglore,1,9502.0,1555,24,5,2019,7,10,9,5,25,5,2019
Air India,Mumbai,Hyderabad,0,3100.0,80,4,1,2019,6,20,7,40,4,1,2019
SpiceJet,Banglore,Delhi,0,4319.0,160,15,4,2019,5,55,8,35,15,4,2019
IndiGo,Mumbai,Hyderabad,0,2227.0,95,5,1,2019,20,5,21,40,5,1,2019
SpiceJet,Kolkata,Banglore,0,5831.0,140,24,3,2019,22,20,0,40,25,3,2019
IndiGo,Kolkata,Banglore,0,4804.0,160,6,9,2019,21,25,0,5,6,10,2019
IndiGo,Delhi,Cochin,1,5458.0,275,6,6,2019,7,35,12,10,6,6,2019
Jet Airways,Banglore,Delhi,0,7229.0,185,6,9,2019,18,55,22,0,6,9,2019
Jet Airways,Kolkata,Banglore,1,14571.0,910,6,6,2019,18,55,10,5,6,7,2019
SpiceJet,Banglore,Delhi,0,3919.0,175,6,9,2019,21,10,0,5,6,10,2019
Multiple carriers,Delhi,Cochin,1,6916.0,545,3,9,2019,7,5,16,10,3,9,2019
Jet Airways,Delhi,Cochin,1,6960.0,925,27,3,2019,13,0,4,25,28,3,2019
Jet Airways,Banglore,Delhi,1,16757.0,280,3,6,2019,9,45,14,25,3,6,2019
IndiGo,Delhi,Cochin,1,14871.0,575,3,6,2019,16,0,1,35,3,7,2019
IndiGo,Delhi,Cochin,1,5054.0,275,6,12,2019,7,35,12,10,6,12,2019
Air India,Delhi,Cochin,2,12488.0,1855,6,3,2019,12,20,19,15,6,4,2019
IndiGo,Banglore,Delhi,0,4823.0,175,15,4,2019,18,25,21,20,15,4,2019
Air India,Delhi,Cochin,2,14483.0,2240,3,9,2019,5,55,19,15,3,10,2019
Air India,Delhi,Cochin,2,11989.0,1560,24,6,2019,17,15,19,15,25,6,2019
Jet Airways,Delhi,Cochin,1,16079.0,1210,21,5,2019,22,50,19,0,22,5,2019
Jet Airways,Kolkata,Banglore,1,13067.0,1520,5,6,2019,9,35,10,55,5,7,2019
IndiGo,Delhi,Cochin,1,6818.0,665,6,12,2019,5,5,16,10,6,12,2019
Jet Airways,Kolkata,Banglore,1,13941.0,1430,5,12,2019,8,25,8,15,13,5,2019
Multiple carriers,Delhi,Cochin,1,12927.0,600,24,6,2019,9,0,19,0,24,6,2019
IndiGo,Kolkata,Banglore,0,4804.0,155,15,5,2019,22,15,0,50,16,5,2019
Jet Airways,Delhi,Cochin,1,5406.0,1235,4,1,2019,16,0,12,35,4,2,2019
IndiGo,Delhi,Cochin,1,7318.0,890,21,3,2019,10,45,1,35,22,3,2019
IndiGo,Chennai,Kolkata,0,3384.0,140,21,3,2019,7,55,10,15,21,3,2019
Air Asia,Delhi,Cochin,1,11410.0,590,6,3,2019,20,45,6,35,6,4,2019
Jet Airways,Banglore,Delhi,1,9134.0,450,15,3,2019,5,45,13,15,15,3,2019
Jet Airways,Banglore,Delhi,1,7832.0,435,21,3,2019,14,5,21,20,21,3,2019
Jet Airways,Banglore,Delhi,1,14815.0,1365,3,6,2019,8,55,7,40,3,7,2019
IndiGo,Banglore,Delhi,0,4591.0,170,6,3,2019,23,30,2,20,6,4,2019
Jet Airways,Delhi,Cochin,1,12373.0,1210,5,9,2019,22,50,19,0,5,10,2019
Air Asia,Banglore,Delhi,0,4284.0,170,3,9,2019,5,50,8,40,3,9,2019
Jet Airways,Kolkata,Banglore,1,13941.0,1375,18,5,2019,5,45,4,40,19,5,2019
Jet Airways,Delhi,Cochin,1,16289.0,1525,3,9,2019,17,25,18,50,3,10,2019
IndiGo,Delhi,Cochin,1,9165.0,305,24,6,2019,23,30,4,35,25,6,2019
Jet Airways,Banglore,Delhi,0,8016.0,165,21,6,2019,6,0,8,45,21,6,2019
Air Asia,Kolkata,Banglore,1,5192.0,720,4,1,2019,22,40,10,40,4,2,2019
Jet Airways,Kolkata,Banglore,1,14939.0,665,6,9,2019,21,10,8,15,6,10,2019
Jet Airways,Banglore,Delhi,1,25735.0,1310,3,1,2019,11,40,9,30,3,2,2019
Multiple carriers,Delhi,Cochin,1,14502.0,540,6,3,2019,10,0,19,0,6,3,2019
Jet Airways,Banglore,Delhi,1,13817.0,810,3,12,2019,22,55,12,25,13,3,2019
Jet Airways,Kolkata,Banglore,1,14151.0,505,24,5,2019,9,35,18,0,24,5,2019
Multiple carriers,Delhi,Cochin,1,15077.0,510,3,6,2019,10,45,19,15,3,6,2019
Multiple carriers,Delhi,Cochin,1,12192.0,600,6,12,2019,9,0,19,0,6,12,2019
SpiceJet,Mumbai,Hyderabad,0,1965.0,90,21,5,2019,13,15,14,45,21,5,2019
IndiGo,Chennai,Kolkata,0,3850.0,140,18,5,2019,7,55,10,15,18,5,2019
IndiGo,Mumbai,Hyderabad,0,3175.0,90,6,1,2019,16,55,18,25,6,1,2019
Jet Airways,Banglore,Delhi,0,7229.0,185,21,5,2019,18,55,22,0,21,5,2019
Jet Airways,Delhi,Cochin,1,16079.0,1425,27,5,2019,19,15,19,0,28,5,2019
IndiGo,Mumbai,Hyderabad,0,4392.0,90,27,3,2019,9,10,10,40,27,3,2019
Jet Airways,Banglore,Delhi,1,54826.0,365,18,3,2019,18,40,0,45,16,3,2019
Jet Airways,Delhi,Cochin,2,10368.0,560,15,6,2019,9,40,19,0,15,6,2019
Jet Airways,Delhi,Cochin,1,12898.0,1210,27,5,2019,22,50,19,0,28,5,2019
Air India,Kolkata,Banglore,2,14960.0,1185,5,1,2019,16,45,12,30,5,2,2019
IndiGo,Delhi,Cochin,1,6442.0,835,27,5,2019,8,35,22,30,27,5,2019
SpiceJet,Chennai,Kolkata,0,3597.0,135,21,5,2019,8,20,10,35,21,5,2019
Jet Airways,Delhi,Cochin,2,18804.0,440,6,6,2019,11,40,19,0,6,6,2019
Vistara,Delhi,Cochin,0,6111.0,190,15,3,2019,6,0,9,10,15,3,2019
IndiGo,Delhi,Cochin,0,6015.0,195,6,9,2019,21,5,0,20,6,10,2019
Air India,Banglore,Delhi,0,6121.0,170,18,5,2019,13,20,16,10,18,5,2019
Jet Airways,Kolkata,Banglore,1,6287.0,435,24,5,2019,10,20,17,35,24,5,2019
Jet Airways,Banglore,Delhi,0,7229.0,175,5,9,2019,15,15,18,10,5,9,2019
IndiGo,Delhi,Cochin,1,6442.0,455,6,12,2019,8,35,16,10,6,12,2019
Jet Airways,Banglore,Delhi,0,4544.0,175,27,4,2019,15,15,18,10,27,4,2019
Air India,Kolkata,Banglore,2,11542.0,1700,6,12,2019,9,25,13,45,13,6,2019
Jet Airways,Delhi,Cochin,1,16079.0,520,21,5,2019,19,45,4,25,22,5,2019
Multiple carriers,Delhi,Cochin,1,6076.0,545,27,3,2019,7,5,16,10,27,3,2019
Air India,Kolkata,Banglore,2,10408.0,920,4,1,2019,10,0,1,20,4,2,2019
Air India,Delhi,Cochin,2,8446.0,2240,27,3,2019,5,55,19,15,28,3,2019
GoAir,Banglore,Delhi,0,13663.0,175,3,1,2019,7,45,10,40,3,1,2019
Air India,Delhi,Cochin,1,10671.0,705,15,5,2019,20,30,8,15,16,5,2019
Air Asia,Banglore,Delhi,0,3383.0,170,18,6,2019,23,55,2,45,19,6,2019
Multiple carriers,Delhi,Cochin,1,9021.0,910,5,9,2019,10,20,1,30,5,10,2019
Multiple carriers,Delhi,Cochin,1,14533.0,615,18,5,2019,9,0,19,15,18,5,2019
Jet Airways,Delhi,Cochin,2,11992.0,1000,6,6,2019,11,45,4,25,6,7,2019
IndiGo,Chennai,Kolkata,0,3597.0,140,5,12,2019,13,15,15,35,5,12,2019
IndiGo,Banglore,Delhi,0,4077.0,165,6,9,2019,1,30,4,15,6,9,2019
Multiple carriers,Delhi,Cochin,1,9646.0,545,6,12,2019,7,5,16,10,6,12,2019
SpiceJet,Kolkata,Banglore,0,3873.0,140,4,1,2019,22,20,0,40,4,2,2019
Jet Airways,Delhi,Cochin,2,15129.0,1430,5,9,2019,19,10,19,0,5,10,2019
IndiGo,Delhi,Cochin,1,6104.0,480,6,9,2019,17,30,1,30,6,10,2019
Jet Airways,Delhi,Cochin,2,16022.0,1995,3,6,2019,19,10,4,25,3,8,2019
Jet Airways,Banglore,Delhi,1,10562.0,885,3,9,2019,9,45,0,30,13,3,2019
Air India,Delhi,Cochin,1,10945.0,1640,3,9,2019,6,5,9,25,3,10,2019
SpiceJet,Kolkata,Banglore,0,3873.0,145,27,5,2019,9,0,11,25,27,5,2019
Jet Airways,Mumbai,Hyderabad,0,1840.0,90,27,3,2019,2,55,4,25,27,3,2019
IndiGo,Delhi,Cochin,1,9585.0,425,3,3,2019,4,55,12,0,3,3,2019
Jet Airways,Mumbai,Hyderabad,0,3210.0,90,18,5,2019,19,35,21,5,18,5,2019
IndiGo,Delhi,Cochin,1,6147.0,290,5,9,2019,15,10,20,0,5,9,2019
Jet Airways,Kolkata,Banglore,1,7341.0,395,5,9,2019,17,0,23,35,5,9,2019
Air India,Delhi,Cochin,1,8372.0,615,21,5,2019,9,0,19,15,21,5,2019
Multiple carriers,Delhi,Cochin,1,10877.0,690,27,6,2019,7,30,19,0,27,6,2019
Air India,Delhi,Cochin,2,10441.0,1275,5,9,2019,22,0,19,15,5,10,2019
IndiGo,Delhi,Cochin,1,13611.0,975,3,6,2019,4,45,21,0,3,6,2019
Jet Airways,Banglore,Delhi,1,11087.0,1550,3,9,2019,8,55,10,45,13,3,2019
Jet Airways,Delhi,Cochin,1,5963.0,1470,27,3,2019,19,15,19,45,28,3,2019
IndiGo,Chennai,Kolkata,0,3597.0,140,24,5,2019,13,15,15,35,24,5,2019
Jet Airways,Kolkata,Banglore,1,8529.0,910,6,12,2019,18,55,10,5,13,6,2019
Multiple carriers,Delhi,Cochin,1,10678.0,845,6,12,2019,4,55,19,0,6,12,2019
IndiGo,Delhi,Cochin,1,8285.0,755,27,3,2019,8,25,21,0,27,3,2019
Jet Airways,Delhi,Cochin,1,18371.0,620,6,12,2019,2,15,12,35,6,12,2019
Jet Airways,Kolkata,Banglore,1,12692.0,800,6,6,2019,20,25,9,45,6,7,2019
IndiGo,Banglore,Delhi,0,4423.0,165,24,4,2019,6,5,8,50,24,4,2019
Jet Airways,Banglore,Delhi,0,7229.0,180,6,9,2019,19,50,22,50,6,9,2019
IndiGo,Banglore,Delhi,0,6144.0,170,3,3,2019,23,30,2,20,3,4,2019
Jet Airways,Delhi,Cochin,2,10919.0,1300,6,1,2019,6,45,4,25,6,2,2019
IndiGo,Kolkata,Banglore,0,4148.0,160,27,3,2019,21,25,0,5,28,3,2019
SpiceJet,Banglore,Delhi,0,3873.0,170,24,3,2019,20,30,23,20,24,3,2019
Jet Airways,Delhi,Cochin,2,11702.0,550,21,3,2019,9,40,18,50,21,3,2019
IndiGo,Delhi,Cochin,1,14871.0,505,3,6,2019,17,10,1,35,3,7,2019
Air India,Banglore,Delhi,2,11234.0,1705,18,3,2019,6,45,11,10,16,3,2019
IndiGo,Delhi,Cochin,1,6938.0,490,6,6,2019,14,20,22,30,6,6,2019
IndiGo,Delhi,Cochin,1,6093.0,750,6,12,2019,8,30,21,0,6,12,2019
IndiGo,Banglore,Delhi,0,3943.0,170,15,5,2019,10,10,13,0,15,5,2019
Jet Airways,Mumbai,Hyderabad,0,8040.0,90,6,6,2019,10,20,11,50,6,6,2019
Jet Airways,Delhi,Cochin,2,15129.0,810,5,9,2019,23,5,12,35,5,10,2019
SpiceJet,Chennai,Kolkata,0,3597.0,140,5,9,2019,17,45,20,5,5,9,2019
Vistara,Kolkata,Banglore,1,8610.0,700,5,6,2019,7,10,18,50,5,6,2019
Jet Airways,Kolkata,Banglore,1,13067.0,395,5,1,2019,17,0,23,35,5,1,2019
SpiceJet,Banglore,Delhi,0,4991.0,170,5,9,2019,9,30,12,20,5,9,2019
SpiceJet,Kolkata,Banglore,1,4649.0,315,4,1,2019,15,5,20,20,4,1,2019
SpiceJet,Chennai,Kolkata,0,3597.0,135,18,5,2019,8,20,10,35,18,5,2019
Jet Airways,Delhi,Cochin,1,12898.0,660,21,5,2019,8,0,19,0,21,5,2019
Jet Airways,Delhi,Cochin,2,9296.0,2245,27,3,2019,6,20,19,45,28,3,2019
IndiGo,Banglore,Delhi,0,8855.0,170,3,3,2019,16,55,19,45,3,3,2019
Jet Airways,Delhi,Cochin,1,10262.0,1270,6,6,2019,21,50,19,0,6,7,2019
IndiGo,Banglore,Delhi,0,3943.0,165,24,6,2019,6,5,8,50,24,6,2019
Multiple carriers,Delhi,Cochin,1,9001.0,385,6,3,2019,12,50,19,15,6,3,2019
Multiple carriers,Delhi,Cochin,1,7670.0,910,18,5,2019,10,20,1,30,19,5,2019
Multiple carriers,Delhi,Cochin,1,7530.0,465,6,3,2019,17,45,1,30,6,4,2019
IndiGo,Kolkata,Banglore,1,8443.0,295,5,1,2019,9,20,14,15,5,1,2019
SpiceJet,Delhi,Cochin,1,5351.0,315,4,1,2019,6,5,11,20,4,1,2019
Vistara,Delhi,Cochin,0,6688.0,190,21,3,2019,6,0,9,10,21,3,2019
Jet Airways,Banglore,Delhi,1,11087.0,1355,3,12,2019,20,35,19,10,13,3,2019
Air India,Banglore,Delhi,2,7664.0,1815,15,3,2019,5,50,12,5,16,3,2019
IndiGo,Kolkata,Banglore,1,4775.0,315,15,4,2019,15,15,20,30,15,4,2019
GoAir,Kolkata,Banglore,0,3514.0,155,27,6,2019,15,20,17,55,27,6,2019
Jet Airways,Delhi,Cochin,2,13376.0,1300,24,6,2019,6,45,4,25,25,6,2019
Jet Airways,Delhi,Cochin,2,14300.0,1705,6,12,2019,8,10,12,35,13,6,2019
Air India,Delhi,Cochin,1,7480.0,765,27,6,2019,20,40,9,25,28,6,2019
IndiGo,Mumbai,Hyderabad,0,2227.0,90,5,12,2019,21,20,22,50,5,12,2019
Air Asia,Delhi,Cochin,1,7452.0,870,18,5,2019,7,55,22,25,18,5,2019
Air Asia,Kolkata,Banglore,0,4409.0,155,24,5,2019,10,20,12,55,24,5,2019
Air India,Kolkata,Banglore,2,4647.0,1555,4,3,2019,9,10,11,5,4,4,2019
SpiceJet,Chennai,Kolkata,0,3332.0,155,21,3,2019,9,30,12,5,21,3,2019
Air India,Delhi,Cochin,1,6902.0,555,27,3,2019,10,0,19,15,27,3,2019
Air Asia,Kolkata,Banglore,1,6857.0,215,6,6,2019,19,55,23,30,6,6,2019
Jet Airways,Delhi,Cochin,1,12373.0,550,5,9,2019,19,15,4,25,5,10,2019
Multiple carriers,Delhi,Cochin,1,11789.0,440,15,6,2019,11,40,19,0,15,6,2019
Air India,Delhi,Cochin,2,13039.0,865,5,9,2019,17,15,7,40,5,10,2019
Jet Airways,Banglore,Delhi,1,11087.0,750,3,12,2019,22,55,11,25,13,3,2019
Vistara,Kolkata,Banglore,1,9345.0,1625,18,5,2019,20,20,23,25,19,5,2019
SpiceJet,Mumbai,Hyderabad,0,1965.0,90,24,6,2019,22,45,0,15,25,6,2019
IndiGo,Delhi,Cochin,1,6093.0,810,6,3,2019,7,30,21,0,6,3,2019
Jet Airways,Kolkata,Banglore,1,11841.0,800,6,9,2019,18,55,8,15,6,10,2019
Jet Airways,Kolkata,Banglore,1,9663.0,775,5,9,2019,21,10,10,5,5,10,2019
Jet Airways,Delhi,Cochin,1,14714.0,1425,6,6,2019,19,15,19,0,6,7,2019
Jet Airways,Kolkata,Banglore,1,8529.0,1660,6,12,2019,18,55,22,35,13,6,2019
IndiGo,Delhi,Cochin,1,5073.0,275,4,6,2019,7,35,12,10,4,6,2019
Jet Airways,Banglore,Delhi,0,7229.0,180,24,4,2019,7,10,10,10,24,4,2019
Air India,Delhi,Cochin,1,9194.0,555,6,6,2019,10,0,19,15,6,6,2019
Multiple carriers,Delhi,Cochin,1,11789.0,440,6,12,2019,11,40,19,0,6,12,2019
SpiceJet,Mumbai,Hyderabad,0,2017.0,90,6,12,2019,13,15,14,45,6,12,2019
Air India,Kolkata,Banglore,2,15894.0,1320,6,6,2019,14,30,12,30,6,7,2019
IndiGo,Banglore,Delhi,0,3419.0,165,5,9,2019,1,30,4,15,5,9,2019
Jet Airways,Delhi,Cochin,2,10368.0,1375,6,9,2019,5,30,4,25,6,10,2019
IndiGo,Delhi,Cochin,1,6027.0,290,24,4,2019,15,10,20,0,24,4,2019
Air India,Delhi,Cochin,1,7480.0,765,18,5,2019,20,40,9,25,19,5,2019
SpiceJet,Kolkata,Banglore,1,7189.0,520,6,12,2019,8,35,17,15,6,12,2019
Air India,Banglore,Delhi,0,7276.0,165,15,3,2019,10,0,12,45,15,3,2019
Jet Airways,Delhi,Cochin,1,15764.0,1015,3,6,2019,11,30,4,25,3,7,2019
Jet Airways,Delhi,Cochin,1,14714.0,550,6,6,2019,19,15,4,25,6,7,2019
Multiple carriers,Delhi,Cochin,1,7888.0,510,21,5,2019,17,0,1,30,22,5,2019
Jet Airways,Delhi,Cochin,1,10262.0,1225,6,6,2019,8,0,4,25,6,7,2019
Jet Airways,Delhi,Cochin,2,15318.0,505,18,5,2019,20,0,4,25,19,5,2019
Jet Airways,Kolkata,Banglore,1,5608.0,435,5,1,2019,10,20,17,35,5,1,2019
Jet Airways,Kolkata,Banglore,1,12681.0,590,4,1,2019,8,25,18,15,4,1,2019
Air India,Delhi,Cochin,2,9417.0,970,3,6,2019,17,15,9,25,3,7,2019
Multiple carriers,Delhi,Cochin,1,17057.0,835,3,3,2019,7,5,21,0,3,3,2019
Multiple carriers,Delhi,Cochin,1,12537.0,480,27,3,2019,13,0,21,0,27,3,2019
Air India,Delhi,Cochin,2,10651.0,1275,27,5,2019,22,0,19,15,28,5,2019
Vistara,Delhi,Cochin,0,6741.0,190,6,1,2019,6,0,9,10,6,1,2019
Jet Airways,Kolkata,Banglore,1,10844.0,1595,24,5,2019,20,0,22,35,25,5,2019
Air India,Delhi,Cochin,2,13381.0,1730,27,5,2019,14,25,19,15,28,5,2019
IndiGo,Banglore,Delhi,0,4423.0,165,4,6,2019,6,5,8,50,4,6,2019
Jet Airways,Mumbai,Hyderabad,0,5678.0,90,27,5,2019,19,35,21,5,27,5,2019
Jet Airways,Delhi,Cochin,2,12719.0,1620,21,5,2019,9,35,12,35,22,5,2019
IndiGo,Delhi,Cochin,1,5054.0,275,6,1,2019,7,35,12,10,6,1,2019
Air India,Delhi,Cochin,1,7480.0,1420,24,5,2019,9,45,9,25,25,5,2019
Air India,Banglore,Delhi,0,6961.0,165,6,3,2019,17,0,19,45,6,3,2019
SpiceJet,Kolkata,Banglore,0,3841.0,150,24,4,2019,17,10,19,40,24,4,2019
IndiGo,Banglore,Delhi,0,3943.0,180,6,3,2019,21,15,0,15,6,4,2019
Jet Airways,Banglore,Delhi,0,7229.0,180,5,3,2019,8,20,11,20,5,3,2019
SpiceJet,Banglore,Delhi,0,4319.0,170,15,5,2019,9,30,12,20,15,5,2019
IndiGo,Banglore,Delhi,0,4423.0,170,24,4,2019,13,0,15,50,24,4,2019
Jet Airways,Delhi,Cochin,1,16079.0,335,21,5,2019,22,50,4,25,22,5,2019
Jet Airways,Banglore,Delhi,0,7754.0,180,21,6,2019,19,50,22,50,21,6,2019
Air India,Delhi,Cochin,2,10467.0,1210,6,1,2019,13,15,9,25,6,2,2019
Jet Airways,Delhi,Cochin,1,14714.0,1145,6,3,2019,17,30,12,35,6,4,2019
Air India,Kolkata,Banglore,1,7452.0,1700,5,1,2019,16,45,21,5,5,2,2019
Air India,Delhi,Cochin,2,13276.0,1795,21,5,2019,13,20,19,15,22,5,2019
Air India,Banglore,Delhi,2,31783.0,1545,3,1,2019,8,50,10,35,3,2,2019
Air India,Chennai,Kolkata,0,4667.0,135,5,1,2019,11,40,13,55,5,1,2019
Jet Airways,Banglore,Delhi,0,7229.0,175,15,6,2019,15,15,18,10,15,6,2019
Jet Airways,Delhi,Cochin,2,14237.0,1090,15,6,2019,18,25,12,35,16,6,2019
Multiple carriers,Delhi,Cochin,1,8266.0,535,15,5,2019,10,20,19,15,15,5,2019
Jet Airways,Delhi,Cochin,2,13882.0,1140,24,6,2019,9,25,4,25,25,6,2019
IndiGo,Banglore,Delhi,0,4823.0,170,5,6,2019,20,0,22,50,5,6,2019
Air Asia,Banglore,Delhi,0,4483.0,170,24,5,2019,23,55,2,45,25,5,2019
Air India,Banglore,Delhi,0,6961.0,165,6,12,2019,6,10,8,55,6,12,2019
Jet Airways,Kolkata,Banglore,1,9663.0,910,5,12,2019,18,55,10,5,13,5,2019
Jet Airways,Delhi,Cochin,2,16704.0,1760,18,5,2019,23,5,4,25,20,5,2019
IndiGo,Mumbai,Hyderabad,0,4049.0,90,5,12,2019,9,10,10,40,5,12,2019
SpiceJet,Chennai,Kolkata,0,3807.0,135,24,3,2019,8,20,10,35,24,3,2019
IndiGo,Delhi,Cochin,1,6442.0,940,6,9,2019,6,50,22,30,6,9,2019
Jet Airways,Banglore,Delhi,1,7832.0,1480,15,3,2019,7,0,7,40,16,3,2019
IndiGo,Delhi,Cochin,1,6442.0,835,24,6,2019,8,35,22,30,24,6,2019
IndiGo,Banglore,Delhi,0,4823.0,170,21,4,2019,20,0,22,50,21,4,2019
Jet Airways,Banglore,Delhi,1,13555.0,1400,3,6,2019,5,45,5,5,3,7,2019
GoAir,Delhi,Cochin,1,5135.0,540,4,6,2019,10,35,19,35,4,6,2019
Air Asia,Banglore,Delhi,0,3383.0,170,15,5,2019,23,55,2,45,16,5,2019
GoAir,Delhi,Cochin,1,5842.0,370,15,6,2019,7,25,13,35,15,6,2019
Jet Airways,Delhi,Cochin,2,16704.0,900,18,5,2019,13,25,4,25,19,5,2019
Air India,Kolkata,Banglore,1,8366.0,905,5,1,2019,16,50,7,55,5,2,2019
SpiceJet,Mumbai,Hyderabad,0,1965.0,90,5,9,2019,5,45,7,15,5,9,2019
SpiceJet,Kolkata,Banglore,0,3873.0,150,6,6,2019,17,10,19,40,6,6,2019
Jet Airways,Banglore,Delhi,1,27992.0,740,3,1,2019,8,0,20,20,3,1,2019
Multiple carriers,Delhi,Cochin,1,10678.0,460,6,6,2019,4,55,12,35,6,6,2019
Air India,Banglore,Delhi,1,6824.0,865,21,3,2019,8,50,23,15,21,3,2019
Air India,Delhi,Cochin,2,9443.0,2295,6,12,2019,5,0,19,15,13,6,2019
Multiple carriers,Delhi,Cochin,1,13378.0,730,21,3,2019,7,5,19,15,21,3,2019
IndiGo,Banglore,Delhi,0,3943.0,170,5,1,2019,4,0,6,50,5,1,2019
IndiGo,Delhi,Cochin,1,7191.0,575,18,5,2019,11,25,21,0,18,5,2019
SpiceJet,Banglore,Delhi,0,3625.0,160,27,6,2019,5,55,8,35,27,6,2019
GoAir,Delhi,Cochin,1,6841.0,370,27,5,2019,7,25,13,35,27,5,2019
Jet Airways,Kolkata,Banglore,1,11134.0,390,24,3,2019,16,55,23,25,24,3,2019
Jet Airways,Kolkata,Banglore,1,14571.0,1550,6,6,2019,18,55,20,45,6,7,2019
Air India,Banglore,Delhi,3,12346.0,1825,3,1,2019,5,50,12,15,3,2,2019
Jet Airways,Banglore,Delhi,0,4544.0,180,21,4,2019,17,45,20,45,21,4,2019
Jet Airways,Delhi,Cochin,2,13376.0,830,6,9,2019,14,35,4,25,6,10,2019
Jet Airways,Banglore,Delhi,1,11087.0,1050,3,12,2019,18,55,12,25,13,3,2019
SpiceJet,Kolkata,Banglore,0,5515.0,150,3,3,2019,9,0,11,30,3,3,2019
IndiGo,Kolkata,Banglore,0,4804.0,155,27,6,2019,4,40,7,15,27,6,2019
IndiGo,Chennai,Kolkata,0,3597.0,140,6,12,2019,13,15,15,35,6,12,2019
Multiple carriers,Delhi,Cochin,1,15353.0,795,3,6,2019,6,0,19,15,3,6,2019
Jet Airways,Kolkata,Banglore,1,9899.0,590,6,12,2019,6,30,16,20,6,12,2019
IndiGo,Banglore,Delhi,0,7303.0,175,24,3,2019,18,25,21,20,24,3,2019
Jet Airways,Banglore,Delhi,1,13817.0,745,3,12,2019,8,55,21,20,3,12,2019
Jet Airways,Delhi,Cochin,2,19329.0,1475,3,6,2019,19,10,19,45,3,7,2019
Jet Airways,Delhi,Cochin,1,16289.0,330,6,12,2019,7,5,12,35,6,12,2019
Jet Airways,Kolkata,Banglore,1,9663.0,910,15,5,2019,18,55,10,5,16,5,2019
Air India,Delhi,Cochin,2,10975.0,1420,6,3,2019,9,45,9,25,6,4,2019
Air Asia,Kolkata,Banglore,0,4384.0,155,18,3,2019,10,20,12,55,18,3,2019
Jet Airways,Delhi,Cochin,1,14714.0,600,6,12,2019,9,0,19,0,6,12,2019
Jet Airways,Delhi,Cochin,2,10919.0,830,6,12,2019,14,35,4,25,13,6,2019
Jet Airways,Kolkata,Banglore,1,14388.0,875,21,5,2019,14,5,4,40,22,5,2019
Multiple carriers,Delhi,Cochin,1,10877.0,455,15,6,2019,11,25,19,0,15,6,2019
Jet Airways,Delhi,Cochin,2,15129.0,810,5,9,2019,23,5,12,35,5,10,2019
IndiGo,Delhi,Cochin,1,7191.0,810,5,6,2019,7,30,21,0,5,6,2019
GoAir,Kolkata,Banglore,1,6686.0,495,5,1,2019,23,30,7,45,5,2,2019
Multiple carriers,Delhi,Cochin,1,7530.0,760,6,3,2019,12,50,1,30,6,4,2019
IndiGo,Delhi,Cochin,1,6442.0,895,15,6,2019,7,35,22,30,15,6,2019
Jet Airways,Delhi,Cochin,1,10262.0,1655,27,6,2019,9,0,12,35,28,6,2019
Jet Airways,Banglore,Delhi,1,13817.0,875,3,12,2019,18,55,9,30,13,3,2019
Jet Airways,Kolkata,Banglore,1,13626.0,570,6,12,2019,14,5,23,35,6,12,2019
Jet Airways,Kolkata,Banglore,1,14388.0,910,5,12,2019,18,55,10,5,13,5,2019
IndiGo,Kolkata,Banglore,0,4804.0,155,27,4,2019,4,40,7,15,27,4,2019
IndiGo,Delhi,Cochin,0,5406.0,185,21,3,2019,14,30,17,35,21,3,2019
SpiceJet,Delhi,Cochin,1,4611.0,295,4,3,2019,17,55,22,50,4,3,2019
IndiGo,Kolkata,Banglore,1,5069.0,290,6,9,2019,8,10,13,0,6,9,2019
GoAir,Banglore,Delhi,0,3898.0,175,6,6,2019,7,45,10,40,6,6,2019
IndiGo,Mumbai,Hyderabad,0,2754.0,90,6,6,2019,12,0,13,30,6,6,2019
Multiple carriers,Delhi,Cochin,1,6943.0,630,27,5,2019,15,0,1,30,28,5,2019
Jet Airways,Kolkata,Banglore,1,14781.0,750,18,5,2019,5,45,18,15,18,5,2019
Jet Airways,Delhi,Cochin,1,16079.0,360,21,5,2019,13,0,19,0,21,5,2019
IndiGo,Banglore,Delhi,0,8033.0,170,15,3,2019,16,55,19,45,15,3,2019
IndiGo,Banglore,Delhi,0,6860.0,175,3,9,2019,18,25,21,20,3,9,2019
Multiple carriers,Delhi,Cochin,1,6953.0,455,27,3,2019,11,40,19,15,27,3,2019
IndiGo,Banglore,Delhi,0,4823.0,175,5,12,2019,7,10,10,5,5,12,2019
IndiGo,Kolkata,Banglore,0,4174.0,155,4,9,2019,4,40,7,15,4,9,2019
Jet Airways,Delhi,Cochin,2,12819.0,1775,27,6,2019,13,25,19,0,28,6,2019
Jet Airways,Kolkata,Banglore,1,9663.0,450,15,5,2019,21,10,4,40,16,5,2019
SpiceJet,Kolkata,Banglore,0,3841.0,155,5,3,2019,6,55,9,30,5,3,2019
IndiGo,Delhi,Cochin,0,5000.0,195,27,6,2019,5,35,8,50,27,6,2019
Air India,Banglore,Delhi,2,13366.0,980,3,1,2019,5,50,22,10,3,1,2019
Vistara,Mumbai,Hyderabad,1,12395.0,1130,3,6,2019,21,55,16,45,3,7,2019
Air India,Kolkata,Banglore,1,7452.0,1700,15,5,2019,16,45,21,5,16,5,2019
Jet Airways,Delhi,Cochin,1,15554.0,1395,18,5,2019,19,45,19,0,19,5,2019
Jet Airways,Kolkata,Banglore,1,13067.0,1325,5,6,2019,17,0,15,5,5,7,2019
IndiGo,Kolkata,Banglore,0,6565.0,155,3,1,2019,15,10,17,45,3,1,2019
SpiceJet,Mumbai,Hyderabad,0,1965.0,90,24,5,2019,5,45,7,15,24,5,2019
SpiceJet,Chennai,Kolkata,0,3332.0,155,27,3,2019,9,30,12,5,27,3,2019
IndiGo,Banglore,Delhi,1,6208.0,285,21,3,2019,5,25,10,10,21,3,2019
Air India,Banglore,Delhi,1,11161.0,1730,18,3,2019,13,50,18,40,16,3,2019
Air India,Kolkata,Banglore,2,12224.0,1665,6,12,2019,10,0,13,45,13,6,2019
Jet Airways,Kolkata,Banglore,1,9663.0,1025,5,1,2019,18,55,12,0,5,2,2019
Jet Airways,Banglore,Delhi,1,12284.0,380,18,3,2019,8,55,15,15,18,3,2019
Air India,Delhi,Cochin,1,7480.0,965,27,5,2019,17,20,9,25,28,5,2019
Jet Airways,Delhi,Cochin,1,17024.0,550,3,6,2019,19,15,4,25,3,7,2019
Jet Airways,Kolkata,Banglore,1,14151.0,1365,6,6,2019,20,25,19,10,6,7,2019
IndiGo,Kolkata,Banglore,0,4804.0,155,21,6,2019,17,15,19,50,21,6,2019
IndiGo,Delhi,Cochin,1,6069.0,300,18,5,2019,16,0,21,0,18,5,2019
Vistara,Banglore,Delhi,1,6065.0,915,21,3,2019,6,40,21,55,21,3,2019
Jet Airways,Kolkata,Banglore,1,14151.0,800,18,5,2019,20,25,9,45,19,5,2019
Jet Airways,Kolkata,Banglore,1,14231.0,1025,24,3,2019,18,55,12,0,25,3,2019
Vistara,Mumbai,Hyderabad,1,12395.0,1065,3,6,2019,15,40,9,25,3,7,2019
IndiGo,Delhi,Cochin,1,5636.0,325,24,4,2019,2,0,7,25,24,4,2019
Air India,Delhi,Cochin,1,5232.0,320,4,6,2019,17,40,23,0,4,6,2019
Jet Airways,Delhi,Cochin,1,14714.0,865,6,1,2019,14,0,4,25,6,2,2019
IndiGo,Chennai,Kolkata,0,3850.0,140,5,6,2019,7,55,10,15,5,6,2019
Air India,Delhi,Cochin,1,7258.0,955,27,5,2019,17,40,9,35,28,5,2019
Jet Airways,Banglore,Delhi,1,17471.0,1375,3,6,2019,21,25,20,20,3,7,2019
SpiceJet,Banglore,Delhi,0,4423.0,175,5,9,2019,21,10,0,5,5,10,2019
IndiGo,Mumbai,Hyderabad,0,2227.0,90,18,6,2019,21,20,22,50,18,6,2019
Multiple carriers,Delhi,Cochin,1,13377.0,930,24,6,2019,10,0,1,30,25,6,2019
Jet Airways,Banglore,Delhi,0,8016.0,180,6,12,2019,8,20,11,20,6,12,2019
Air India,Banglore,Delhi,1,5626.0,1560,3,9,2019,6,50,8,50,13,3,2019
IndiGo,Banglore,Delhi,0,6860.0,170,21,3,2019,16,55,19,45,21,3,2019
IndiGo,Delhi,Cochin,1,6628.0,415,6,1,2019,18,35,1,30,6,2,2019
Jet Airways,Delhi,Cochin,1,11627.0,1415,6,6,2019,13,0,12,35,6,7,2019
SpiceJet,Kolkata,Banglore,0,4174.0,150,6,9,2019,17,10,19,40,6,9,2019
Jet Airways,Delhi,Cochin,1,14714.0,610,6,1,2019,18,15,4,25,6,2,2019
Jet Airways,Kolkata,Banglore,1,14151.0,690,5,12,2019,9,35,21,5,5,12,2019
Jet Airways,Delhi,Cochin,1,12898.0,1620,27,5,2019,16,0,19,0,28,5,2019
Jet Airways,Delhi,Cochin,1,12373.0,395,18,5,2019,21,50,4,25,19,5,2019
IndiGo,Banglore,Delhi,0,3943.0,170,18,6,2019,10,10,13,0,18,6,2019
Air Asia,Kolkata,Banglore,2,7870.0,500,6,9,2019,15,10,23,30,6,9,2019
Jet Airways,Banglore,Delhi,0,8016.0,185,18,6,2019,18,55,22,0,18,6,2019
Air India,Delhi,Cochin,2,10975.0,1220,15,5,2019,13,5,9,25,16,5,2019
IndiGo,Chennai,Kolkata,0,3850.0,140,27,5,2019,7,55,10,15,27,5,2019
IndiGo,Kolkata,Banglore,0,4804.0,165,18,6,2019,20,25,23,10,18,6,2019
Jet Airways,Delhi,Cochin,1,15554.0,455,3,9,2019,20,50,4,25,3,10,2019
SpiceJet,Kolkata,Banglore,0,4465.0,160,18,3,2019,6,55,9,35,18,3,2019
Jet Airways,Kolkata,Banglore,1,11841.0,775,6,9,2019,21,10,10,5,6,10,2019
Multiple carriers,Delhi,Cochin,1,19332.0,675,3,9,2019,8,0,19,15,3,9,2019
SpiceJet,Kolkata,Banglore,0,3841.0,150,21,6,2019,17,10,19,40,21,6,2019
IndiGo,Banglore,Delhi,0,4591.0,170,4,12,2019,10,10,13,0,4,12,2019
IndiGo,Kolkata,Banglore,1,5192.0,290,24,5,2019,15,15,20,5,24,5,2019
Jet Airways,Delhi,Cochin,1,10577.0,1100,6,9,2019,18,15,12,35,6,10,2019
Jet Airways,Delhi,Cochin,2,15129.0,535,18,5,2019,19,30,4,25,19,5,2019
Multiple carriers,Delhi,Cochin,1,11789.0,780,6,6,2019,6,0,19,0,6,6,2019
Air India,Delhi,Cochin,1,8372.0,640,15,6,2019,21,0,7,40,16,6,2019
Multiple carriers,Delhi,Cochin,1,8266.0,795,5,9,2019,6,0,19,15,5,9,2019
Jet Airways,Kolkata,Banglore,1,14781.0,800,5,6,2019,6,30,19,50,5,6,2019
Vistara,Banglore,Delhi,0,5613.0,155,21,4,2019,17,0,19,35,21,4,2019
Jet Airways,Banglore,Delhi,0,7229.0,175,24,4,2019,15,15,18,10,24,4,2019
IndiGo,Delhi,Cochin,1,6093.0,750,24,6,2019,8,30,21,0,24,6,2019
Jet Airways,Delhi,Cochin,2,15544.0,425,21,5,2019,5,30,12,35,21,5,2019
GoAir,Delhi,Cochin,1,6296.0,370,18,5,2019,7,25,13,35,18,5,2019
IndiGo,Kolkata,Banglore,0,4804.0,165,27,4,2019,9,35,12,20,27,4,2019
Air Asia,Banglore,Delhi,0,4284.0,170,18,3,2019,5,50,8,40,18,3,2019
IndiGo,Delhi,Cochin,1,6558.0,885,21,3,2019,7,35,22,20,21,3,2019
IndiGo,Delhi,Cochin,1,5775.0,345,24,6,2019,21,50,3,35,25,6,2019
SpiceJet,Chennai,Kolkata,0,3543.0,135,21,6,2019,8,20,10,35,21,6,2019
Jet Airways,Delhi,Cochin,1,17024.0,535,3,6,2019,9,55,18,50,3,6,2019
Jet Airways,Mumbai,Hyderabad,0,4050.0,85,6,9,2019,7,5,8,30,6,9,2019
Air India,Mumbai,Hyderabad,2,14219.0,1995,3,6,2019,6,0,15,15,3,7,2019
Jet Airways,Banglore,Delhi,1,26890.0,405,3,1,2019,11,40,18,25,3,1,2019
Air India,Delhi,Cochin,2,9653.0,1410,15,6,2019,19,45,19,15,16,6,2019
IndiGo,Banglore,Delhi,0,3943.0,165,21,6,2019,6,5,8,50,21,6,2019
Jet Airways,Kolkata,Banglore,1,10844.0,1575,18,5,2019,14,5,16,20,19,5,2019
Jet Airways,Kolkata,Banglore,1,8849.0,450,4,1,2019,21,10,4,40,4,2,2019
IndiGo,Mumbai,Hyderabad,0,2754.0,90,6,12,2019,1,40,3,10,6,12,2019
Air India,Delhi,Cochin,2,10756.0,2185,21,3,2019,6,50,19,15,22,3,2019
Jet Airways,Kolkata,Banglore,1,14151.0,1685,21,5,2019,17,0,21,5,22,5,2019
Jet Airways,Kolkata,Banglore,1,9899.0,740,6,12,2019,8,25,20,45,6,12,2019
Jet Airways,Delhi,Cochin,1,12242.0,385,21,3,2019,22,0,4,25,22,3,2019
Jet Airways,Delhi,Cochin,2,10368.0,1025,6,9,2019,19,30,12,35,6,10,2019
IndiGo,Mumbai,Hyderabad,0,5755.0,90,24,5,2019,9,10,10,40,24,5,2019
Jet Airways,Delhi,Cochin,1,10262.0,610,15,6,2019,18,15,4,25,16,6,2019
SpiceJet,Kolkata,Banglore,1,6643.0,520,6,6,2019,8,35,17,15,6,6,2019
Multiple carriers Premium economy,Delhi,Cochin,1,9845.0,810,21,3,2019,7,30,21,0,21,3,2019
Jet Airways,Kolkata,Banglore,1,11134.0,1025,24,3,2019,18,55,12,0,25,3,2019
SpiceJet,Delhi,Cochin,1,5583.0,315,6,1,2019,6,5,11,20,6,1,2019
IndiGo,Delhi,Cochin,1,6069.0,300,15,5,2019,16,0,21,0,15,5,2019
Jet Airways,Banglore,Delhi,1,13817.0,875,3,12,2019,5,45,20,20,3,12,2019
Air India,Delhi,Cochin,2,10283.0,2295,3,6,2019,5,0,19,15,3,7,2019
Air India,Kolkata,Banglore,1,7795.0,675,24,3,2019,9,50,21,5,24,3,2019
Multiple carriers,Delhi,Cochin,1,13977.0,440,3,9,2019,0,20,7,40,3,9,2019
Jet Airways,Delhi,Cochin,2,10919.0,1300,6,1,2019,6,45,4,25,6,2,2019
IndiGo,Kolkata,Banglore,0,6038.0,160,3,3,2019,20,25,23,5,3,3,2019
IndiGo,Delhi,Cochin,0,5601.0,195,21,5,2019,5,35,8,50,21,5,2019
IndiGo,Delhi,Cochin,1,12351.0,810,3,9,2019,7,30,21,0,3,9,2019
Air India,Delhi,Cochin,0,6094.0,170,15,4,2019,5,10,8,0,15,4,2019
Multiple carriers,Delhi,Cochin,1,7575.0,520,15,5,2019,10,35,19,15,15,5,2019
Jet Airways,Delhi,Cochin,1,16079.0,395,27,5,2019,21,50,4,25,28,5,2019
Jet Airways,Delhi,Cochin,1,10262.0,1425,15,6,2019,19,15,19,0,16,6,2019
Air Asia,Delhi,Cochin,1,13470.0,340,6,9,2019,16,45,22,25,6,9,2019
Jet Airways,Banglore,Delhi,0,8016.0,175,27,6,2019,11,10,14,5,27,6,2019
Jet Airways,Delhi,Cochin,1,16289.0,1475,3,9,2019,18,15,18,50,3,10,2019
Jet Airways,Delhi,Cochin,1,10262.0,520,6,6,2019,19,45,4,25,6,7,2019
IndiGo,Banglore,Delhi,0,4823.0,175,27,6,2019,18,25,21,20,27,6,2019
Vistara,Banglore,Delhi,0,5403.0,170,4,9,2019,9,45,12,35,4,9,2019
Jet Airways,Delhi,Cochin,1,12373.0,1530,18,5,2019,17,30,19,0,19,5,2019
SpiceJet,Mumbai,Hyderabad,1,13552.0,495,3,6,2019,14,10,22,25,3,6,2019
Jet Airways,Kolkata,Banglore,1,10844.0,740,5,9,2019,8,25,20,45,5,9,2019
Air India,Mumbai,Hyderabad,2,22619.0,845,3,6,2019,9,40,23,45,3,6,2019
Multiple carriers,Delhi,Cochin,1,8625.0,520,27,5,2019,10,35,19,15,27,5,2019
IndiGo,Banglore,Delhi,0,4777.0,165,24,3,2019,6,0,8,45,24,3,2019
IndiGo,Delhi,Cochin,0,5000.0,195,21,6,2019,5,35,8,50,21,6,2019
Jet Airways,Delhi,Cochin,2,21954.0,1475,3,6,2019,19,10,19,45,3,7,2019
Jet Airways,Delhi,Cochin,1,11627.0,1015,6,3,2019,11,30,4,25,6,4,2019
Jet Airways,Kolkata,Banglore,1,13731.0,875,24,5,2019,14,5,4,40,25,5,2019
IndiGo,Banglore,Delhi,0,3943.0,170,4,3,2019,22,10,1,0,4,4,2019
Jet Airways,Banglore,Delhi,1,6992.0,845,21,3,2019,8,55,23,0,21,3,2019
Jet Airways,Kolkata,Banglore,1,13941.0,585,5,6,2019,18,55,4,40,5,7,2019
Jet Airways,Delhi,Cochin,1,14924.0,660,6,12,2019,8,0,19,0,6,12,2019
Jet Airways,Delhi,Cochin,1,18371.0,620,27,6,2019,2,15,12,35,27,6,2019
IndiGo,Chennai,Kolkata,0,7295.0,140,3,3,2019,19,35,21,55,3,3,2019
Air India,Banglore,Delhi,1,9292.0,1420,3,9,2019,17,0,16,40,13,3,2019
Jet Airways,Kolkata,Banglore,1,13941.0,735,5,1,2019,20,0,8,15,5,2,2019
IndiGo,Kolkata,Banglore,1,4150.0,335,24,3,2019,4,15,9,50,24,3,2019
Jet Airways,Kolkata,Banglore,1,12681.0,1655,4,1,2019,20,0,23,35,4,2,2019
IndiGo,Delhi,Cochin,0,5601.0,195,6,3,2019,5,35,8,50,6,3,2019
Air India,Kolkata,Banglore,2,14960.0,1385,21,5,2019,9,50,8,55,22,5,2019
Multiple carriers,Delhi,Cochin,1,13377.0,570,6,6,2019,16,0,1,30,6,7,2019
IndiGo,Mumbai,Hyderabad,0,3342.0,85,21,3,2019,12,0,13,25,21,3,2019
Jet Airways,Banglore,Delhi,0,8016.0,175,6,6,2019,11,10,14,5,6,6,2019
Jet Airways,Banglore,Delhi,1,16736.0,1035,3,6,2019,5,45,23,0,3,6,2019
Jet Airways,Kolkata,Banglore,1,10031.0,1350,24,3,2019,21,10,19,40,25,3,2019
Air India,Delhi,Cochin,1,7258.0,705,21,4,2019,20,30,8,15,22,4,2019
Jet Airways,Banglore,Delhi,0,4030.0,165,15,5,2019,6,0,8,45,15,5,2019
Air India,Delhi,Cochin,2,13381.0,1730,24,6,2019,14,25,19,15,25,6,2019
Jet Airways,Delhi,Cochin,2,16704.0,1760,24,5,2019,23,5,4,25,26,5,2019
Multiple carriers,Delhi,Cochin,1,13587.0,720,24,6,2019,9,0,21,0,24,6,2019
Jet Airways,Mumbai,Hyderabad,0,5678.0,85,24,5,2019,2,55,4,20,24,5,2019
Jet Airways,Kolkata,Banglore,1,7064.0,1610,4,1,2019,6,30,9,20,4,2,2019
IndiGo,Mumbai,Hyderabad,0,2754.0,90,6,3,2019,1,40,3,10,6,3,2019
Vistara,Banglore,Delhi,0,4668.0,170,5,1,2019,9,45,12,35,5,1,2019
Air Asia,Kolkata,Banglore,0,4107.0,150,21,6,2019,19,55,22,25,21,6,2019
IndiGo,Delhi,Cochin,1,5894.0,965,6,12,2019,4,55,21,0,6,12,2019
Jet Airways,Delhi,Cochin,1,10262.0,655,6,6,2019,17,30,4,25,6,7,2019
Jet Airways,Kolkata,Banglore,1,13941.0,945,5,9,2019,16,30,8,15,5,10,2019
Air Asia,Delhi,Cochin,1,6451.0,865,27,4,2019,16,45,7,10,28,4,2019
Air India,Delhi,Cochin,2,10975.0,1420,27,6,2019,9,45,9,25,28,6,2019
Air India,Delhi,Cochin,2,14746.0,1180,3,6,2019,12,0,7,40,3,7,2019
Air Asia,Delhi,Cochin,1,11410.0,625,6,6,2019,20,45,7,10,6,7,2019
SpiceJet,Kolkata,Banglore,0,3841.0,155,5,1,2019,6,55,9,30,5,1,2019
Air India,Delhi,Cochin,2,13381.0,1490,6,3,2019,6,50,7,40,6,4,2019
Multiple carriers,Delhi,Cochin,1,15078.0,840,5,9,2019,11,30,1,30,5,10,2019
Air India,Kolkata,Banglore,1,8891.0,545,5,9,2019,9,25,18,30,5,9,2019
Jet Airways,Kolkata,Banglore,1,7757.0,1200,5,9,2019,14,5,10,5,5,10,2019
Air India,Banglore,Delhi,0,4441.0,180,4,9,2019,5,45,8,45,4,9,2019
Jet Airways,Kolkata,Banglore,1,10031.0,1345,24,3,2019,19,45,18,10,25,3,2019
IndiGo,Banglore,Delhi,0,4823.0,170,4,12,2019,13,0,15,50,4,12,2019
Air India,Kolkata,Banglore,1,8576.0,545,24,5,2019,9,25,18,30,24,5,2019
Jet Airways,Banglore,Delhi,1,11087.0,1175,3,12,2019,20,35,16,10,13,3,2019
Jet Airways,Delhi,Cochin,1,12373.0,1595,18,5,2019,10,0,12,35,19,5,2019
Air India,Kolkata,Banglore,2,11432.0,1210,21,5,2019,9,25,5,35,22,5,2019
IndiGo,Mumbai,Hyderabad,0,3175.0,90,15,6,2019,16,55,18,25,15,6,2019
IndiGo,Kolkata,Banglore,0,4804.0,165,5,12,2019,9,35,12,20,5,12,2019
Jet Airways,Delhi,Cochin,2,13014.0,1615,27,6,2019,9,40,12,35,28,6,2019
Multiple carriers,Delhi,Cochin,1,7563.0,910,3,6,2019,7,10,22,20,3,6,2019
SpiceJet,Kolkata,Banglore,0,3873.0,145,27,6,2019,9,0,11,25,27,6,2019
IndiGo,Delhi,Cochin,1,6282.0,780,21,5,2019,11,55,0,55,22,5,2019
Multiple carriers,Delhi,Cochin,1,11200.0,630,6,1,2019,8,30,19,0,6,1,2019
Vistara,Banglore,Delhi,0,5613.0,165,24,4,2019,19,30,22,15,24,4,2019
IndiGo,Delhi,Cochin,0,5601.0,195,6,9,2019,14,20,17,35,6,9,2019
Jet Airways,Delhi,Cochin,1,10262.0,1355,15,6,2019,14,0,12,35,16,6,2019
IndiGo,Banglore,Delhi,0,14306.0,175,3,1,2019,20,0,22,55,3,1,2019
Jet Airways,Kolkata,Banglore,1,7064.0,1485,4,1,2019,20,0,20,45,4,2,2019
Jet Airways,Delhi,Cochin,1,18371.0,715,27,6,2019,7,5,19,0,27,6,2019
Air India,Delhi,Cochin,2,13591.0,1380,18,5,2019,20,15,19,15,19,5,2019
Jet Airways,Delhi,Cochin,2,10368.0,1615,6,1,2019,9,40,12,35,6,2,2019
Multiple carriers,Delhi,Cochin,2,18275.0,460,6,12,2019,17,50,1,30,13,6,2019
IndiGo,Banglore,Delhi,0,3749.0,170,27,5,2019,22,10,1,0,28,5,2019
Air Asia,Kolkata,Banglore,2,6810.0,500,6,6,2019,15,10,23,30,6,6,2019
Multiple carriers,Delhi,Cochin,1,7485.0,560,21,5,2019,11,40,21,0,21,5,2019
Air India,Kolkata,Banglore,0,5510.0,150,27,5,2019,14,15,16,45,27,5,2019
Jet Airways,Delhi,Cochin,1,10262.0,610,6,3,2019,18,15,4,25,6,4,2019
Multiple carriers,Delhi,Cochin,1,6723.0,540,24,6,2019,7,10,16,10,24,6,2019
Multiple carriers,Delhi,Cochin,1,8307.0,450,21,3,2019,8,0,15,30,21,3,2019
GoAir,Delhi,Cochin,1,6146.0,460,21,4,2019,5,55,13,35,21,4,2019
Jet Airways,Delhi,Cochin,2,15129.0,1390,27,5,2019,13,25,12,35,28,5,2019
Jet Airways,Kolkata,Banglore,1,14388.0,330,5,1,2019,6,30,12,0,5,1,2019
Jet Airways,Banglore,Delhi,0,4544.0,165,4,6,2019,6,0,8,45,4,6,2019
Jet Airways,Banglore,Delhi,0,5198.0,175,4,12,2019,11,10,14,5,4,12,2019
IndiGo,Delhi,Cochin,1,7503.0,975,18,5,2019,9,15,1,30,19,5,2019
GoAir,Banglore,Delhi,1,12314.0,270,3,1,2019,15,45,20,15,3,1,2019
Air India,Delhi,Cochin,1,8372.0,375,15,5,2019,13,0,19,15,15,5,2019
Jet Airways,Kolkata,Banglore,1,14781.0,425,21,5,2019,16,30,23,35,21,5,2019
Jet Airways,Banglore,Delhi,0,8016.0,180,24,6,2019,19,50,22,50,24,6,2019
IndiGo,Chennai,Kolkata,0,6297.0,140,3,12,2019,7,55,10,15,3,12,2019
Jet Airways,Kolkata,Banglore,1,14388.0,1495,5,1,2019,8,25,9,20,5,2,2019
GoAir,Delhi,Cochin,1,6393.0,370,6,1,2019,7,25,13,35,6,1,2019
Jet Airways,Kolkata,Banglore,1,14939.0,775,6,9,2019,21,10,10,5,6,10,2019
Jet Airways,Kolkata,Banglore,1,14781.0,685,21,5,2019,8,25,19,50,21,5,2019
IndiGo,Delhi,Cochin,1,14871.0,810,3,6,2019,7,30,21,0,3,6,2019
SpiceJet,Banglore,Delhi,0,4319.0,170,4,6,2019,9,30,12,20,4,6,2019
Jet Airways,Kolkata,Banglore,1,13067.0,1005,15,5,2019,17,0,9,45,16,5,2019
Jet Airways,Banglore,Delhi,1,26890.0,920,3,1,2019,16,55,8,15,3,2,2019
Jet Airways,Banglore,Delhi,1,9134.0,375,15,3,2019,7,0,13,15,15,3,2019
IndiGo,Banglore,Delhi,0,3943.0,180,4,3,2019,21,15,0,15,4,4,2019
Air India,Delhi,Cochin,1,8879.0,735,24,6,2019,7,0,19,15,24,6,2019
Jet Airways,Kolkata,Banglore,1,14571.0,1025,24,5,2019,18,55,12,0,25,5,2019
IndiGo,Kolkata,Banglore,0,5644.0,155,15,6,2019,9,35,12,10,15,6,2019
Jet Airways,Kolkata,Banglore,1,9663.0,1330,6,9,2019,6,30,4,40,6,10,2019
Jet Airways,Kolkata,Banglore,1,14571.0,570,6,9,2019,14,5,23,35,6,9,2019
SpiceJet,Banglore,Delhi,0,3971.0,175,6,9,2019,21,10,0,5,6,10,2019
Jet Airways,Delhi,Cochin,1,17024.0,590,3,6,2019,9,0,18,50,3,6,2019
SpiceJet,Kolkata,Banglore,0,3841.0,150,15,5,2019,17,10,19,40,15,5,2019
Jet Airways,Delhi,Cochin,1,12898.0,1395,27,5,2019,19,45,19,0,28,5,2019
Jet Airways,Delhi,Cochin,2,13376.0,830,6,6,2019,14,35,4,25,6,7,2019
Jet Airways,Delhi,Cochin,2,9905.0,910,15,6,2019,21,25,12,35,16,6,2019
Multiple carriers,Delhi,Cochin,1,13587.0,780,15,6,2019,8,0,21,0,15,6,2019
Multiple carriers,Delhi,Cochin,1,7740.0,900,24,6,2019,6,0,21,0,24,6,2019
Multiple carriers,Delhi,Cochin,1,9794.0,395,21,5,2019,6,0,12,35,21,5,2019
Jet Airways,Banglore,Delhi,1,17471.0,1350,3,6,2019,22,50,21,20,3,7,2019
Jet Airways,Delhi,Cochin,2,15129.0,880,3,9,2019,13,45,4,25,3,10,2019
Jet Airways,Kolkata,Banglore,1,11467.0,1730,5,1,2019,9,35,14,25,5,2,2019
Air India,Kolkata,Banglore,1,6528.0,1440,6,12,2019,14,35,14,35,13,6,2019
Multiple carriers,Delhi,Cochin,1,8266.0,705,27,6,2019,7,30,19,15,27,6,2019
IndiGo,Delhi,Cochin,1,6442.0,940,3,6,2019,6,40,22,20,3,6,2019
Jet Airways,Delhi,Cochin,1,10262.0,825,6,12,2019,22,50,12,35,13,6,2019
Jet Airways,Mumbai,Hyderabad,0,17501.0,85,3,1,2019,7,10,8,35,3,1,2019
Air India,Banglore,Delhi,0,8273.0,165,24,5,2019,6,10,8,55,24,5,2019
Air India,Delhi,Cochin,2,10703.0,1485,21,3,2019,18,30,19,15,22,3,2019
Multiple carriers,Delhi,Cochin,1,8510.0,930,15,6,2019,10,0,1,30,16,6,2019
IndiGo,Mumbai,Hyderabad,0,2754.0,90,15,3,2019,20,5,21,35,15,3,2019
IndiGo,Mumbai,Hyderabad,0,2227.0,90,18,5,2019,21,20,22,50,18,5,2019
Multiple carriers,Delhi,Cochin,2,18275.0,460,27,6,2019,17,50,1,30,28,6,2019
SpiceJet,Delhi,Cochin,1,6356.0,270,21,4,2019,8,45,13,15,21,4,2019
Jet Airways,Kolkata,Banglore,1,14781.0,400,15,5,2019,14,5,20,45,15,5,2019
Jet Airways,Delhi,Cochin,2,13029.0,1615,27,5,2019,9,40,12,35,28,5,2019
GoAir,Banglore,Delhi,0,4340.0,170,5,1,2019,11,40,14,30,5,1,2019
Air India,Kolkata,Banglore,2,12224.0,1215,6,12,2019,17,30,13,45,13,6,2019
Jet Airways,Kolkata,Banglore,1,10844.0,1545,24,5,2019,16,30,18,15,25,5,2019
IndiGo,Kolkata,Banglore,0,4174.0,165,15,4,2019,9,35,12,20,15,4,2019
Air India,Banglore,Delhi,2,14887.0,1795,3,1,2019,17,0,22,55,3,2,2019
Multiple carriers,Delhi,Cochin,1,12853.0,615,4,9,2019,9,0,19,15,4,9,2019
Air Asia,Banglore,Delhi,0,3383.0,165,15,5,2019,11,10,13,55,15,5,2019
GoAir,Banglore,Delhi,0,11111.0,175,3,1,2019,11,40,14,35,3,1,2019
Jet Airways,Banglore,Delhi,0,7229.0,180,4,1,2019,17,45,20,45,4,1,2019
Jet Airways,Banglore,Delhi,0,4030.0,180,5,6,2019,17,45,20,45,5,6,2019
IndiGo,Delhi,Cochin,1,14871.0,635,3,3,2019,15,0,1,35,3,4,2019
Jet Airways,Delhi,Cochin,1,12898.0,520,27,5,2019,19,45,4,25,28,5,2019
Multiple carriers,Delhi,Cochin,1,14533.0,465,18,5,2019,11,30,19,15,18,5,2019
Air India,Delhi,Cochin,1,7258.0,875,6,6,2019,17,40,8,15,6,7,2019
SpiceJet,Delhi,Cochin,1,4812.0,270,4,1,2019,8,45,13,15,4,1,2019
Jet Airways,Kolkata,Banglore,1,12384.0,690,5,9,2019,9,35,21,5,5,9,2019
Air India,Delhi,Cochin,2,8603.0,1180,6,6,2019,12,0,7,40,6,7,2019
Air India,Delhi,Cochin,2,8603.0,435,6,6,2019,12,0,19,15,6,6,2019
Jet Airways,Kolkata,Banglore,1,14231.0,570,24,3,2019,13,55,23,25,24,3,2019
Jet Airways,Delhi,Cochin,2,15129.0,1760,5,9,2019,23,5,4,25,5,11,2019
Air Asia,Delhi,Cochin,1,11410.0,625,6,1,2019,20,45,7,10,6,2,2019
Air India,Banglore,Delhi,2,12725.0,1475,3,12,2019,8,50,9,25,13,3,2019
Jet Airways,Delhi,Cochin,2,13292.0,1620,6,9,2019,9,35,12,35,6,10,2019
SpiceJet,Kolkata,Banglore,0,3873.0,155,24,4,2019,6,55,9,30,24,4,2019
IndiGo,Chennai,Kolkata,0,3850.0,140,15,6,2019,7,55,10,15,15,6,2019
SpiceJet,Kolkata,Banglore,1,8479.0,435,6,9,2019,11,35,18,50,6,9,2019
Jet Airways,Kolkata,Banglore,1,14151.0,840,24,5,2019,9,35,23,35,24,5,2019
Air India,Banglore,Delhi,0,5228.0,165,24,4,2019,6,10,8,55,24,4,2019
Vistara,Kolkata,Banglore,1,9397.0,1555,6,9,2019,7,10,9,5,6,10,2019
Jet Airways,Mumbai,Hyderabad,0,4995.0,85,18,6,2019,7,5,8,30,18,6,2019
Air India,Delhi,Cochin,2,10651.0,1410,6,1,2019,19,45,19,15,6,2,2019
Air Asia,Banglore,Delhi,0,4282.0,170,4,3,2019,4,55,7,45,4,3,2019
Air India,Kolkata,Banglore,2,10697.0,810,21,5,2019,8,20,21,50,21,5,2019
Jet Airways,Kolkata,Banglore,1,9314.0,1730,21,5,2019,9,35,14,25,22,5,2019
IndiGo,Chennai,Kolkata,0,3540.0,145,27,6,2019,5,15,7,40,27,6,2019
Air India,Delhi,Cochin,2,9443.0,1595,6,12,2019,16,40,19,15,13,6,2019
Multiple carriers,Delhi,Cochin,1,15147.0,480,3,6,2019,7,30,15,30,3,6,2019
Jet Airways,Banglore,Delhi,0,8016.0,180,27,6,2019,8,20,11,20,27,6,2019
IndiGo,Mumbai,Hyderabad,0,2437.0,90,24,5,2019,21,20,22,50,24,5,2019
IndiGo,Delhi,Cochin,1,6104.0,895,27,5,2019,10,35,1,30,28,5,2019
SpiceJet,Mumbai,Hyderabad,0,1965.0,90,6,6,2019,22,45,0,15,6,7,2019
Multiple carriers,Delhi,Cochin,1,7408.0,480,6,12,2019,13,0,21,0,6,12,2019
IndiGo,Mumbai,Hyderabad,0,4049.0,90,18,6,2019,6,25,7,55,18,6,2019
Jet Airways,Banglore,Delhi,0,8016.0,180,6,1,2019,19,50,22,50,6,1,2019
Multiple carriers,Delhi,Cochin,1,10197.0,720,5,9,2019,7,0,19,0,5,9,2019
Jet Airways,Kolkata,Banglore,1,10844.0,665,5,1,2019,21,10,8,15,5,2,2019
Jet Airways,Kolkata,Banglore,1,12692.0,1570,6,9,2019,17,0,19,10,6,10,2019
Jet Airways,Kolkata,Banglore,1,14781.0,475,5,6,2019,8,25,16,20,5,6,2019
GoAir,Kolkata,Banglore,1,7335.0,495,24,5,2019,23,30,7,45,25,5,2019
Jet Airways,Banglore,Delhi,0,7229.0,180,27,5,2019,8,20,11,20,27,5,2019
Vistara,Banglore,Delhi,0,4353.0,175,24,3,2019,21,10,0,5,28,3,2019
Jet Airways,Kolkata,Banglore,1,13941.0,735,18,5,2019,20,0,8,15,19,5,2019
Jet Airways,Banglore,Delhi,1,12295.0,280,3,12,2019,9,45,14,25,3,12,2019
Jet Airways,Delhi,Cochin,1,12898.0,825,27,5,2019,22,50,12,35,28,5,2019
Vistara,Kolkata,Banglore,1,7927.0,930,5,9,2019,7,10,22,40,5,9,2019
Air Asia,Banglore,Delhi,0,4483.0,170,15,4,2019,23,55,2,45,16,4,2019
Jet Airways,Banglore,Delhi,1,19225.0,405,3,6,2019,11,40,18,25,3,6,2019
GoAir,Delhi,Cochin,1,4692.0,370,24,4,2019,7,25,13,35,24,4,2019
Jet Airways,Banglore,Delhi,1,13555.0,725,18,3,2019,21,25,9,30,16,3,2019
IndiGo,Delhi,Cochin,1,6270.0,630,4,9,2019,15,0,1,30,4,10,2019
Jet Airways,Kolkata,Banglore,1,13584.0,1285,5,6,2019,18,55,16,20,5,7,2019
Jet Airways,Delhi,Cochin,2,13180.0,1600,21,3,2019,16,10,18,50,22,3,2019
Jet Airways,Kolkata,Banglore,1,14151.0,1295,5,12,2019,20,25,18,0,13,5,2019
Vistara,Delhi,Cochin,0,6216.0,190,5,12,2019,6,0,9,10,5,12,2019
Multiple carriers,Delhi,Cochin,1,15135.0,680,3,3,2019,7,30,18,50,3,3,2019
Multiple carriers,Delhi,Cochin,1,15136.0,570,3,6,2019,11,30,21,0,3,6,2019
Jet Airways,Delhi,Cochin,1,10262.0,1005,27,6,2019,2,15,19,0,27,6,2019
Jet Airways,Kolkata,Banglore,1,12384.0,750,18,5,2019,9,35,22,5,18,5,2019
Jet Airways,Kolkata,Banglore,1,9314.0,575,4,1,2019,9,35,19,10,4,1,2019
Jet Airways,Kolkata,Banglore,1,9314.0,1500,5,6,2019,17,0,18,0,5,7,2019
Air India,Delhi,Cochin,1,10454.0,615,6,1,2019,9,0,19,15,6,1,2019
Air India,Delhi,Cochin,1,8372.0,520,18,5,2019,23,0,7,40,19,5,2019
Jet Airways,Delhi,Cochin,1,11848.0,520,3,9,2019,19,45,4,25,3,10,2019
IndiGo,Delhi,Cochin,1,6416.0,750,6,1,2019,8,30,21,0,6,1,2019
IndiGo,Mumbai,Hyderabad,0,3342.0,90,4,1,2019,9,10,10,40,4,1,2019
Jet Airways,Kolkata,Banglore,2,10118.0,1495,6,6,2019,6,30,7,25,6,7,2019
Air India,Kolkata,Banglore,2,14960.0,1185,6,12,2019,16,45,12,30,13,6,2019
IndiGo,Delhi,Cochin,1,6818.0,665,15,6,2019,5,5,16,10,15,6,2019
Air India,Kolkata,Banglore,0,5510.0,150,6,12,2019,14,15,16,45,6,12,2019
Jet Airways,Kolkata,Banglore,1,14388.0,1610,21,5,2019,6,30,9,20,22,5,2019
Multiple carriers,Delhi,Cochin,1,7038.0,455,6,3,2019,14,55,22,30,6,3,2019
Multiple carriers,Delhi,Cochin,1,8266.0,630,5,9,2019,8,45,19,15,5,9,2019
Jet Airways,Delhi,Cochin,2,14300.0,1480,27,6,2019,18,20,19,0,28,6,2019
Air India,Kolkata,Banglore,1,8366.0,1350,5,9,2019,9,25,7,55,5,10,2019
Jet Airways,Banglore,Delhi,1,17261.0,695,3,6,2019,22,50,10,25,3,7,2019
Vistara,Kolkata,Banglore,1,8452.0,1555,6,6,2019,7,10,9,5,6,7,2019
IndiGo,Kolkata,Banglore,1,8567.0,320,4,1,2019,15,10,20,30,4,1,2019
Multiple carriers,Delhi,Cochin,1,9646.0,925,15,6,2019,7,5,22,30,15,6,2019
Air India,Delhi,Cochin,2,8341.0,1275,4,9,2019,22,0,19,15,4,10,2019
Jet Airways,Delhi,Cochin,1,12373.0,1530,5,9,2019,17,30,19,0,5,10,2019
SpiceJet,Chennai,Kolkata,0,3543.0,140,21,6,2019,17,45,20,5,21,6,2019
Jet Airways,Kolkata,Banglore,1,13994.0,395,6,9,2019,17,0,23,35,6,9,2019
IndiGo,Banglore,Delhi,0,4777.0,170,24,3,2019,4,0,6,50,24,3,2019
Multiple carriers,Delhi,Cochin,1,7038.0,455,6,1,2019,14,55,22,30,6,1,2019
IndiGo,Mumbai,Hyderabad,0,3175.0,90,4,3,2019,16,55,18,25,4,3,2019
Multiple carriers,Delhi,Cochin,1,7408.0,660,6,9,2019,10,0,21,0,6,9,2019
IndiGo,Banglore,Delhi,0,3943.0,180,15,6,2019,21,15,0,15,16,6,2019
Jet Airways,Delhi,Cochin,1,15974.0,1225,3,6,2019,8,0,4,25,3,7,2019
SpiceJet,Kolkata,Banglore,0,3873.0,155,27,5,2019,6,55,9,30,27,5,2019
IndiGo,Banglore,Delhi,0,4423.0,170,15,4,2019,10,10,13,0,15,4,2019
Jet Airways,Delhi,Cochin,2,15129.0,1125,27,5,2019,9,40,4,25,28,5,2019
IndiGo,Delhi,Cochin,1,8285.0,755,21,3,2019,8,25,21,0,21,3,2019
Air India,Mumbai,Hyderabad,0,3100.0,80,6,6,2019,6,20,7,40,6,6,2019
Air India,Banglore,Delhi,2,25430.0,1475,3,1,2019,8,50,9,25,3,2,2019
SpiceJet,Mumbai,Hyderabad,0,2385.0,80,18,3,2019,13,10,14,30,18,3,2019
Jet Airways,Kolkata,Banglore,1,11316.0,435,6,6,2019,10,20,17,35,6,6,2019
Jet Airways,Delhi,Cochin,1,10262.0,1005,15,6,2019,2,15,19,0,15,6,2019
Air India,Kolkata,Banglore,2,7662.0,445,24,5,2019,5,50,13,15,24,5,2019
Jet Airways,Kolkata,Banglore,1,14231.0,1605,24,3,2019,16,55,19,40,25,3,2019
IndiGo,Delhi,Cochin,1,6838.0,705,6,9,2019,9,15,21,0,6,9,2019
Jet Airways,Delhi,Cochin,2,13376.0,1300,15,6,2019,6,45,4,25,16,6,2019
Jet Airways,Delhi,Cochin,1,10262.0,1680,24,6,2019,15,0,19,0,25,6,2019
IndiGo,Delhi,Cochin,1,8574.0,480,27,3,2019,7,30,15,30,27,3,2019
Jet Airways,Banglore,Delhi,1,7832.0,615,3,9,2019,21,25,7,40,13,3,2019
Multiple carriers,Delhi,Cochin,1,12192.0,910,24,6,2019,3,50,19,0,24,6,2019
Jet Airways,Mumbai,Hyderabad,0,4050.0,90,15,6,2019,10,20,11,50,15,6,2019
GoAir,Banglore,Delhi,0,6722.0,175,4,12,2019,7,45,10,40,4,12,2019
Jet Airways,Kolkata,Banglore,1,10844.0,1220,6,9,2019,20,0,16,20,6,10,2019
Multiple carriers,Delhi,Cochin,1,7408.0,840,15,6,2019,7,0,21,0,15,6,2019
Jet Airways,Delhi,Cochin,1,14189.0,455,21,3,2019,20,50,4,25,22,3,2019
SpiceJet,Kolkata,Banglore,0,3841.0,150,24,5,2019,17,10,19,40,24,5,2019
Jet Airways,Kolkata,Banglore,1,8586.0,875,5,9,2019,14,5,4,40,5,10,2019
Multiple carriers,Delhi,Cochin,1,7155.0,520,27,6,2019,10,35,19,15,27,6,2019
Jet Airways,Kolkata,Banglore,1,9899.0,590,6,12,2019,8,25,18,15,6,12,2019
Jet Airways,Kolkata,Banglore,1,14571.0,685,6,6,2019,8,25,19,50,6,6,2019
IndiGo,Banglore,Delhi,0,4823.0,175,18,5,2019,18,55,21,50,18,5,2019
Jet Airways,Banglore,Delhi,0,4544.0,180,5,9,2019,8,20,11,20,5,9,2019
Air India,Banglore,Delhi,1,14752.0,1200,3,1,2019,0,30,20,30,3,1,2019
Air India,Kolkata,Banglore,2,11542.0,1700,5,9,2019,9,25,13,45,5,10,2019
Jet Airways,Delhi,Cochin,0,7202.0,195,21,5,2019,9,50,13,5,21,5,2019
Multiple carriers,Delhi,Cochin,1,11098.0,505,6,9,2019,10,35,19,0,6,9,2019
Air India,Mumbai,Hyderabad,0,2575.0,75,27,3,2019,19,30,20,45,27,3,2019
Multiple carriers,Delhi,Cochin,1,6673.0,755,27,3,2019,13,0,1,35,28,3,2019
IndiGo,Banglore,Delhi,0,14306.0,170,3,1,2019,18,55,21,45,3,1,2019
Jet Airways,Delhi,Cochin,1,15554.0,395,18,5,2019,21,50,4,25,19,5,2019
Jet Airways,Kolkata,Banglore,1,9314.0,1730,15,5,2019,9,35,14,25,16,5,2019
Jet Airways,Mumbai,Hyderabad,0,4995.0,90,3,9,2019,6,30,8,0,3,9,2019
Jet Airways,Banglore,Delhi,1,7832.0,1200,21,3,2019,11,40,7,40,19,3,2019
Jet Airways,Kolkata,Banglore,1,8586.0,1430,21,5,2019,8,25,8,15,22,5,2019
Air India,Delhi,Cochin,0,6094.0,170,27,4,2019,5,10,8,0,27,4,2019
Jet Airways,Delhi,Cochin,2,13292.0,810,24,6,2019,5,30,19,0,24,6,2019
Jet Airways,Delhi,Cochin,2,10368.0,1375,6,9,2019,5,30,4,25,6,10,2019
Multiple carriers,Delhi,Cochin,1,9718.0,660,27,5,2019,10,0,21,0,27,5,2019
Jet Airways,Banglore,Delhi,1,7412.0,1365,21,3,2019,8,55,7,40,19,3,2019
Air India,Delhi,Cochin,2,10441.0,1275,6,6,2019,22,0,19,15,6,7,2019
IndiGo,Delhi,Cochin,1,14871.0,890,3,3,2019,10,45,1,35,3,4,2019
Jet Airways,Delhi,Cochin,1,15554.0,660,18,5,2019,8,0,19,0,18,5,2019
Jet Airways,Banglore,Delhi,1,36235.0,305,3,1,2019,14,5,19,10,3,1,2019
IndiGo,Mumbai,Hyderabad,0,3175.0,90,24,3,2019,16,55,18,25,24,3,2019
SpiceJet,Chennai,Kolkata,0,3597.0,140,24,5,2019,17,45,20,5,24,5,2019
SpiceJet,Mumbai,Hyderabad,0,1965.0,90,27,6,2019,13,15,14,45,27,6,2019
Multiple carriers,Delhi,Cochin,1,12717.0,540,24,6,2019,10,0,19,0,24,6,2019
IndiGo,Delhi,Cochin,0,6015.0,195,6,3,2019,14,25,17,40,6,3,2019
Air Asia,Banglore,Delhi,0,5615.0,165,3,9,2019,23,25,2,10,3,10,2019
Multiple carriers,Delhi,Cochin,1,7845.0,395,27,3,2019,19,0,1,35,28,3,2019
Jet Airways,Kolkata,Banglore,1,10844.0,1525,6,9,2019,21,10,22,35,6,10,2019
Jet Airways,Banglore,Delhi,1,27210.0,460,15,3,2019,21,25,5,5,13,3,2019
IndiGo,Kolkata,Banglore,0,4174.0,150,4,6,2019,14,25,16,55,4,6,2019
Multiple carriers,Delhi,Cochin,1,6883.0,780,21,3,2019,8,0,21,0,21,3,2019
Multiple carriers,Delhi,Cochin,1,6883.0,720,21,3,2019,9,0,21,0,21,3,2019
Jet Airways,Kolkata,Banglore,1,8355.0,435,21,5,2019,10,20,17,35,21,5,2019
SpiceJet,Banglore,Delhi,0,5469.0,170,24,3,2019,20,30,23,20,24,3,2019
Jet Airways,Banglore,Delhi,0,6478.0,165,27,6,2019,6,0,8,45,27,6,2019
Vistara,Banglore,Delhi,0,11913.0,160,3,3,2019,19,40,22,20,3,3,2019
IndiGo,Delhi,Cochin,1,7006.0,415,21,5,2019,18,35,1,30,22,5,2019
Jet Airways,Kolkata,Banglore,1,12681.0,365,4,1,2019,16,30,22,35,4,1,2019
Jet Airways,Delhi,Cochin,2,15129.0,1195,21,5,2019,23,5,19,0,22,5,2019
Multiple carriers,Delhi,Cochin,1,13587.0,420,15,6,2019,14,0,21,0,15,6,2019
Jet Airways,Delhi,Cochin,1,14714.0,1425,6,1,2019,19,15,19,0,6,2,2019
IndiGo,Banglore,Delhi,1,6220.0,290,3,3,2019,7,30,12,20,3,3,2019
Jet Airways,Delhi,Cochin,1,10262.0,330,6,6,2019,7,5,12,35,6,6,2019
Air India,Kolkata,Banglore,1,8576.0,545,5,12,2019,9,25,18,30,5,12,2019
Jet Airways,Kolkata,Banglore,1,10031.0,1495,24,3,2019,19,45,20,40,25,3,2019
Jet Airways,Delhi,Cochin,2,12819.0,1430,24,6,2019,19,10,19,0,25,6,2019
GoAir,Delhi,Cochin,1,5052.0,370,15,4,2019,7,25,13,35,15,4,2019
Jet Airways,Banglore,Delhi,1,22270.0,1455,3,1,2019,8,0,8,15,3,2,2019
Vistara,Banglore,Delhi,0,5613.0,160,27,4,2019,7,0,9,40,27,4,2019
SpiceJet,Kolkata,Banglore,0,3873.0,145,4,1,2019,9,0,11,25,4,1,2019
IndiGo,Delhi,Cochin,0,6015.0,195,15,5,2019,5,35,8,50,15,5,2019
Jet Airways,Kolkata,Banglore,1,10844.0,330,6,9,2019,6,30,12,0,6,9,2019
SpiceJet,Mumbai,Hyderabad,0,2227.0,90,5,12,2019,13,15,14,45,5,12,2019
Jet Airways,Banglore,Delhi,0,7229.0,180,4,1,2019,19,50,22,50,4,1,2019
Jet Airways,Delhi,Cochin,2,10368.0,810,6,6,2019,5,30,19,0,6,6,2019
Jet Airways,Delhi,Cochin,1,12898.0,655,21,5,2019,17,30,4,25,22,5,2019
Multiple carriers,Delhi,Cochin,1,12192.0,720,6,12,2019,7,0,19,0,6,12,2019
Jet Airways,Kolkata,Banglore,1,12121.0,840,5,9,2019,9,35,23,35,5,9,2019
Air India,Delhi,Cochin,2,16163.0,1490,27,5,2019,6,50,7,40,28,5,2019
Jet Airways,Banglore,Delhi,1,12284.0,760,18,3,2019,5,45,18,25,18,3,2019
IndiGo,Banglore,Delhi,0,5780.0,165,21,6,2019,19,30,22,15,21,6,2019
Jet Airways,Mumbai,Hyderabad,0,4995.0,90,5,9,2019,10,20,11,50,5,9,2019
IndiGo,Delhi,Cochin,1,6496.0,295,6,9,2019,5,10,10,5,6,9,2019
Air India,Delhi,Cochin,2,12488.0,1855,6,12,2019,12,20,19,15,13,6,2019
IndiGo,Banglore,Delhi,0,4823.0,175,15,5,2019,7,10,10,5,15,5,2019
SpiceJet,Mumbai,Hyderabad,0,2647.0,90,18,6,2019,5,45,7,15,18,6,2019
IndiGo,Banglore,Delhi,0,12649.0,170,3,3,2019,13,0,15,50,3,3,2019
Multiple carriers,Delhi,Cochin,1,8266.0,455,6,12,2019,11,40,19,15,6,12,2019
Vistara,Delhi,Cochin,0,6216.0,190,15,5,2019,6,0,9,10,15,5,2019
IndiGo,Banglore,Delhi,0,4423.0,165,4,1,2019,1,30,4,15,4,1,2019
Jet Airways,Banglore,Delhi,1,17996.0,1455,3,6,2019,8,0,8,15,3,7,2019
SpiceJet,Delhi,Cochin,1,5726.0,270,15,4,2019,8,45,13,15,15,4,2019
Multiple carriers,Delhi,Cochin,1,15147.0,570,3,6,2019,6,0,15,30,3,6,2019
Jet Airways,Delhi,Cochin,1,15554.0,1325,18,5,2019,20,55,19,0,19,5,2019
Jet Airways,Delhi,Cochin,2,12819.0,1760,24,6,2019,23,5,4,25,26,6,2019
Multiple carriers,Delhi,Cochin,1,7198.0,450,27,6,2019,18,0,1,30,28,6,2019
IndiGo,Delhi,Cochin,1,5073.0,300,4,3,2019,16,0,21,0,4,3,2019
IndiGo,Banglore,Delhi,0,3943.0,180,27,6,2019,21,15,0,15,28,6,2019
Jet Airways,Mumbai,Hyderabad,0,3205.0,85,27,3,2019,7,10,8,35,27,3,2019
SpiceJet,Banglore,Delhi,0,3257.0,160,5,12,2019,5,55,8,35,5,12,2019
IndiGo,Kolkata,Banglore,0,4804.0,155,6,3,2019,22,15,0,50,6,4,2019
IndiGo,Banglore,Delhi,1,10231.0,285,3,9,2019,16,50,21,35,3,9,2019
Jet Airways,Delhi,Cochin,1,12898.0,450,21,5,2019,20,55,4,25,22,5,2019
IndiGo,Mumbai,Hyderabad,0,2227.0,85,21,3,2019,21,20,22,45,21,3,2019
Air India,Kolkata,Banglore,2,9258.0,1390,4,1,2019,12,0,11,10,4,2,2019
Jet Airways,Kolkata,Banglore,1,9663.0,1010,24,5,2019,16,30,9,20,25,5,2019
Jet Airways,Mumbai,Hyderabad,0,8040.0,85,21,5,2019,7,5,8,30,21,5,2019
GoAir,Banglore,Delhi,0,3419.0,165,6,6,2019,20,55,23,40,6,6,2019
Jet Airways,Banglore,Delhi,0,8016.0,180,6,1,2019,7,10,10,10,6,1,2019
Jet Airways,Banglore,Delhi,0,7229.0,180,4,6,2019,17,45,20,45,4,6,2019
GoAir,Delhi,Cochin,1,4959.0,540,6,6,2019,10,35,19,35,6,6,2019
Air India,Kolkata,Banglore,2,10151.0,1390,6,9,2019,12,0,11,10,6,10,2019
Air India,Delhi,Cochin,3,10703.0,2280,18,5,2019,5,15,19,15,19,5,2019
Jet Airways,Kolkata,Banglore,1,10844.0,590,6,9,2019,8,25,18,15,6,9,2019
IndiGo,Delhi,Cochin,1,7205.0,370,3,6,2019,16,10,22,20,3,6,2019
Jet Airways,Banglore,Delhi,1,12284.0,570,18,3,2019,8,55,18,25,18,3,2019
Jet Airways,Kolkata,Banglore,1,13994.0,750,6,9,2019,9,35,22,5,6,9,2019
IndiGo,Delhi,Cochin,0,6015.0,195,15,4,2019,14,25,17,40,15,4,2019
IndiGo,Kolkata,Banglore,1,4226.0,255,4,3,2019,6,15,10,30,4,3,2019
Jet Airways,Delhi,Cochin,2,9483.0,1420,21,3,2019,19,10,18,50,22,3,2019
Jet Airways,Banglore,Delhi,0,5198.0,180,15,5,2019,7,10,10,10,15,5,2019
Jet Airways,Delhi,Cochin,2,10368.0,810,27,6,2019,5,30,19,0,27,6,2019
Vistara,Chennai,Kolkata,0,11982.0,140,6,3,2019,17,45,20,5,6,3,2019
Air India,Banglore,Delhi,1,8032.0,1510,15,3,2019,11,50,13,0,16,3,2019
Air India,Kolkata,Banglore,0,5510.0,150,15,5,2019,14,15,16,45,15,5,2019
IndiGo,Delhi,Cochin,1,8177.0,305,5,9,2019,23,30,4,35,5,10,2019
Air Asia,Delhi,Cochin,1,11410.0,340,6,1,2019,16,45,22,25,6,1,2019
GoAir,Delhi,Cochin,1,9385.0,350,21,3,2019,7,0,12,50,21,3,2019
Jet Airways,Delhi,Cochin,1,10262.0,540,6,6,2019,10,0,19,0,6,6,2019
SpiceJet,Kolkata,Banglore,0,3873.0,145,18,6,2019,9,0,11,25,18,6,2019
Multiple carriers,Delhi,Cochin,1,11999.0,430,21,3,2019,11,40,18,50,21,3,2019
Jet Airways,Delhi,Cochin,2,14300.0,1095,27,6,2019,18,20,12,35,28,6,2019
SpiceJet,Mumbai,Hyderabad,0,2175.0,90,5,12,2019,13,15,14,45,5,12,2019
Air India,Delhi,Cochin,2,14431.0,1490,5,9,2019,6,50,7,40,5,10,2019
Jet Airways,Banglore,Delhi,0,7229.0,165,21,5,2019,6,0,8,45,21,5,2019
IndiGo,Kolkata,Banglore,1,3809.0,265,24,5,2019,19,20,23,45,24,5,2019
Multiple carriers,Delhi,Cochin,1,7354.0,705,24,6,2019,7,30,19,15,24,6,2019
Multiple carriers,Delhi,Cochin,1,12537.0,450,27,3,2019,8,0,15,30,27,3,2019
Air India,Delhi,Cochin,1,9719.0,375,27,5,2019,13,0,19,15,27,5,2019
Jet Airways,Mumbai,Hyderabad,0,8040.0,90,24,5,2019,10,20,11,50,24,5,2019
Jet Airways,Mumbai,Hyderabad,0,4995.0,85,24,5,2019,7,5,8,30,24,5,2019
IndiGo,Banglore,Delhi,0,4591.0,170,4,6,2019,23,30,2,20,4,7,2019
Air India,Kolkata,Banglore,1,7662.0,1700,6,6,2019,16,45,21,5,6,7,2019
IndiGo,Chennai,Kolkata,0,3850.0,140,24,6,2019,7,55,10,15,24,6,2019
IndiGo,Delhi,Cochin,1,6442.0,835,6,3,2019,8,35,22,30,6,3,2019
IndiGo,Delhi,Cochin,1,11378.0,305,6,3,2019,23,30,4,35,6,4,2019
Multiple carriers,Delhi,Cochin,1,13377.0,630,27,6,2019,15,0,1,30,28,6,2019
Jet Airways,Kolkata,Banglore,1,10844.0,740,21,5,2019,8,25,20,45,21,5,2019
Jet Airways,Mumbai,Hyderabad,0,4995.0,85,5,9,2019,7,5,8,30,5,9,2019
Air India,Delhi,Cochin,2,6057.0,970,27,3,2019,17,15,9,25,28,3,2019
Air India,Banglore,Delhi,0,5176.0,165,4,6,2019,10,0,12,45,4,6,2019
Jet Airways,Delhi,Cochin,2,13014.0,1125,6,9,2019,9,40,4,25,6,10,2019
IndiGo,Banglore,Delhi,1,7917.0,260,3,1,2019,16,15,20,35,3,1,2019
SpiceJet,Delhi,Cochin,1,5583.0,315,6,9,2019,6,5,11,20,6,9,2019
Jet Airways,Banglore,Delhi,0,7229.0,165,4,9,2019,6,0,8,45,4,9,2019
IndiGo,Delhi,Cochin,1,7191.0,570,18,5,2019,16,0,1,30,19,5,2019
Jet Airways,Mumbai,Hyderabad,0,3210.0,90,6,12,2019,19,35,21,5,6,12,2019
IndiGo,Delhi,Cochin,1,14871.0,635,3,6,2019,15,0,1,35,3,7,2019
Multiple carriers,Delhi,Cochin,1,8099.0,645,15,5,2019,8,30,19,15,15,5,2019
Air India,Kolkata,Banglore,1,8366.0,545,21,5,2019,9,25,18,30,21,5,2019
IndiGo,Chennai,Kolkata,0,6297.0,140,3,9,2019,22,5,0,25,3,10,2019
Multiple carriers,Delhi,Cochin,1,18286.0,480,3,3,2019,13,0,21,0,3,3,2019
Jet Airways,Delhi,Cochin,1,17024.0,1240,3,6,2019,23,5,19,45,3,7,2019
Jet Airways,Banglore,Delhi,0,6144.0,180,24,4,2019,7,10,10,10,24,4,2019
Multiple carriers,Delhi,Cochin,1,13941.0,825,3,9,2019,6,0,19,45,3,9,2019
Jet Airways,Banglore,Delhi,0,3702.0,185,5,9,2019,18,55,22,0,5,9,2019
SpiceJet,Delhi,Cochin,1,5583.0,315,15,5,2019,6,5,11,20,15,5,2019
Air India,Mumbai,Hyderabad,1,10208.0,810,3,12,2019,19,40,9,10,13,3,2019
Jet Airways,Kolkata,Banglore,1,12384.0,505,5,6,2019,9,35,18,0,5,6,2019
Air India,Kolkata,Banglore,2,17049.0,1165,5,6,2019,10,0,5,25,5,7,2019
IndiGo,Delhi,Cochin,1,7006.0,810,24,5,2019,7,30,21,0,24,5,2019
Air India,Kolkata,Banglore,2,12723.0,875,6,12,2019,5,50,20,25,6,12,2019
Jet Airways,Delhi,Cochin,1,10577.0,1225,6,12,2019,8,0,4,25,13,6,2019
Jet Airways,Banglore,Delhi,1,16736.0,730,3,6,2019,7,0,19,10,3,6,2019
Jet Airways,Delhi,Cochin,1,10262.0,925,24,6,2019,13,0,4,25,25,6,2019
Multiple carriers,Delhi,Cochin,1,7155.0,470,24,6,2019,11,25,19,15,24,6,2019
Multiple carriers,Delhi,Cochin,1,15147.0,915,3,3,2019,10,20,1,35,3,4,2019
IndiGo,Banglore,Delhi,0,4823.0,175,6,12,2019,7,10,10,5,6,12,2019
Air India,Banglore,Delhi,1,8714.0,410,15,3,2019,9,30,16,20,15,3,2019
Jet Airways,Kolkata,Banglore,1,10953.0,1450,5,6,2019,9,35,9,45,5,7,2019
Air India,Kolkata,Banglore,1,10203.0,1435,6,12,2019,20,30,20,25,13,6,2019
Jet Airways,Delhi,Cochin,1,12373.0,1415,18,5,2019,13,0,12,35,19,5,2019
Jet Airways,Kolkata,Banglore,1,14151.0,840,5,12,2019,9,35,23,35,5,12,2019
Jet Airways,Kolkata,Banglore,1,12121.0,1730,24,5,2019,9,35,14,25,25,5,2019
Vistara,Delhi,Cochin,0,5586.0,190,4,9,2019,6,0,9,10,4,9,2019
Jet Airways,Kolkata,Banglore,1,10844.0,1655,18,5,2019,8,25,12,0,19,5,2019
Jet Airways,Kolkata,Banglore,1,8586.0,450,21,5,2019,21,10,4,40,22,5,2019
SpiceJet,Delhi,Cochin,1,5409.0,295,6,6,2019,17,55,22,50,6,6,2019
Multiple carriers,Delhi,Cochin,2,7178.0,695,21,3,2019,9,45,21,20,21,3,2019
Multiple carriers,Delhi,Cochin,1,5797.0,910,24,6,2019,10,20,1,30,25,6,2019
Jet Airways,Kolkata,Banglore,1,13759.0,1435,24,3,2019,19,45,19,40,25,3,2019
Air India,Kolkata,Banglore,2,13873.0,1100,24,5,2019,7,0,1,20,25,5,2019
Jet Airways,Delhi,Cochin,1,16079.0,1325,21,5,2019,20,55,19,0,22,5,2019
SpiceJet,Mumbai,Hyderabad,0,2017.0,90,27,6,2019,13,15,14,45,27,6,2019
Jet Airways,Kolkata,Banglore,1,10844.0,1335,18,5,2019,20,0,18,15,19,5,2019
SpiceJet,Banglore,Delhi,0,3573.0,175,24,4,2019,21,10,0,5,25,4,2019
Jet Airways,Kolkata,Banglore,1,8066.0,1450,5,6,2019,9,35,9,45,5,7,2019
Jet Airways,Delhi,Cochin,1,14053.0,1320,3,9,2019,20,50,18,50,3,10,2019
Jet Airways,Banglore,Delhi,1,12284.0,435,18,3,2019,8,0,15,15,18,3,2019
SpiceJet,Delhi,Cochin,1,5351.0,315,4,9,2019,6,5,11,20,4,9,2019
Jet Airways,Kolkata,Banglore,1,7064.0,1430,4,1,2019,16,30,16,20,4,2,2019
IndiGo,Delhi,Cochin,1,10394.0,320,3,3,2019,2,5,7,25,3,3,2019
Jet Airways,Kolkata,Banglore,1,9663.0,865,15,5,2019,18,55,9,20,16,5,2019
Multiple carriers,Delhi,Cochin,1,13727.0,480,18,5,2019,17,30,1,30,19,5,2019
Jet Airways,Delhi,Cochin,1,10262.0,1040,6,12,2019,19,15,12,35,13,6,2019
IndiGo,Banglore,Delhi,0,4823.0,175,4,9,2019,7,10,10,5,4,9,2019
Air Asia,Banglore,Delhi,0,7074.0,170,3,3,2019,5,50,8,40,3,3,2019
Multiple carriers,Delhi,Cochin,1,17267.0,835,3,6,2019,7,5,21,0,3,6,2019
Multiple carriers,Delhi,Cochin,1,14067.0,630,21,5,2019,15,0,1,30,22,5,2019
IndiGo,Banglore,Delhi,0,4823.0,170,5,1,2019,8,30,11,20,5,1,2019
IndiGo,Banglore,Delhi,0,4823.0,170,27,4,2019,20,0,22,50,27,4,2019
Air Asia,Banglore,Delhi,0,4483.0,170,5,12,2019,23,55,2,45,13,5,2019
Air India,Kolkata,Banglore,2,14960.0,805,6,6,2019,9,50,23,15,6,6,2019
Air India,Banglore,Delhi,0,7171.0,165,6,1,2019,17,0,19,45,6,1,2019
Air India,Kolkata,Banglore,1,12173.0,745,24,3,2019,20,30,8,55,25,3,2019
Air India,Banglore,Delhi,1,11392.0,495,3,3,2019,0,30,8,45,3,3,2019
Air India,Kolkata,Banglore,2,16057.0,1665,15,5,2019,10,0,13,45,16,5,2019
Jet Airways,Kolkata,Banglore,1,14151.0,1075,6,9,2019,17,0,10,55,6,10,2019
Jet Airways,Banglore,Delhi,0,4030.0,175,21,5,2019,11,10,14,5,21,5,2019
IndiGo,Kolkata,Banglore,1,4226.0,220,5,6,2019,19,35,23,15,5,6,2019
Air India,Delhi,Cochin,1,11050.0,915,3,9,2019,4,0,19,15,3,9,2019
Air India,Banglore,Delhi,0,6961.0,165,21,5,2019,10,0,12,45,21,5,2019
Jet Airways,Kolkata,Banglore,1,14231.0,725,24,3,2019,21,10,9,15,25,3,2019
Jet Airways,Delhi,Cochin,2,10919.0,1320,27,6,2019,14,35,12,35,28,6,2019
Air India,Delhi,Cochin,2,10913.0,735,27,3,2019,7,0,19,15,27,3,2019
IndiGo,Chennai,Kolkata,0,5277.0,140,27,6,2019,22,5,0,25,28,6,2019
Multiple carriers,Delhi,Cochin,1,7485.0,640,21,5,2019,10,20,21,0,21,5,2019
Jet Airways,Kolkata,Banglore,1,14231.0,1405,24,3,2019,16,55,16,20,25,3,2019
GoAir,Delhi,Cochin,1,4201.0,370,4,6,2019,7,25,13,35,4,6,2019
Air India,Delhi,Cochin,0,7931.0,180,3,6,2019,14,10,17,10,3,6,2019
Multiple carriers,Delhi,Cochin,1,6513.0,455,15,5,2019,14,55,22,30,15,5,2019
Jet Airways,Delhi,Cochin,1,14714.0,1680,6,6,2019,15,0,19,0,6,7,2019
IndiGo,Kolkata,Banglore,1,6218.0,325,5,9,2019,18,5,23,30,5,9,2019
Air India,Delhi,Cochin,2,8603.0,435,27,6,2019,12,0,19,15,27,6,2019
IndiGo,Delhi,Cochin,1,7318.0,750,21,5,2019,8,30,21,0,21,5,2019
Multiple carriers,Delhi,Cochin,1,13504.0,540,15,6,2019,10,0,19,0,15,6,2019
Multiple carriers,Delhi,Cochin,1,9646.0,925,15,5,2019,7,5,22,30,15,5,2019
IndiGo,Kolkata,Banglore,0,5224.0,155,27,5,2019,11,30,14,5,27,5,2019
Jet Airways,Kolkata,Banglore,1,12692.0,505,6,12,2019,9,35,18,0,6,12,2019
Jet Airways,Kolkata,Banglore,1,9689.0,435,6,6,2019,10,20,17,35,6,6,2019
Air India,Kolkata,Banglore,2,13033.0,920,5,9,2019,10,0,1,20,5,10,2019
Jet Airways,Kolkata,Banglore,1,13626.0,590,6,12,2019,6,30,16,20,6,12,2019
IndiGo,Mumbai,Hyderabad,0,2754.0,90,18,5,2019,19,5,20,35,18,5,2019
Jet Airways,Kolkata,Banglore,1,12121.0,1005,5,9,2019,17,0,9,45,5,10,2019
IndiGo,Banglore,Delhi,0,3419.0,165,24,4,2019,1,30,4,15,24,4,2019
Air India,Kolkata,Banglore,2,13033.0,920,21,5,2019,10,0,1,20,22,5,2019
IndiGo,Kolkata,Banglore,0,4174.0,155,4,6,2019,4,40,7,15,4,6,2019
Air Asia,Delhi,Cochin,1,6152.0,870,27,6,2019,7,55,22,25,27,6,2019
Air India,Delhi,Cochin,0,5201.0,170,27,6,2019,5,10,8,0,27,6,2019
Jet Airways,Banglore,Delhi,1,9134.0,550,15,3,2019,7,0,16,10,15,3,2019
Air India,Kolkata,Banglore,2,13243.0,1100,18,5,2019,7,0,1,20,19,5,2019
Jet Airways,Delhi,Cochin,2,15129.0,1375,27,5,2019,5,30,4,25,28,5,2019
Jet Airways,Mumbai,Hyderabad,0,2759.0,90,5,9,2019,19,35,21,5,5,9,2019
IndiGo,Banglore,Delhi,0,4423.0,165,15,5,2019,6,5,8,50,15,5,2019
Vistara,Kolkata,Banglore,1,9187.0,930,18,5,2019,7,10,22,40,18,5,2019
Multiple carriers,Delhi,Cochin,1,7740.0,920,18,5,2019,7,10,22,30,18,5,2019
Jet Airways,Banglore,Delhi,0,6144.0,180,24,5,2019,19,50,22,50,24,5,2019
Multiple carriers,Delhi,Cochin,1,10877.0,460,6,9,2019,4,55,12,35,6,9,2019
IndiGo,Delhi,Cochin,1,6442.0,635,15,6,2019,11,55,22,30,15,6,2019
IndiGo,Delhi,Cochin,1,7048.0,645,27,3,2019,4,45,15,30,27,3,2019
Multiple carriers,Delhi,Cochin,1,5797.0,615,27,6,2019,15,15,1,30,28,6,2019
Air India,Banglore,Delhi,2,10573.0,1030,3,3,2019,6,45,23,55,3,3,2019
IndiGo,Delhi,Cochin,1,7503.0,750,15,5,2019,8,30,21,0,15,5,2019
IndiGo,Delhi,Cochin,1,6104.0,480,6,12,2019,17,30,1,30,13,6,2019
Jet Airways,Kolkata,Banglore,1,9663.0,665,5,9,2019,21,10,8,15,5,10,2019
Jet Airways,Banglore,Delhi,0,5769.0,175,6,3,2019,11,10,14,5,6,3,2019
Air India,Mumbai,Hyderabad,0,3100.0,90,15,6,2019,13,55,15,25,15,6,2019
Jet Airways,Delhi,Cochin,1,12373.0,655,18,5,2019,17,30,4,25,19,5,2019
SpiceJet,Kolkata,Banglore,0,3815.0,150,15,3,2019,9,0,11,30,15,3,2019
Jet Airways,Delhi,Cochin,2,14300.0,1460,15,6,2019,12,15,12,35,16,6,2019
IndiGo,Banglore,Delhi,0,4823.0,175,6,1,2019,7,10,10,5,6,1,2019
IndiGo,Mumbai,Hyderabad,0,2754.0,90,18,6,2019,19,5,20,35,18,6,2019
Multiple carriers,Delhi,Cochin,1,9736.0,795,6,3,2019,6,0,19,15,6,3,2019
Jet Airways,Banglore,Delhi,1,7280.0,280,21,3,2019,9,45,14,25,21,3,2019
Multiple carriers,Delhi,Cochin,1,7408.0,780,6,9,2019,8,0,21,0,6,9,2019
Jet Airways,Kolkata,Banglore,1,13044.0,960,6,12,2019,20,0,12,0,13,6,2019
Air India,Kolkata,Banglore,2,12723.0,1045,24,5,2019,5,50,23,15,24,5,2019
Jet Airways,Kolkata,Banglore,1,8586.0,730,5,6,2019,16,30,4,40,5,7,2019
IndiGo,Delhi,Cochin,1,6316.0,570,6,12,2019,16,0,1,30,13,6,2019
Jet Airways,Delhi,Cochin,1,15554.0,600,5,9,2019,9,0,19,0,5,9,2019
SpiceJet,Mumbai,Hyderabad,0,2385.0,80,15,3,2019,13,10,14,30,15,3,2019
Multiple carriers,Delhi,Cochin,1,13587.0,480,6,9,2019,13,0,21,0,6,9,2019
IndiGo,Delhi,Cochin,1,13790.0,355,3,3,2019,2,35,8,30,3,3,2019
Air India,Delhi,Cochin,2,10975.0,1420,15,5,2019,9,45,9,25,16,5,2019
Jet Airways,Kolkata,Banglore,1,14388.0,1495,21,5,2019,8,25,9,20,22,5,2019
Multiple carriers,Delhi,Cochin,1,7198.0,450,6,6,2019,18,0,1,30,6,7,2019
Jet Airways,Delhi,Cochin,2,13029.0,1615,5,9,2019,9,40,12,35,5,10,2019
Multiple carriers,Delhi,Cochin,1,12717.0,730,27,5,2019,7,5,19,15,27,5,2019
IndiGo,Delhi,Cochin,1,14871.0,400,3,3,2019,6,40,13,20,3,3,2019
Jet Airways,Kolkata,Banglore,2,10118.0,860,6,6,2019,6,30,20,50,6,6,2019
Jet Airways,Delhi,Cochin,1,10262.0,335,6,6,2019,22,50,4,25,6,7,2019
Jet Airways,Mumbai,Hyderabad,0,2071.0,90,24,3,2019,2,55,4,25,24,3,2019
Air India,Banglore,Delhi,0,5228.0,170,27,4,2019,21,5,23,55,27,4,2019
Jet Airways,Banglore,Delhi,1,7832.0,1110,21,3,2019,16,55,11,25,19,3,2019
Multiple carriers,Delhi,Cochin,1,7005.0,560,6,6,2019,11,40,21,0,6,6,2019
Jet Airways,Delhi,Cochin,2,14237.0,1090,6,9,2019,18,25,12,35,6,10,2019
SpiceJet,Banglore,Delhi,0,3971.0,175,4,6,2019,21,10,0,5,4,7,2019
IndiGo,Banglore,Delhi,0,3943.0,170,21,6,2019,22,10,1,0,22,6,2019
IndiGo,Delhi,Cochin,1,8574.0,530,27,3,2019,6,40,15,30,27,3,2019
Air India,Delhi,Cochin,2,12646.0,800,15,6,2019,5,55,19,15,15,6,2019
Jet Airways,Delhi,Cochin,2,13082.0,1790,21,3,2019,13,0,18,50,22,3,2019
Jet Airways,Kolkata,Banglore,1,13941.0,1430,21,5,2019,8,25,8,15,22,5,2019
GoAir,Delhi,Cochin,1,5135.0,355,4,6,2019,7,0,12,55,4,6,2019
Air India,Kolkata,Banglore,1,11096.0,625,21,5,2019,10,0,20,25,21,5,2019
Jet Airways,Banglore,Delhi,1,13555.0,640,18,3,2019,22,50,9,30,16,3,2019
Vistara,Banglore,Delhi,0,5403.0,170,4,12,2019,9,45,12,35,4,12,2019
Jet Airways,Delhi,Cochin,2,15812.0,440,24,6,2019,11,40,19,0,24,6,2019
Jet Airways,Kolkata,Banglore,1,14781.0,735,21,5,2019,20,0,8,15,22,5,2019
Air India,Delhi,Cochin,1,8907.0,570,6,6,2019,13,30,23,0,6,6,2019
Air India,Kolkata,Banglore,0,4145.0,155,5,3,2019,20,45,23,20,5,3,2019
Jet Airways,Kolkata,Banglore,1,14151.0,800,6,9,2019,20,25,9,45,6,10,2019
Multiple carriers,Delhi,Cochin,1,7845.0,570,27,3,2019,6,0,15,30,27,3,2019
Multiple carriers,Delhi,Cochin,1,8099.0,600,15,5,2019,9,15,19,15,15,5,2019
Multiple carriers,Delhi,Cochin,1,13377.0,630,27,5,2019,15,0,1,30,28,5,2019
Air India,Banglore,Delhi,2,12734.0,1710,3,12,2019,6,50,11,20,13,3,2019
Jet Airways,Delhi,Cochin,1,10262.0,335,6,3,2019,22,50,4,25,6,4,2019
Jet Airways,Banglore,Delhi,0,7229.0,185,15,5,2019,18,55,22,0,15,5,2019
Vistara,Mumbai,Hyderabad,1,12395.0,1480,3,6,2019,8,45,9,25,3,7,2019
Jet Airways,Kolkata,Banglore,1,11134.0,810,24,3,2019,19,45,9,15,25,3,2019
Jet Airways,Delhi,Cochin,1,6540.0,350,21,3,2019,13,0,18,50,21,3,2019
Multiple carriers,Delhi,Cochin,1,7354.0,755,6,6,2019,6,40,19,15,6,6,2019
Air India,Delhi,Cochin,2,9548.0,1180,24,6,2019,12,0,7,40,25,6,2019
Vistara,Kolkata,Banglore,1,9187.0,1655,5,1,2019,7,10,10,45,5,2,2019
IndiGo,Delhi,Cochin,1,5054.0,275,5,9,2019,7,35,12,10,5,9,2019
Air India,Kolkata,Banglore,1,10413.0,625,6,9,2019,10,0,20,25,6,9,2019
IndiGo,Kolkata,Banglore,0,4804.0,160,27,5,2019,21,25,0,5,28,5,2019
IndiGo,Mumbai,Hyderabad,0,4049.0,90,15,6,2019,6,25,7,55,15,6,2019
Multiple carriers,Delhi,Cochin,1,6795.0,390,27,6,2019,19,0,1,30,28,6,2019
Air India,Kolkata,Banglore,0,4435.0,155,21,3,2019,20,45,23,20,21,3,2019
Jet Airways,Kolkata,Banglore,1,6224.0,730,6,12,2019,16,30,4,40,13,6,2019
IndiGo,Kolkata,Banglore,0,4804.0,155,6,12,2019,20,20,22,55,6,12,2019
IndiGo,Delhi,Cochin,1,6171.0,665,15,4,2019,5,5,16,10,15,4,2019
IndiGo,Delhi,Cochin,1,6093.0,575,6,3,2019,11,25,21,0,6,3,2019
IndiGo,Kolkata,Banglore,0,4174.0,155,4,12,2019,17,15,19,50,4,12,2019
IndiGo,Mumbai,Hyderabad,0,3342.0,90,5,6,2019,2,35,4,5,5,6,2019
Multiple carriers,Delhi,Cochin,1,13587.0,660,6,3,2019,10,0,21,0,6,3,2019
Jet Airways,Delhi,Cochin,1,16079.0,395,21,5,2019,21,50,4,25,22,5,2019
IndiGo,Delhi,Cochin,0,6015.0,195,18,4,2019,5,35,8,50,18,4,2019
Jet Airways,Kolkata,Banglore,1,13067.0,1570,24,5,2019,17,0,19,10,25,5,2019
Multiple carriers,Delhi,Cochin,1,9103.0,460,15,5,2019,4,55,12,35,15,5,2019
Jet Airways,Kolkata,Banglore,1,14151.0,1630,24,5,2019,20,25,23,35,25,5,2019
Jet Airways,Delhi,Cochin,2,11538.0,750,27,3,2019,6,20,18,50,27,3,2019
IndiGo,Delhi,Cochin,2,8146.0,765,3,9,2019,8,35,21,20,3,9,2019
Air India,Kolkata,Banglore,1,6117.0,580,5,6,2019,19,0,4,40,5,7,2019
Jet Airways,Delhi,Cochin,1,17024.0,1570,3,3,2019,2,15,4,25,3,4,2019
Jet Airways,Banglore,Delhi,1,22270.0,1055,3,1,2019,14,5,7,40,3,2,2019
Jet Airways,Kolkata,Banglore,1,12692.0,1480,6,9,2019,20,25,21,5,6,10,2019
Vistara,Kolkata,Banglore,1,8610.0,790,6,12,2019,7,10,20,20,6,12,2019
Multiple carriers,Delhi,Cochin,1,6723.0,920,24,6,2019,7,10,22,30,24,6,2019
Vistara,Banglore,Delhi,0,4878.0,155,5,12,2019,17,0,19,35,5,12,2019
Jet Airways,Banglore,Delhi,1,16736.0,665,3,6,2019,20,35,7,40,3,7,2019
Jet Airways,Kolkata,Banglore,1,11134.0,1160,24,3,2019,13,55,9,15,25,3,2019
IndiGo,Banglore,Delhi,0,3943.0,170,5,3,2019,4,0,6,50,5,3,2019
Multiple carriers,Delhi,Cochin,1,13587.0,720,6,12,2019,9,0,21,0,6,12,2019
Jet Airways,Delhi,Cochin,2,16914.0,1380,3,6,2019,5,25,4,25,3,7,2019
SpiceJet,Mumbai,Hyderabad,0,1965.0,90,18,5,2019,22,45,0,15,19,5,2019
Multiple carriers,Delhi,Cochin,1,8073.0,480,5,9,2019,13,0,21,0,5,9,2019
IndiGo,Banglore,Delhi,0,3943.0,170,6,3,2019,13,0,15,50,6,3,2019
IndiGo,Kolkata,Banglore,1,5170.0,290,5,12,2019,15,15,20,5,5,12,2019
GoAir,Banglore,Delhi,0,3398.0,170,15,5,2019,11,40,14,30,15,5,2019
Air Asia,Kolkata,Banglore,0,4409.0,155,18,4,2019,10,20,12,55,18,4,2019
Jet Airways,Banglore,Delhi,0,8541.0,180,21,6,2019,17,45,20,45,21,6,2019
IndiGo,Banglore,Delhi,0,4777.0,170,21,3,2019,4,0,6,50,21,3,2019
SpiceJet,Kolkata,Banglore,0,3847.0,140,18,3,2019,22,20,0,40,19,3,2019
Jet Airways,Kolkata,Banglore,1,7064.0,1025,4,1,2019,18,55,12,0,4,2,2019
Vistara,Banglore,Delhi,0,4668.0,170,27,5,2019,21,0,23,50,27,5,2019
SpiceJet,Mumbai,Hyderabad,0,1965.0,85,18,3,2019,22,45,0,10,19,3,2019
Jet Airways,Kolkata,Banglore,1,14781.0,590,21,5,2019,6,30,16,20,21,5,2019
IndiGo,Mumbai,Hyderabad,0,4049.0,90,15,6,2019,9,10,10,40,15,6,2019
Jet Airways,Kolkata,Banglore,1,13584.0,800,18,5,2019,18,55,8,15,19,5,2019
Jet Airways,Delhi,Cochin,1,12373.0,940,18,5,2019,20,55,12,35,19,5,2019
Jet Airways,Delhi,Cochin,1,16079.0,1620,27,5,2019,16,0,19,0,28,5,2019
Jet Airways,Banglore,Delhi,0,7229.0,180,24,5,2019,8,20,11,20,24,5,2019
Jet Airways,Banglore,Delhi,1,17471.0,1435,3,6,2019,21,25,21,20,3,7,2019
Jet Airways,Kolkata,Banglore,1,14781.0,590,5,12,2019,6,30,16,20,5,12,2019
Jet Airways,Kolkata,Banglore,1,14571.0,800,6,9,2019,6,30,19,50,6,9,2019
Multiple carriers,Delhi,Cochin,1,10197.0,525,18,5,2019,3,50,12,35,18,5,2019
SpiceJet,Delhi,Cochin,1,5975.0,295,6,1,2019,17,55,22,50,6,1,2019
Multiple carriers,Delhi,Cochin,1,8535.0,465,4,9,2019,17,45,1,30,4,10,2019
Multiple carriers,Delhi,Cochin,1,12537.0,665,27,3,2019,9,55,21,0,27,3,2019
Air India,Kolkata,Banglore,0,4145.0,155,24,5,2019,20,45,23,20,24,5,2019
IndiGo,Mumbai,Hyderabad,0,4049.0,90,15,3,2019,9,10,10,40,15,3,2019
Air Asia,Kolkata,Banglore,1,5192.0,720,5,9,2019,22,40,10,40,5,10,2019
Air India,Banglore,Delhi,0,6121.0,170,5,9,2019,21,5,23,55,5,9,2019
Air India,Delhi,Cochin,1,8669.0,925,24,6,2019,3,50,19,15,24,6,2019
Multiple carriers,Delhi,Cochin,1,8476.0,795,18,5,2019,6,0,19,15,18,5,2019
SpiceJet,Mumbai,Hyderabad,0,2647.0,90,21,6,2019,5,45,7,15,21,6,2019
Jet Airways,Delhi,Cochin,1,14714.0,1325,6,6,2019,20,55,19,0,6,7,2019
Air India,Delhi,Cochin,1,10566.0,705,3,6,2019,20,30,8,15,3,7,2019
Jet Airways,Delhi,Cochin,1,10262.0,450,15,6,2019,11,30,19,0,15,6,2019
Multiple carriers,Delhi,Cochin,1,8098.0,935,21,3,2019,10,0,1,35,22,3,2019
Multiple carriers,Delhi,Cochin,1,6883.0,660,27,3,2019,10,0,21,0,27,3,2019
Multiple carriers,Delhi,Cochin,1,16108.0,555,15,6,2019,10,0,19,15,15,6,2019
SpiceJet,Kolkata,Banglore,0,4413.0,150,18,3,2019,17,15,19,45,18,3,2019
Jet Airways,Delhi,Cochin,2,10919.0,1320,6,1,2019,14,35,12,35,6,2,2019
IndiGo,Kolkata,Banglore,0,4804.0,160,5,9,2019,21,25,0,5,5,10,2019
Jet Airways,Kolkata,Banglore,1,10539.0,870,6,6,2019,20,25,10,55,6,7,2019
IndiGo,Banglore,Delhi,0,4377.0,170,3,9,2019,22,20,1,10,13,3,2019
Air India,Banglore,Delhi,0,6961.0,165,6,6,2019,6,10,8,55,6,6,2019
Multiple carriers,Delhi,Cochin,1,7408.0,480,27,5,2019,13,0,21,0,27,5,2019
IndiGo,Banglore,Delhi,0,4823.0,175,5,9,2019,18,55,21,50,5,9,2019
IndiGo,Kolkata,Banglore,0,5198.0,155,21,3,2019,14,20,16,55,21,3,2019
Jet Airways,Delhi,Cochin,1,10262.0,1530,6,1,2019,17,30,19,0,6,2,2019
Vistara,Banglore,Delhi,0,5613.0,155,27,4,2019,17,0,19,35,27,4,2019
Jet Airways,Delhi,Cochin,1,10262.0,450,6,12,2019,20,55,4,25,13,6,2019
IndiGo,Mumbai,Hyderabad,0,5755.0,90,5,3,2019,9,10,10,40,5,3,2019
Vistara,Chennai,Kolkata,0,3687.0,135,21,5,2019,7,5,9,20,21,5,2019
Jet Airways,Mumbai,Hyderabad,0,5678.0,90,6,3,2019,19,35,21,5,6,3,2019
Multiple carriers,Delhi,Cochin,1,13542.0,440,21,3,2019,18,15,1,35,22,3,2019
Jet Airways,Delhi,Cochin,1,12347.0,1415,21,3,2019,19,15,18,50,22,3,2019
Jet Airways,Kolkata,Banglore,1,12384.0,575,21,5,2019,9,35,19,10,21,5,2019
Jet Airways,Delhi,Cochin,2,10909.0,1375,4,9,2019,5,30,4,25,4,10,2019
IndiGo,Banglore,Delhi,0,4823.0,180,6,3,2019,16,55,19,55,6,3,2019
IndiGo,Delhi,Cochin,1,6069.0,300,6,12,2019,16,0,21,0,6,12,2019
Jet Airways,Delhi,Cochin,1,12898.0,1620,21,5,2019,16,0,19,0,22,5,2019
IndiGo,Kolkata,Banglore,0,4804.0,155,15,6,2019,4,40,7,15,15,6,2019
Jet Airways,Kolkata,Banglore,1,10031.0,1220,24,3,2019,8,25,4,45,25,3,2019
IndiGo,Delhi,Cochin,1,6442.0,895,6,9,2019,7,35,22,30,6,9,2019
Air India,Delhi,Cochin,2,9653.0,1180,21,5,2019,12,0,7,40,22,5,2019
Vistara,Kolkata,Banglore,1,8610.0,1640,6,9,2019,17,0,20,20,6,10,2019
Jet Airways,Delhi,Cochin,1,14714.0,300,6,12,2019,14,0,19,0,6,12,2019
Air India,Banglore,Delhi,1,12599.0,1405,3,1,2019,0,30,23,55,3,1,2019
Multiple carriers,Delhi,Cochin,1,9103.0,845,5,9,2019,4,55,19,0,5,9,2019
Jet Airways,Delhi,Cochin,1,12898.0,335,21,5,2019,22,50,4,25,22,5,2019
SpiceJet,Mumbai,Hyderabad,0,2647.0,90,6,6,2019,5,45,7,15,6,6,2019
Jet Airways,Mumbai,Hyderabad,0,5678.0,85,3,3,2019,7,10,8,35,3,3,2019
Jet Airways,Delhi,Cochin,1,12373.0,1040,18,5,2019,19,15,12,35,19,5,2019
SpiceJet,Kolkata,Banglore,0,3847.0,150,27,3,2019,17,15,19,45,27,3,2019
Jet Airways,Kolkata,Banglore,1,14151.0,1500,21,5,2019,17,0,18,0,22,5,2019
Jet Airways,Delhi,Cochin,1,13843.0,1225,3,6,2019,8,0,4,25,3,7,2019
Jet Airways,Banglore,Delhi,0,7229.0,175,18,5,2019,15,15,18,10,18,5,2019
Jet Airways,Mumbai,Hyderabad,0,4995.0,85,18,6,2019,2,55,4,20,18,6,2019
Jet Airways,Delhi,Cochin,1,10262.0,450,6,6,2019,20,55,4,25,6,7,2019
Jet Airways,Delhi,Cochin,2,13029.0,1375,5,9,2019,5,30,4,25,5,10,2019
Jet Airways,Delhi,Cochin,1,14053.0,550,3,9,2019,19,15,4,25,3,10,2019
Jet Airways,Banglore,Delhi,1,26890.0,885,3,1,2019,16,55,7,40,3,2,2019
SpiceJet,Kolkata,Banglore,0,3841.0,150,4,1,2019,17,10,19,40,4,1,2019
Air India,Banglore,Delhi,1,11003.0,745,3,1,2019,10,30,22,55,3,1,2019
Vistara,Banglore,Delhi,0,5403.0,170,4,9,2019,11,30,14,20,4,9,2019
Multiple carriers,Delhi,Cochin,1,15342.0,650,3,3,2019,8,0,18,50,3,3,2019
Air India,Kolkata,Banglore,2,12224.0,1035,6,12,2019,20,30,13,45,13,6,2019
IndiGo,Chennai,Kolkata,0,6297.0,140,15,3,2019,19,35,21,55,15,3,2019
SpiceJet,Kolkata,Banglore,1,8844.0,330,5,1,2019,15,55,21,25,5,1,2019
Multiple carriers,Delhi,Cochin,1,13377.0,690,6,1,2019,14,0,1,30,6,2,2019
GoAir,Banglore,Delhi,0,5706.0,175,3,9,2019,20,55,23,50,3,9,2019
Air India,Delhi,Cochin,1,8372.0,640,6,12,2019,21,0,7,40,13,6,2019
IndiGo,Delhi,Cochin,1,6526.0,860,27,5,2019,6,40,21,0,27,5,2019
IndiGo,Banglore,Delhi,0,4823.0,170,6,1,2019,16,55,19,45,6,1,2019
IndiGo,Mumbai,Hyderabad,0,3175.0,90,24,6,2019,16,55,18,25,24,6,2019
Multiple carriers,Delhi,Cochin,1,10407.0,600,5,6,2019,9,0,19,0,5,6,2019
IndiGo,Banglore,Delhi,0,4423.0,170,18,4,2019,4,0,6,50,18,4,2019
Vistara,Kolkata,Banglore,1,9555.0,1640,5,9,2019,17,0,20,20,5,10,2019
Jet Airways,Kolkata,Banglore,1,12681.0,1430,4,1,2019,16,30,16,20,4,2,2019
Jet Airways,Kolkata,Banglore,1,13059.0,875,6,6,2019,14,5,4,40,6,7,2019
Jet Airways,Kolkata,Banglore,1,8586.0,1055,5,9,2019,16,30,10,5,5,10,2019
GoAir,Banglore,Delhi,0,3419.0,165,4,6,2019,20,55,23,40,4,6,2019
SpiceJet,Kolkata,Banglore,0,3873.0,150,6,3,2019,17,10,19,40,6,3,2019
Air India,Kolkata,Banglore,1,10203.0,625,6,6,2019,10,0,20,25,6,6,2019
Jet Airways,Delhi,Cochin,2,13029.0,535,27,5,2019,19,30,4,25,28,5,2019
Jet Airways,Kolkata,Banglore,1,10844.0,365,15,5,2019,16,30,22,35,15,5,2019
Jet Airways,Kolkata,Banglore,1,11134.0,795,24,3,2019,18,55,8,10,25,3,2019
Vistara,Kolkata,Banglore,1,8610.0,1350,6,12,2019,20,20,18,50,13,6,2019
IndiGo,Kolkata,Banglore,0,4174.0,155,15,4,2019,20,20,22,55,15,4,2019
Jet Airways,Banglore,Delhi,1,11087.0,1530,3,9,2019,8,0,9,30,13,3,2019
SpiceJet,Banglore,Delhi,0,3971.0,175,18,6,2019,21,10,0,5,19,6,2019
Jet Airways,Delhi,Cochin,1,17531.0,715,4,9,2019,7,5,19,0,4,9,2019
SpiceJet,Banglore,Delhi,0,3573.0,160,6,6,2019,5,55,8,35,6,6,2019
Air India,Kolkata,Banglore,1,8366.0,1350,5,1,2019,9,25,7,55,5,2,2019
Air India,Kolkata,Banglore,0,13885.0,150,3,3,2019,14,15,16,45,3,3,2019
Multiple carriers,Delhi,Cochin,2,18485.0,460,6,9,2019,17,50,1,30,6,10,2019
Air Asia,Kolkata,Banglore,0,4409.0,150,27,4,2019,19,55,22,25,27,4,2019
Vistara,Kolkata,Banglore,1,8085.0,1625,5,1,2019,20,20,23,25,5,2,2019
Multiple carriers,Delhi,Cochin,1,13377.0,480,6,6,2019,17,30,1,30,6,7,2019
Air India,Delhi,Cochin,2,13538.0,1100,21,5,2019,13,20,7,40,22,5,2019
Multiple carriers,Delhi,Cochin,1,15147.0,395,3,6,2019,19,0,1,35,3,7,2019
Jet Airways,Banglore,Delhi,0,4030.0,175,27,5,2019,11,10,14,5,27,5,2019
Multiple carriers,Delhi,Cochin,1,14848.0,675,6,6,2019,8,0,19,15,6,6,2019
Jet Airways,Banglore,Delhi,1,13555.0,565,18,3,2019,22,50,8,15,16,3,2019
Air India,Delhi,Cochin,2,10975.0,1580,18,5,2019,7,5,9,25,19,5,2019
Jet Airways,Delhi,Cochin,2,13029.0,1615,21,5,2019,9,40,12,35,22,5,2019
Jet Airways,Kolkata,Banglore,1,9663.0,1495,5,12,2019,8,25,9,20,13,5,2019
Jet Airways,Mumbai,Hyderabad,0,4050.0,90,6,1,2019,10,20,11,50,6,1,2019
Jet Airways,Delhi,Cochin,1,14714.0,655,6,3,2019,17,30,4,25,6,4,2019
Air India,Banglore,Delhi,2,11213.0,655,3,1,2019,10,30,21,25,3,1,2019
Jet Airways,Banglore,Delhi,0,4544.0,165,4,9,2019,6,0,8,45,4,9,2019
SpiceJet,Kolkata,Banglore,0,3873.0,145,15,6,2019,9,0,11,25,15,6,2019
Multiple carriers,Delhi,Cochin,1,12537.0,480,4,9,2019,13,0,21,0,4,9,2019
Jet Airways,Kolkata,Banglore,1,13067.0,575,5,6,2019,9,35,19,10,5,6,2019
Jet Airways,Delhi,Cochin,2,16704.0,1760,5,9,2019,23,5,4,25,5,11,2019
Air India,Banglore,Delhi,1,8714.0,330,15,3,2019,6,45,12,15,15,3,2019
Jet Airways,Delhi,Cochin,2,13376.0,1320,6,3,2019,14,35,12,35,6,4,2019
SpiceJet,Chennai,Kolkata,0,3597.0,135,27,6,2019,8,20,10,35,27,6,2019
Multiple carriers,Delhi,Cochin,1,7670.0,760,18,5,2019,12,50,1,30,19,5,2019
Air India,Kolkata,Banglore,2,14410.0,2245,24,3,2019,9,50,23,15,25,3,2019
Air India,Delhi,Cochin,1,7480.0,1420,15,5,2019,9,45,9,25,16,5,2019
Jet Airways,Kolkata,Banglore,1,13584.0,1335,5,9,2019,20,0,18,15,5,10,2019
Jet Airways,Banglore,Delhi,1,25735.0,1050,3,1,2019,16,55,10,25,3,2,2019
Jet Airways,Banglore,Delhi,0,4544.0,180,4,1,2019,17,45,20,45,4,1,2019
Multiple carriers,Delhi,Cochin,1,8099.0,600,21,5,2019,9,15,19,15,21,5,2019
Jet Airways,Kolkata,Banglore,1,10844.0,730,15,5,2019,16,30,4,40,16,5,2019
Jet Airways,Delhi,Cochin,1,12557.0,550,21,3,2019,19,15,4,25,22,3,2019
Jet Airways,Delhi,Cochin,0,9564.0,195,5,9,2019,11,0,14,15,5,9,2019
Jet Airways,Banglore,Delhi,1,13817.0,725,3,12,2019,21,25,9,30,13,3,2019
Jet Airways,Kolkata,Banglore,1,12384.0,575,18,5,2019,9,35,19,10,18,5,2019
Multiple carriers,Delhi,Cochin,1,7575.0,860,21,5,2019,4,55,19,15,21,5,2019
Air India,Kolkata,Banglore,2,14120.0,1155,5,6,2019,16,45,12,0,5,7,2019
Multiple carriers,Delhi,Cochin,1,6916.0,915,3,9,2019,7,5,22,20,3,9,2019
Multiple carriers,Delhi,Cochin,1,7878.0,920,27,5,2019,7,10,22,30,27,5,2019
Jet Airways,Banglore,Delhi,1,11087.0,1290,18,3,2019,22,50,20,20,16,3,2019
IndiGo,Kolkata,Banglore,0,4804.0,150,27,4,2019,14,25,16,55,27,4,2019
SpiceJet,Chennai,Kolkata,0,3597.0,135,15,6,2019,9,45,12,0,15,6,2019
Air India,Kolkata,Banglore,2,12723.0,2065,15,5,2019,5,50,16,15,16,5,2019
IndiGo,Mumbai,Hyderabad,0,2227.0,95,15,5,2019,20,5,21,40,15,5,2019
Air India,Delhi,Cochin,1,9929.0,735,24,5,2019,7,0,19,15,24,5,2019
Jet Airways,Kolkata,Banglore,1,11841.0,730,6,9,2019,21,10,9,20,6,10,2019
Jet Airways,Delhi,Cochin,1,12373.0,1015,5,9,2019,11,30,4,25,5,10,2019
Jet Airways,Delhi,Cochin,1,12898.0,1325,21,5,2019,20,55,19,0,22,5,2019
Air India,Delhi,Cochin,2,15113.0,1545,3,3,2019,5,55,7,40,3,4,2019
Multiple carriers,Delhi,Cochin,1,10529.0,440,18,5,2019,11,40,19,0,18,5,2019
Air India,Delhi,Cochin,2,8875.0,1115,27,3,2019,13,5,7,40,28,3,2019
Jet Airways,Kolkata,Banglore,1,10844.0,740,15,5,2019,8,25,20,45,15,5,2019
Air India,Banglore,Delhi,0,15676.0,165,3,1,2019,6,10,8,55,3,1,2019
Jet Airways,Kolkata,Banglore,1,7064.0,910,4,1,2019,8,25,23,35,4,1,2019
Jet Airways,Kolkata,Banglore,1,10844.0,685,6,9,2019,8,25,19,50,6,9,2019
Jet Airways,Mumbai,Hyderabad,1,19595.0,1610,3,6,2019,14,0,16,50,3,7,2019
Jet Airways,Kolkata,Banglore,1,13941.0,1090,5,1,2019,14,5,8,15,5,2,2019
IndiGo,Delhi,Cochin,1,6790.0,455,21,3,2019,8,35,16,10,21,3,2019
SpiceJet,Kolkata,Banglore,0,3841.0,145,27,4,2019,9,0,11,25,27,4,2019
Jet Airways,Banglore,Delhi,1,11087.0,1280,18,3,2019,11,40,9,0,16,3,2019
Air India,Delhi,Cochin,2,11491.0,1410,15,5,2019,19,45,19,15,16,5,2019
IndiGo,Banglore,Delhi,0,3943.0,170,4,9,2019,5,30,8,20,4,9,2019
Jet Airways,Banglore,Delhi,1,22270.0,1200,3,1,2019,11,40,7,40,3,2,2019
Vistara,Banglore,Delhi,0,4878.0,155,6,9,2019,17,0,19,35,6,9,2019
Jet Airways,Delhi,Cochin,1,14714.0,335,6,9,2019,22,50,4,25,6,10,2019
Multiple carriers,Delhi,Cochin,1,10877.0,740,24,6,2019,6,40,19,0,24,6,2019
Air India,Delhi,Cochin,2,9653.0,1410,15,6,2019,19,45,19,15,16,6,2019
Jet Airways,Kolkata,Banglore,1,14571.0,960,24,5,2019,20,0,12,0,25,5,2019
Jet Airways,Kolkata,Banglore,1,7064.0,1550,4,1,2019,18,55,20,45,4,2,2019
IndiGo,Kolkata,Banglore,0,5618.0,155,3,6,2019,15,20,17,55,3,6,2019
Multiple carriers,Delhi,Cochin,1,13727.0,690,15,5,2019,14,0,1,30,16,5,2019
Vistara,Delhi,Cochin,0,4851.0,190,4,1,2019,14,40,17,50,4,1,2019
Air India,Kolkata,Banglore,2,15187.0,760,24,3,2019,9,10,21,50,24,3,2019
GoAir,Banglore,Delhi,0,3419.0,175,15,5,2019,7,45,10,40,15,5,2019
IndiGo,Banglore,Delhi,0,3943.0,165,4,1,2019,6,5,8,50,4,1,2019
Jet Airways,Delhi,Cochin,2,15129.0,1615,18,5,2019,9,40,12,35,19,5,2019
IndiGo,Banglore,Delhi,0,3419.0,170,21,6,2019,0,25,3,15,21,6,2019
Air India,Delhi,Cochin,2,10861.0,1395,21,5,2019,20,0,19,15,22,5,2019
IndiGo,Delhi,Cochin,1,7074.0,295,21,4,2019,5,10,10,5,21,4,2019
Air India,Kolkata,Banglore,2,11542.0,1780,5,6,2019,9,25,15,5,5,7,2019
IndiGo,Delhi,Cochin,1,6968.0,320,21,4,2019,6,50,12,10,21,4,2019
Jet Airways,Banglore,Delhi,0,5769.0,180,6,12,2019,17,45,20,45,6,12,2019
Vistara,Kolkata,Banglore,1,7927.0,1580,6,12,2019,20,20,22,40,13,6,2019
Jet Airways,Kolkata,Banglore,1,13044.0,800,6,12,2019,18,55,8,15,13,6,2019
Jet Airways,Delhi,Cochin,2,15129.0,810,21,5,2019,23,5,12,35,22,5,2019
SpiceJet,Kolkata,Banglore,0,3841.0,145,5,1,2019,9,0,11,25,5,1,2019
IndiGo,Kolkata,Banglore,0,4804.0,155,24,6,2019,20,20,22,55,24,6,2019
SpiceJet,Banglore,Delhi,0,4319.0,160,4,12,2019,5,55,8,35,4,12,2019
Jet Airways,Delhi,Cochin,1,16079.0,1270,27,5,2019,21,50,19,0,28,5,2019
Jet Airways,Banglore,Delhi,1,54826.0,375,18,3,2019,22,50,5,5,16,3,2019
IndiGo,Delhi,Cochin,1,12351.0,485,3,9,2019,17,30,1,35,3,10,2019
Jet Airways,Kolkata,Banglore,1,13067.0,1570,5,6,2019,17,0,19,10,5,7,2019
Jet Airways,Banglore,Delhi,1,13817.0,765,3,12,2019,18,55,7,40,13,3,2019
SpiceJet,Banglore,Delhi,0,3625.0,175,21,5,2019,21,10,0,5,22,5,2019
Air India,Mumbai,Hyderabad,3,18293.0,1775,3,12,2019,9,40,15,15,13,3,2019
Vistara,Banglore,Delhi,0,5613.0,165,4,1,2019,19,30,22,15,4,1,2019
Air India,Delhi,Cochin,1,11038.0,1565,3,6,2019,6,10,8,15,3,7,2019
IndiGo,Banglore,Delhi,0,4077.0,165,4,3,2019,6,5,8,50,4,3,2019
Multiple carriers,Delhi,Cochin,1,6883.0,780,27,3,2019,8,0,21,0,27,3,2019
Air India,Banglore,Delhi,0,19508.0,165,3,3,2019,17,0,19,45,3,3,2019
Air India,Banglore,Delhi,1,8714.0,865,15,3,2019,8,50,23,15,15,3,2019
IndiGo,Kolkata,Banglore,0,4804.0,155,5,1,2019,4,40,7,15,5,1,2019
Multiple carriers,Delhi,Cochin,1,15078.0,450,3,3,2019,8,0,15,30,3,3,2019
SpiceJet,Kolkata,Banglore,0,4807.0,150,21,4,2019,17,10,19,40,21,4,2019
Multiple carriers,Delhi,Cochin,3,21829.0,565,3,6,2019,11,35,21,0,3,6,2019
Vistara,Banglore,Delhi,0,5403.0,160,24,3,2019,11,30,14,10,24,3,2019
Jet Airways,Banglore,Delhi,1,26890.0,550,3,1,2019,7,0,16,10,3,1,2019
GoAir,Kolkata,Banglore,1,7335.0,495,18,5,2019,23,30,7,45,19,5,2019
Jet Airways,Delhi,Cochin,2,9412.0,650,27,3,2019,17,35,4,25,28,3,2019
Jet Airways,Kolkata,Banglore,1,10844.0,685,21,5,2019,8,25,19,50,21,5,2019
IndiGo,Banglore,Delhi,0,4990.0,175,6,6,2019,18,55,21,50,6,6,2019
Jet Airways,Delhi,Cochin,2,16704.0,1760,27,5,2019,23,5,4,25,29,5,2019
Air India,Delhi,Cochin,2,7711.0,2240,4,9,2019,5,55,19,15,4,10,2019
Jet Airways,Delhi,Cochin,1,10262.0,655,6,3,2019,17,30,4,25,6,4,2019
Multiple carriers,Delhi,Cochin,1,6007.0,490,24,6,2019,12,50,21,0,24,6,2019
Air India,Kolkata,Banglore,2,12219.0,1200,4,1,2019,9,25,5,25,4,2,2019
GoAir,Banglore,Delhi,0,3898.0,165,5,1,2019,20,55,23,40,5,1,2019
Jet Airways,Kolkata,Banglore,1,11467.0,1745,5,6,2019,17,0,22,5,5,7,2019
Air India,Kolkata,Banglore,2,12534.0,725,18,5,2019,8,20,20,25,18,5,2019
Jet Airways,Kolkata,Banglore,1,10844.0,590,6,6,2019,8,25,18,15,6,6,2019
SpiceJet,Banglore,Delhi,0,4377.0,170,24,3,2019,5,45,8,35,24,3,2019
Vistara,Chennai,Kolkata,0,11982.0,140,6,9,2019,17,45,20,5,6,9,2019
SpiceJet,Banglore,Delhi,0,4423.0,170,6,9,2019,9,30,12,20,6,9,2019
Jet Airways,Delhi,Cochin,1,17234.0,550,3,3,2019,19,15,4,25,3,4,2019
Vistara,Kolkata,Banglore,1,8295.0,945,4,1,2019,7,10,22,55,4,1,2019
Jet Airways,Delhi,Cochin,2,15864.0,2295,3,6,2019,5,30,19,45,3,7,2019
GoAir,Banglore,Delhi,0,3398.0,170,27,5,2019,11,40,14,30,27,5,2019
Multiple carriers,Delhi,Cochin,1,7198.0,750,6,9,2019,13,0,1,30,6,10,2019
Jet Airways,Banglore,Delhi,0,7229.0,165,4,6,2019,6,0,8,45,4,6,2019
Jet Airways,Delhi,Cochin,2,13014.0,1375,6,12,2019,5,30,4,25,13,6,2019
Air India,Kolkata,Banglore,1,6528.0,1440,5,9,2019,14,35,14,35,5,10,2019
Jet Airways,Delhi,Cochin,2,13292.0,1620,6,12,2019,9,35,12,35,13,6,2019
Jet Airways,Delhi,Cochin,2,15129.0,1430,21,5,2019,19,10,19,0,22,5,2019
Air India,Delhi,Cochin,2,11071.0,1395,15,6,2019,20,0,19,15,16,6,2019
SpiceJet,Kolkata,Banglore,0,4174.0,155,21,4,2019,6,55,9,30,21,4,2019
Multiple carriers,Delhi,Cochin,1,11299.0,890,27,3,2019,4,0,18,50,27,3,2019
Jet Airways,Delhi,Cochin,1,12373.0,1010,18,5,2019,19,45,12,35,19,5,2019
Air India,Banglore,Delhi,1,13439.0,1645,3,1,2019,5,50,9,15,3,2,2019
IndiGo,Kolkata,Banglore,0,4804.0,155,5,1,2019,20,20,22,55,5,1,2019
Air India,Kolkata,Banglore,2,11642.0,1210,5,12,2019,9,25,5,35,13,5,2019
IndiGo,Banglore,Delhi,0,3419.0,170,18,6,2019,0,25,3,15,18,6,2019
IndiGo,Kolkata,Banglore,2,6103.0,335,21,5,2019,6,35,12,10,21,5,2019
Air India,Kolkata,Banglore,2,13033.0,1100,5,9,2019,7,0,1,20,5,10,2019
Jet Airways,Banglore,Delhi,2,11245.0,420,18,3,2019,8,55,15,55,18,3,2019
Jet Airways,Kolkata,Banglore,1,10056.0,330,4,1,2019,6,30,12,0,4,1,2019
Jet Airways,Kolkata,Banglore,1,10539.0,1080,6,6,2019,20,25,14,25,6,7,2019
IndiGo,Chennai,Kolkata,0,5277.0,140,18,3,2019,22,5,0,25,19,3,2019
Air India,Kolkata,Banglore,1,11936.0,795,21,5,2019,10,0,23,15,21,5,2019
Jet Airways,Delhi,Cochin,2,13014.0,1375,6,9,2019,5,30,4,25,6,10,2019
Vistara,Kolkata,Banglore,1,8820.0,1640,6,6,2019,17,0,20,20,6,7,2019
Jet Airways,Delhi,Cochin,1,12373.0,1295,5,9,2019,15,0,12,35,5,10,2019
Jet Airways,Delhi,Cochin,1,10262.0,1655,6,1,2019,9,0,12,35,6,2,2019
Jet Airways,Mumbai,Hyderabad,0,4995.0,85,6,3,2019,7,5,8,30,6,3,2019
Jet Airways,Delhi,Cochin,1,7438.0,1315,27,3,2019,21,50,19,45,28,3,2019
IndiGo,Kolkata,Banglore,0,4148.0,170,21,3,2019,5,30,8,20,21,3,2019
IndiGo,Chennai,Kolkata,0,3597.0,140,27,5,2019,14,45,17,5,27,5,2019
Air Asia,Kolkata,Banglore,1,5192.0,955,5,1,2019,7,35,23,30,5,1,2019
Jet Airways,Banglore,Delhi,1,16736.0,740,3,6,2019,8,0,20,20,3,6,2019
Multiple carriers,Delhi,Cochin,1,7933.0,480,6,1,2019,13,0,21,0,6,1,2019
Air India,Delhi,Cochin,1,8879.0,675,18,5,2019,8,0,19,15,18,5,2019
IndiGo,Delhi,Cochin,0,5000.0,195,5,12,2019,14,25,17,40,5,12,2019
Vistara,Kolkata,Banglore,1,8137.0,965,5,6,2019,17,0,9,5,5,7,2019
Air India,Delhi,Cochin,2,22096.0,1580,3,9,2019,16,55,19,15,3,10,2019
SpiceJet,Banglore,Delhi,0,4273.0,170,24,3,2019,5,45,8,35,24,3,2019
Jet Airways,Banglore,Delhi,1,35185.0,365,3,1,2019,18,40,0,45,3,2,2019
IndiGo,Kolkata,Banglore,1,4226.0,220,15,4,2019,19,35,23,15,15,4,2019
Jet Airways,Kolkata,Banglore,1,10844.0,475,5,1,2019,8,25,16,20,5,1,2019
IndiGo,Mumbai,Hyderabad,0,2754.0,90,6,12,2019,12,0,13,30,6,12,2019
IndiGo,Kolkata,Banglore,1,6301.0,335,6,6,2019,10,30,16,5,6,6,2019
Air India,Kolkata,Banglore,2,13222.0,1700,18,5,2019,9,25,13,45,19,5,2019
Jet Airways,Delhi,Cochin,1,12898.0,1145,21,5,2019,17,30,12,35,22,5,2019
Air India,Banglore,Delhi,1,12127.0,830,3,12,2019,6,45,20,35,3,12,2019
Jet Airways,Kolkata,Banglore,1,13067.0,1540,21,5,2019,20,25,22,5,22,5,2019
Air India,Kolkata,Banglore,2,9920.0,1660,4,1,2019,16,45,20,25,4,2,2019
GoAir,Banglore,Delhi,0,4239.0,175,4,1,2019,7,45,10,40,4,1,2019
Jet Airways,Delhi,Cochin,1,14714.0,1270,6,6,2019,21,50,19,0,6,7,2019
IndiGo,Kolkata,Banglore,1,6218.0,325,5,6,2019,18,5,23,30,5,6,2019
IndiGo,Chennai,Kolkata,0,7295.0,140,3,1,2019,5,15,7,35,3,1,2019
Multiple carriers,Delhi,Cochin,1,7408.0,460,6,9,2019,3,50,11,30,6,9,2019
Jet Airways,Kolkata,Banglore,1,13994.0,505,6,9,2019,9,35,18,0,6,9,2019
IndiGo,Kolkata,Banglore,0,5224.0,150,15,5,2019,14,25,16,55,15,5,2019
SpiceJet,Mumbai,Hyderabad,0,4391.0,80,3,9,2019,5,45,7,5,3,9,2019
Air India,Kolkata,Banglore,2,14109.0,1165,18,5,2019,10,0,5,25,19,5,2019
SpiceJet,Banglore,Delhi,0,4885.0,170,27,4,2019,9,30,12,20,27,4,2019
Jet Airways,Banglore,Delhi,0,8016.0,180,6,1,2019,8,20,11,20,6,1,2019
Multiple carriers,Delhi,Cochin,1,12524.0,395,24,6,2019,6,0,12,35,24,6,2019
Jet Airways,Delhi,Cochin,1,6017.0,995,27,3,2019,2,15,18,50,27,3,2019
Air India,Delhi,Cochin,2,10441.0,1275,5,9,2019,22,0,19,15,5,10,2019
SpiceJet,Banglore,Delhi,0,3625.0,175,4,1,2019,21,10,0,5,4,2,2019
Air India,Delhi,Cochin,3,15586.0,2280,3,9,2019,5,15,19,15,3,10,2019
Air India,Delhi,Cochin,1,7199.0,675,27,3,2019,8,0,19,15,27,3,2019
Jet Airways,Delhi,Cochin,2,12273.0,1325,21,3,2019,6,20,4,25,22,3,2019
Multiple carriers,Delhi,Cochin,1,7530.0,390,6,6,2019,19,0,1,30,6,7,2019
Jet Airways,Mumbai,Hyderabad,0,5678.0,90,21,5,2019,19,35,21,5,21,5,2019
Air India,Delhi,Cochin,2,11753.0,1245,24,6,2019,10,55,7,40,25,6,2019
SpiceJet,Mumbai,Hyderabad,0,1965.0,90,21,5,2019,22,45,0,15,22,5,2019
IndiGo,Delhi,Cochin,1,10208.0,400,21,3,2019,6,40,13,20,21,3,2019
IndiGo,Delhi,Cochin,1,5054.0,305,21,5,2019,20,25,1,30,22,5,2019
IndiGo,Delhi,Cochin,1,14871.0,425,3,3,2019,8,25,15,30,3,3,2019
Jet Airways,Delhi,Cochin,1,12373.0,715,18,5,2019,7,5,19,0,18,5,2019
SpiceJet,Mumbai,Hyderabad,0,2017.0,90,15,6,2019,22,45,0,15,16,6,2019
Jet Airways,Kolkata,Banglore,1,10661.0,890,24,3,2019,13,55,4,45,25,3,2019
Multiple carriers,Delhi,Cochin,1,9794.0,520,5,9,2019,10,20,19,0,5,9,2019
Jet Airways,Kolkata,Banglore,1,13067.0,1630,5,9,2019,20,25,23,35,5,10,2019
SpiceJet,Chennai,Kolkata,0,7298.0,140,3,3,2019,17,45,20,5,3,3,2019
IndiGo,Banglore,Delhi,0,7648.0,175,3,3,2019,10,5,13,0,3,3,2019
Air India,Kolkata,Banglore,2,10676.0,590,5,12,2019,12,0,21,50,5,12,2019
Air India,Banglore,Delhi,0,6961.0,165,6,3,2019,10,0,12,45,6,3,2019
IndiGo,Delhi,Cochin,1,6979.0,845,15,5,2019,11,25,1,30,16,5,2019
Multiple carriers,Delhi,Cochin,1,13587.0,720,27,5,2019,9,0,21,0,27,5,2019
Jet Airways,Kolkata,Banglore,1,10844.0,570,24,5,2019,14,5,23,35,24,5,2019
IndiGo,Banglore,Delhi,0,3943.0,170,5,12,2019,10,10,13,0,5,12,2019
IndiGo,Delhi,Cochin,1,6838.0,705,6,12,2019,9,15,21,0,6,12,2019
Jet Airways,Delhi,Cochin,1,6542.0,360,15,4,2019,13,0,19,0,15,4,2019
Jet Airways,Delhi,Cochin,1,12239.0,715,21,5,2019,7,5,19,0,21,5,2019
Jet Airways,Kolkata,Banglore,1,14388.0,730,5,12,2019,16,30,4,40,13,5,2019
IndiGo,Kolkata,Banglore,0,4148.0,170,3,12,2019,5,30,8,20,3,12,2019
Multiple carriers,Delhi,Cochin,2,16840.0,625,18,5,2019,15,5,1,30,19,5,2019
Multiple carriers,Delhi,Cochin,1,9646.0,765,6,3,2019,9,45,22,30,6,3,2019
Jet Airways,Kolkata,Banglore,1,14571.0,1265,6,9,2019,21,10,18,15,6,10,2019
IndiGo,Delhi,Cochin,1,7923.0,570,15,5,2019,16,0,1,30,16,5,2019
Jet Airways,Kolkata,Banglore,1,8586.0,520,5,12,2019,20,0,4,40,13,5,2019
Multiple carriers,Delhi,Cochin,1,9646.0,555,6,3,2019,13,15,22,30,6,3,2019
Jet Airways,Kolkata,Banglore,1,14388.0,1315,18,5,2019,14,5,12,0,19,5,2019
Jet Airways,Kolkata,Banglore,1,13044.0,1430,6,12,2019,16,30,16,20,13,6,2019
Multiple carriers,Delhi,Cochin,1,10197.0,540,21,5,2019,10,0,19,0,21,5,2019
Jet Airways,Delhi,Cochin,1,14714.0,1395,6,1,2019,19,45,19,0,6,2,2019
Air India,Delhi,Cochin,1,9929.0,555,6,1,2019,10,0,19,15,6,1,2019
Jet Airways,Delhi,Cochin,1,6017.0,335,21,3,2019,22,50,4,25,22,3,2019
SpiceJet,Chennai,Kolkata,0,3597.0,135,27,6,2019,9,45,12,0,27,6,2019
Air India,Delhi,Cochin,1,5704.0,570,21,3,2019,13,30,23,0,21,3,2019
Jet Airways,Delhi,Cochin,1,14714.0,520,6,3,2019,19,45,4,25,6,4,2019
Air India,Banglore,Delhi,0,5228.0,165,5,12,2019,10,0,12,45,5,12,2019
Jet Airways,Kolkata,Banglore,1,11467.0,1520,4,1,2019,9,35,10,55,4,2,2019
Vistara,Banglore,Delhi,0,4668.0,170,6,6,2019,9,45,12,35,6,6,2019
IndiGo,Banglore,Delhi,0,4591.0,180,18,4,2019,21,15,0,15,19,4,2019
IndiGo,Banglore,Delhi,0,3943.0,180,5,12,2019,21,15,0,15,13,5,2019
Air India,Banglore,Delhi,0,5228.0,165,21,4,2019,10,0,12,45,21,4,2019
Jet Airways,Delhi,Cochin,1,12242.0,995,27,3,2019,2,15,18,50,27,3,2019
Air India,Delhi,Cochin,2,11185.0,1580,6,9,2019,7,5,9,25,6,10,2019
IndiGo,Delhi,Cochin,1,6573.0,975,4,9,2019,9,15,1,30,4,10,2019
Jet Airways,Kolkata,Banglore,1,14781.0,365,15,5,2019,16,30,22,35,15,5,2019
Air India,Kolkata,Banglore,2,14960.0,970,6,12,2019,16,45,8,55,13,6,2019
IndiGo,Chennai,Kolkata,0,4332.0,145,15,5,2019,11,35,14,0,15,5,2019
Air Asia,Banglore,Delhi,0,7652.0,170,3,3,2019,5,50,8,40,3,3,2019
Jet Airways,Kolkata,Banglore,1,14151.0,690,24,5,2019,9,35,21,5,24,5,2019
SpiceJet,Banglore,Delhi,0,4319.0,170,6,12,2019,9,30,12,20,6,12,2019
Jet Airways,Delhi,Cochin,2,10929.0,1420,21,3,2019,19,10,18,50,22,3,2019
Air India,Kolkata,Banglore,2,11491.0,1620,24,3,2019,7,0,10,0,25,3,2019
IndiGo,Delhi,Cochin,0,6015.0,195,18,4,2019,14,20,17,35,18,4,2019
Jet Airways,Kolkata,Banglore,1,12692.0,690,6,12,2019,9,35,21,5,6,12,2019
Air Asia,Kolkata,Banglore,0,4384.0,150,3,9,2019,22,50,1,20,3,10,2019
IndiGo,Banglore,Delhi,0,3943.0,165,6,3,2019,6,5,8,50,6,3,2019
Jet Airways,Delhi,Cochin,1,12373.0,600,18,5,2019,9,0,19,0,18,5,2019
Jet Airways,Banglore,Delhi,1,19225.0,315,3,6,2019,8,0,13,15,3,6,2019
Jet Airways,Delhi,Cochin,1,14053.0,1385,3,9,2019,19,45,18,50,3,10,2019
Air India,Banglore,Delhi,0,5911.0,170,4,12,2019,13,20,16,10,4,12,2019
Multiple carriers,Delhi,Cochin,1,10877.0,740,6,9,2019,6,40,19,0,6,9,2019
Jet Airways,Kolkata,Banglore,1,7757.0,585,6,6,2019,18,55,4,40,6,7,2019
IndiGo,Delhi,Cochin,1,6558.0,515,21,3,2019,7,35,16,10,21,3,2019
IndiGo,Kolkata,Banglore,0,4804.0,165,21,4,2019,9,35,12,20,21,4,2019
Jet Airways,Mumbai,Hyderabad,0,5678.0,90,18,3,2019,15,50,17,20,18,3,2019
Jet Airways,Delhi,Cochin,1,12373.0,1105,5,9,2019,10,0,4,25,5,10,2019
Jet Airways,Banglore,Delhi,0,5198.0,165,5,6,2019,6,0,8,45,5,6,2019
IndiGo,Kolkata,Banglore,0,6064.0,150,6,1,2019,14,25,16,55,6,1,2019
Jet Airways,Delhi,Cochin,1,15029.0,395,3,9,2019,21,50,4,25,3,10,2019
Jet Airways,Delhi,Cochin,2,10909.0,810,4,9,2019,5,30,19,0,4,9,2019
Multiple carriers,Delhi,Cochin,1,18492.0,665,3,9,2019,8,40,19,45,3,9,2019
Jet Airways,Delhi,Cochin,1,10262.0,1570,24,6,2019,2,15,4,25,25,6,2019
Jet Airways,Kolkata,Banglore,1,8781.0,345,18,5,2019,11,50,17,35,18,5,2019
IndiGo,Delhi,Cochin,1,6442.0,455,27,5,2019,8,35,16,10,27,5,2019
Jet Airways,Mumbai,Hyderabad,1,20120.0,405,3,12,2019,9,50,16,35,3,12,2019
Vistara,Banglore,Delhi,0,4878.0,165,27,5,2019,19,30,22,15,27,5,2019
Jet Airways,Banglore,Delhi,1,16736.0,760,3,6,2019,5,45,18,25,3,6,2019
SpiceJet,Kolkata,Banglore,1,9630.0,435,24,5,2019,11,15,18,30,24,5,2019
Vistara,Kolkata,Banglore,1,8610.0,700,5,9,2019,7,10,18,50,5,9,2019
Vistara,Chennai,Kolkata,0,3687.0,135,27,6,2019,7,5,9,20,27,6,2019
Vistara,Kolkata,Banglore,1,8452.0,765,15,5,2019,20,20,9,5,16,5,2019
IndiGo,Banglore,Delhi,0,3943.0,170,18,5,2019,10,30,13,20,18,5,2019
IndiGo,Mumbai,Hyderabad,0,3342.0,85,15,3,2019,6,20,7,45,15,3,2019
Jet Airways,Kolkata,Banglore,1,13067.0,1080,5,12,2019,20,25,14,25,13,5,2019
Vistara,Banglore,Delhi,0,4878.0,165,5,6,2019,19,30,22,15,5,6,2019
Jet Airways,Kolkata,Banglore,1,14388.0,775,5,9,2019,21,10,10,5,5,10,2019
Jet Airways,Delhi,Cochin,2,16704.0,900,27,5,2019,13,25,4,25,28,5,2019
Air India,Mumbai,Hyderabad,0,3100.0,75,21,5,2019,19,30,20,45,21,5,2019
Air India,Banglore,Delhi,3,13387.0,1480,3,12,2019,17,25,18,5,13,3,2019
IndiGo,Mumbai,Hyderabad,0,4049.0,90,6,9,2019,9,10,10,40,6,9,2019
Jet Airways,Delhi,Cochin,2,13029.0,810,18,5,2019,5,30,19,0,18,5,2019
SpiceJet,Banglore,Delhi,0,3919.0,175,4,9,2019,21,10,0,5,4,10,2019
IndiGo,Chennai,Kolkata,0,3850.0,145,5,3,2019,5,15,7,40,5,3,2019
Air India,Delhi,Cochin,2,8839.0,1210,24,6,2019,13,15,9,25,25,6,2019
Jet Airways,Kolkata,Banglore,1,7064.0,730,4,1,2019,16,30,4,40,4,2,2019
Jet Airways,Kolkata,Banglore,1,13941.0,735,5,12,2019,20,0,8,15,13,5,2019
Air India,Kolkata,Banglore,3,13007.0,1470,24,5,2019,10,0,10,30,25,5,2019
Jet Airways,Kolkata,Banglore,1,14781.0,510,18,5,2019,14,5,22,35,18,5,2019
Jet Airways,Mumbai,Hyderabad,0,2071.0,90,18,3,2019,19,35,21,5,18,3,2019
Jet Airways,Delhi,Cochin,0,4256.0,195,21,6,2019,11,0,14,15,21,6,2019
Vistara,Banglore,Delhi,0,7923.0,155,3,9,2019,16,0,18,35,3,9,2019
Air Asia,Kolkata,Banglore,0,3782.0,150,15,3,2019,22,50,1,20,16,3,2019
Jet Airways,Kolkata,Banglore,1,12384.0,800,15,5,2019,20,25,9,45,16,5,2019
Multiple carriers,Delhi,Cochin,1,8565.0,935,21,3,2019,10,0,1,35,22,3,2019
IndiGo,Delhi,Cochin,1,6232.0,300,21,3,2019,16,0,21,0,21,3,2019
IndiGo,Banglore,Delhi,0,4777.0,170,3,9,2019,5,30,8,20,3,9,2019
Air India,Kolkata,Banglore,0,4145.0,155,6,1,2019,20,45,23,20,6,1,2019
Air Asia,Kolkata,Banglore,1,5192.0,720,15,5,2019,22,40,10,40,16,5,2019
Air India,Delhi,Cochin,0,4729.0,170,4,1,2019,5,10,8,0,4,1,2019
IndiGo,Delhi,Cochin,1,6093.0,860,6,3,2019,6,40,21,0,6,3,2019
Air India,Kolkata,Banglore,1,8891.0,545,5,1,2019,9,25,18,30,5,1,2019
Jet Airways,Delhi,Cochin,1,12242.0,745,27,3,2019,16,0,4,25,28,3,2019
Jet Airways,Kolkata,Banglore,1,11467.0,1500,5,1,2019,17,0,18,0,5,2,2019
Jet Airways,Kolkata,Banglore,1,14781.0,730,21,5,2019,21,10,9,20,22,5,2019
Multiple carriers,Delhi,Cochin,1,10197.0,720,18,5,2019,7,0,19,0,18,5,2019
Jet Airways,Banglore,Delhi,1,17261.0,725,3,6,2019,21,25,9,30,3,7,2019
Air India,Delhi,Cochin,1,7480.0,765,5,1,2019,20,40,9,25,5,2,2019
IndiGo,Kolkata,Banglore,0,4804.0,155,21,5,2019,15,30,18,5,21,5,2019
SpiceJet,Kolkata,Banglore,0,4439.0,145,21,4,2019,9,0,11,25,21,4,2019
Jet Airways,Delhi,Cochin,2,10368.0,1375,6,6,2019,5,30,4,25,6,7,2019
SpiceJet,Delhi,Cochin,1,6065.0,310,21,3,2019,6,10,11,20,21,3,2019
Jet Airways,Kolkata,Banglore,1,8586.0,585,24,5,2019,18,55,4,40,25,5,2019
IndiGo,Delhi,Cochin,0,5406.0,185,18,3,2019,14,30,17,35,18,3,2019
Jet Airways,Delhi,Cochin,2,12142.0,600,6,6,2019,18,25,4,25,6,7,2019
Jet Airways,Delhi,Cochin,1,14714.0,620,6,6,2019,2,15,12,35,6,6,2019
Jet Airways,Delhi,Cochin,1,10262.0,1570,15,6,2019,2,15,4,25,16,6,2019
Air India,Banglore,Delhi,1,15434.0,725,3,6,2019,11,50,23,55,3,6,2019
Air India,Kolkata,Banglore,2,10676.0,1390,18,5,2019,12,0,11,10,19,5,2019
IndiGo,Kolkata,Banglore,0,4804.0,155,21,4,2019,20,20,22,55,21,4,2019
Jet Airways,Delhi,Cochin,2,13014.0,1025,6,9,2019,19,30,12,35,6,10,2019
IndiGo,Banglore,Delhi,0,3943.0,170,5,3,2019,10,10,13,0,5,3,2019
Air India,Mumbai,Hyderabad,2,9678.0,990,3,6,2019,5,30,22,0,3,6,2019
Jet Airways,Kolkata,Banglore,1,14781.0,685,15,5,2019,8,25,19,50,15,5,2019
Multiple carriers,Delhi,Cochin,1,10197.0,600,15,5,2019,9,0,19,0,15,5,2019
Air India,Delhi,Cochin,2,10861.0,800,5,9,2019,5,55,19,15,5,9,2019
Jet Airways,Kolkata,Banglore,1,10844.0,450,5,1,2019,21,10,4,40,5,2,2019
Air India,Delhi,Cochin,1,7480.0,965,21,5,2019,17,20,9,25,22,5,2019
IndiGo,Delhi,Cochin,1,5684.0,500,24,6,2019,17,10,1,30,25,6,2019
Jet Airways,Delhi,Cochin,1,14714.0,1620,6,6,2019,16,0,19,0,6,7,2019
Jet Airways,Kolkata,Banglore,1,9314.0,505,4,1,2019,9,35,18,0,4,1,2019
Air India,Kolkata,Banglore,0,4435.0,155,15,3,2019,20,45,23,20,15,3,2019
Multiple carriers,Delhi,Cochin,1,11789.0,690,27,6,2019,7,30,19,0,27,6,2019
SpiceJet,Banglore,Delhi,0,3919.0,175,4,3,2019,21,10,0,5,4,4,2019
Jet Airways,Banglore,Delhi,0,5198.0,175,4,6,2019,15,15,18,10,4,6,2019
SpiceJet,Banglore,Delhi,0,4273.0,170,24,3,2019,5,45,8,35,24,3,2019
Vistara,Kolkata,Banglore,1,8820.0,1550,5,9,2019,17,0,18,50,5,10,2019
IndiGo,Mumbai,Hyderabad,0,2754.0,90,5,6,2019,12,0,13,30,5,6,2019
Vistara,Kolkata,Banglore,1,8085.0,1625,6,9,2019,20,20,23,25,6,10,2019
Jet Airways,Kolkata,Banglore,1,10539.0,1480,6,9,2019,20,25,21,5,6,10,2019
Jet Airways,Kolkata,Banglore,1,14676.0,750,6,9,2019,9,35,22,5,6,9,2019
Jet Airways,Delhi,Cochin,1,6017.0,1570,27,3,2019,2,15,4,25,28,3,2019
Jet Airways,Banglore,Delhi,0,4544.0,185,4,1,2019,18,55,22,0,4,1,2019
Trujet,Mumbai,Hyderabad,1,4140.0,195,3,6,2019,13,5,16,20,3,6,2019
Jet Airways,Banglore,Delhi,0,7229.0,175,5,3,2019,11,10,14,5,5,3,2019
Air India,Delhi,Cochin,2,16373.0,1275,3,9,2019,22,0,19,15,3,10,2019
Air India,Kolkata,Banglore,2,10991.0,1045,5,1,2019,5,50,23,15,5,1,2019
Jet Airways,Kolkata,Banglore,1,9663.0,1315,18,5,2019,14,5,12,0,19,5,2019
Air India,Banglore,Delhi,1,14305.0,1520,3,1,2019,22,0,23,20,3,2,2019
Air Asia,Delhi,Cochin,1,6752.0,865,15,5,2019,16,45,7,10,16,5,2019
Jet Airways,Kolkata,Banglore,1,8529.0,1010,6,12,2019,16,30,9,20,13,6,2019
IndiGo,Delhi,Cochin,0,4729.0,195,27,3,2019,5,35,8,50,27,3,2019
Multiple carriers,Delhi,Cochin,1,7670.0,735,18,5,2019,8,45,21,0,18,5,2019
Jet Airways,Mumbai,Hyderabad,0,4995.0,90,5,3,2019,10,20,11,50,5,3,2019
Jet Airways,Banglore,Delhi,0,7229.0,180,5,1,2019,8,20,11,20,5,1,2019
IndiGo,Banglore,Delhi,0,4823.0,175,27,4,2019,7,10,10,5,27,4,2019
Air Asia,Kolkata,Banglore,0,3782.0,150,27,3,2019,19,35,22,5,27,3,2019
Jet Airways,Delhi,Cochin,1,12898.0,1485,21,5,2019,18,15,19,0,22,5,2019
SpiceJet,Kolkata,Banglore,0,3841.0,140,24,5,2019,22,20,0,40,25,5,2019
Multiple carriers,Delhi,Cochin,1,9627.0,505,18,5,2019,10,35,19,0,18,5,2019
Jet Airways,Kolkata,Banglore,1,14571.0,890,6,9,2019,21,10,12,0,6,10,2019
IndiGo,Kolkata,Banglore,0,6985.0,155,24,3,2019,15,20,17,55,24,3,2019
Jet Airways,Mumbai,Hyderabad,0,8040.0,85,21,6,2019,7,5,8,30,21,6,2019
IndiGo,Kolkata,Banglore,0,4804.0,155,21,6,2019,22,15,0,50,22,6,2019
Multiple carriers,Delhi,Cochin,1,10678.0,845,27,6,2019,4,55,19,0,27,6,2019
Jet Airways,Kolkata,Banglore,1,14231.0,1515,24,3,2019,16,55,18,10,25,3,2019
Jet Airways,Kolkata,Banglore,1,8529.0,1220,6,12,2019,20,0,16,20,13,6,2019
Air India,Delhi,Cochin,2,11753.0,500,24,6,2019,10,55,19,15,24,6,2019
Jet Airways,Delhi,Cochin,2,16704.0,1760,18,5,2019,23,5,4,25,20,5,2019
Jet Airways,Kolkata,Banglore,1,13374.0,585,6,6,2019,18,55,4,40,6,7,2019
Air India,Mumbai,Hyderabad,0,3625.0,80,5,1,2019,21,5,22,25,5,1,2019
Jet Airways,Delhi,Cochin,1,16079.0,1620,21,5,2019,16,0,19,0,22,5,2019
Jet Airways,Delhi,Cochin,1,10262.0,940,27,6,2019,20,55,12,35,28,6,2019
Jet Airways,Kolkata,Banglore,1,9663.0,330,15,5,2019,6,30,12,0,15,5,2019
Multiple carriers,Delhi,Cochin,1,9595.0,450,18,5,2019,18,0,1,30,19,5,2019
IndiGo,Kolkata,Banglore,0,4804.0,155,24,6,2019,17,15,19,50,24,6,2019
Air India,Kolkata,Banglore,2,12744.0,1165,6,9,2019,10,0,5,25,6,10,2019
Air India,Banglore,Delhi,0,6961.0,170,6,1,2019,13,20,16,10,6,1,2019
Jet Airways,Kolkata,Banglore,1,9663.0,875,5,6,2019,14,5,4,40,5,7,2019
Multiple carriers,Delhi,Cochin,1,7575.0,520,21,5,2019,10,35,19,15,21,5,2019
Air India,Banglore,Delhi,2,13355.0,925,3,3,2019,19,10,10,35,3,7,2019
Air India,Kolkata,Banglore,2,12592.0,1700,24,5,2019,9,25,13,45,25,5,2019
Air India,Mumbai,Hyderabad,0,3625.0,90,6,1,2019,13,55,15,25,6,1,2019
Jet Airways,Delhi,Cochin,1,10262.0,805,24,6,2019,15,0,4,25,25,6,2019
Air India,Delhi,Cochin,2,9443.0,1410,21,5,2019,19,45,19,15,22,5,2019
Air India,Delhi,Cochin,1,18959.0,635,3,9,2019,8,40,19,15,3,9,2019
IndiGo,Mumbai,Hyderabad,0,4784.0,85,3,3,2019,6,20,7,45,3,3,2019
Air India,Kolkata,Banglore,1,7893.0,1110,4,1,2019,17,30,12,0,4,2,2019
Air India,Delhi,Cochin,2,14431.0,1490,27,6,2019,6,50,7,40,28,6,2019
Jet Airways Business,Banglore,Delhi,1,79512.0,340,3,1,2019,5,45,11,25,3,1,2019
Jet Airways,Mumbai,Hyderabad,0,3210.0,90,24,5,2019,19,35,21,5,24,5,2019
Multiple carriers,Delhi,Cochin,1,13677.0,900,3,9,2019,6,0,21,0,3,9,2019
Air India,Delhi,Cochin,1,7480.0,1640,27,5,2019,6,5,9,25,28,5,2019
Air India,Delhi,Cochin,1,8372.0,760,24,6,2019,19,0,7,40,25,6,2019
Jet Airways,Delhi,Cochin,2,11664.0,1380,27,3,2019,5,25,4,25,28,3,2019
Air India,Banglore,Delhi,0,6961.0,165,18,6,2019,10,0,12,45,18,6,2019
Air India,Banglore,Delhi,0,6121.0,165,24,4,2019,17,0,19,45,24,4,2019
Air India,Banglore,Delhi,0,5911.0,165,4,12,2019,6,10,8,55,4,12,2019
GoAir,Banglore,Delhi,0,3398.0,170,5,6,2019,11,40,14,30,5,6,2019
Multiple carriers,Delhi,Cochin,1,7530.0,390,6,9,2019,19,0,1,30,6,10,2019
GoAir,Banglore,Delhi,0,3419.0,165,24,5,2019,20,55,23,40,24,5,2019
Vistara,Banglore,Delhi,0,6558.0,175,24,3,2019,21,10,0,5,25,3,2019
Air India,Kolkata,Banglore,1,10203.0,1435,6,9,2019,20,30,20,25,6,10,2019
Jet Airways,Banglore,Delhi,1,11087.0,1525,3,12,2019,18,55,20,20,13,3,2019
SpiceJet,Banglore,Delhi,0,5575.0,170,24,3,2019,20,30,23,20,24,3,2019
Air Asia,Delhi,Cochin,1,6152.0,870,24,4,2019,7,55,22,25,24,4,2019
Jet Airways,Kolkata,Banglore,1,5608.0,435,5,9,2019,10,20,17,35,5,9,2019
Jet Airways,Banglore,Delhi,1,17261.0,1365,3,6,2019,11,40,10,25,3,7,2019
Jet Airways,Delhi,Cochin,2,15129.0,1615,5,9,2019,9,40,12,35,5,10,2019
GoAir,Banglore,Delhi,0,3419.0,165,5,6,2019,20,55,23,40,5,6,2019
IndiGo,Delhi,Cochin,1,6218.0,285,21,3,2019,10,45,15,30,21,3,2019
Jet Airways,Delhi,Cochin,1,14714.0,620,6,3,2019,2,15,12,35,6,3,2019
Multiple carriers,Delhi,Cochin,1,14848.0,465,6,3,2019,11,30,19,15,6,3,2019
Jet Airways,Kolkata,Banglore,1,9358.0,435,5,12,2019,10,20,17,35,5,12,2019
Air India,Kolkata,Banglore,1,8366.0,1350,5,6,2019,9,25,7,55,5,7,2019
Multiple carriers,Delhi,Cochin,1,15342.0,465,3,6,2019,11,30,19,15,3,6,2019
Jet Airways,Mumbai,Hyderabad,0,5678.0,80,21,3,2019,3,5,4,25,21,3,2019
IndiGo,Kolkata,Banglore,0,4804.0,155,5,6,2019,22,15,0,50,5,7,2019
Jet Airways,Kolkata,Banglore,1,14571.0,475,24,5,2019,8,25,16,20,24,5,2019
Jet Airways,Kolkata,Banglore,1,12681.0,740,4,1,2019,8,25,20,45,4,1,2019
Jet Airways,Banglore,Delhi,1,17261.0,780,3,6,2019,21,25,10,25,3,7,2019
Vistara,Kolkata,Banglore,1,9922.0,1065,6,9,2019,17,0,10,45,6,10,2019
Jet Airways,Kolkata,Banglore,1,10844.0,1025,18,5,2019,18,55,12,0,19,5,2019
SpiceJet,Banglore,Delhi,0,4423.0,160,21,4,2019,5,55,8,35,21,4,2019
IndiGo,Banglore,Delhi,0,3419.0,165,24,5,2019,1,30,4,15,24,5,2019
Jet Airways,Delhi,Cochin,1,14714.0,335,24,6,2019,22,50,4,25,25,6,2019
Jet Airways,Banglore,Delhi,1,11087.0,340,3,9,2019,5,45,11,25,3,9,2019
IndiGo,Delhi,Cochin,1,6316.0,570,27,6,2019,16,0,1,30,28,6,2019
SpiceJet,Chennai,Kolkata,0,3543.0,135,27,5,2019,9,45,12,0,27,5,2019
Jet Airways,Kolkata,Banglore,1,14571.0,1025,6,6,2019,18,55,12,0,6,7,2019
Jet Airways,Kolkata,Banglore,1,14676.0,505,6,9,2019,9,35,18,0,6,9,2019
Jet Airways,Banglore,Delhi,1,17261.0,995,3,6,2019,16,55,9,30,3,7,2019
Jet Airways,Kolkata,Banglore,1,13941.0,910,15,5,2019,8,25,23,35,15,5,2019
Air India,Delhi,Cochin,1,13348.0,1565,3,3,2019,6,10,8,15,3,4,2019
Jet Airways,Banglore,Delhi,0,8016.0,175,18,6,2019,11,10,14,5,18,6,2019
Jet Airways,Delhi,Cochin,1,12898.0,330,27,5,2019,7,5,12,35,27,5,2019
Jet Airways,Banglore,Delhi,0,7229.0,185,4,9,2019,18,55,22,0,4,9,2019
SpiceJet,Mumbai,Hyderabad,0,2017.0,90,27,6,2019,5,45,7,15,27,6,2019
Jet Airways,Banglore,Delhi,1,16736.0,670,3,6,2019,8,0,19,10,3,6,2019
SpiceJet,Kolkata,Banglore,0,3873.0,150,18,6,2019,17,10,19,40,18,6,2019
IndiGo,Delhi,Cochin,1,6704.0,490,5,9,2019,14,20,22,30,5,9,2019
Jet Airways,Kolkata,Banglore,1,10844.0,1495,6,6,2019,18,55,19,50,6,7,2019
Vistara,Banglore,Delhi,0,7450.0,160,3,9,2019,19,40,22,20,3,9,2019
Jet Airways,Banglore,Delhi,1,16736.0,730,3,6,2019,16,55,5,5,3,7,2019
Jet Airways,Delhi,Cochin,1,10262.0,1295,15,6,2019,15,0,12,35,16,6,2019
Air India,Kolkata,Banglore,2,10991.0,2065,5,1,2019,5,50,16,15,5,2,2019
SpiceJet,Banglore,Delhi,0,3311.0,175,6,6,2019,21,10,0,5,6,7,2019
IndiGo,Delhi,Cochin,1,7081.0,895,24,5,2019,10,35,1,30,25,5,2019
IndiGo,Banglore,Delhi,0,3943.0,180,27,4,2019,21,15,0,15,28,4,2019
Air India,Delhi,Cochin,1,8372.0,375,21,5,2019,13,0,19,15,21,5,2019
Air India,Delhi,Cochin,2,11701.0,1410,3,9,2019,19,45,19,15,3,10,2019
Jet Airways,Banglore,Delhi,0,5769.0,175,6,3,2019,15,15,18,10,6,3,2019
Multiple carriers,Delhi,Cochin,2,15965.0,625,6,12,2019,15,5,1,30,13,6,2019
SpiceJet,Banglore,Delhi,0,4423.0,170,6,12,2019,9,30,12,20,6,12,2019
Jet Airways,Banglore,Delhi,1,6136.0,280,15,3,2019,9,45,14,25,15,3,2019
Jet Airways,Banglore,Delhi,1,11087.0,365,3,12,2019,16,55,23,0,3,12,2019
IndiGo,Chennai,Kolkata,0,3540.0,145,6,3,2019,5,15,7,40,6,3,2019
Jet Airways,Delhi,Cochin,1,12898.0,865,21,5,2019,14,0,4,25,22,5,2019
IndiGo,Banglore,Delhi,0,4591.0,165,18,4,2019,6,5,8,50,18,4,2019
Air India,Delhi,Cochin,1,8635.0,1660,24,3,2019,4,0,7,40,25,3,2019
Jet Airways,Delhi,Cochin,1,14714.0,600,27,6,2019,9,0,19,0,27,6,2019
Jet Airways,Kolkata,Banglore,1,14151.0,1365,18,5,2019,20,25,19,10,19,5,2019
Multiple carriers,Delhi,Cochin,1,8835.0,860,6,1,2019,4,55,19,15,6,1,2019
Air India,Kolkata,Banglore,1,11936.0,925,21,5,2019,17,30,8,55,22,5,2019
Jet Airways,Delhi,Cochin,2,13882.0,900,6,9,2019,21,35,12,35,6,10,2019
Air India,Delhi,Cochin,1,5117.0,965,4,1,2019,17,20,9,25,4,2,2019
Jet Airways,Banglore,Delhi,0,4544.0,175,24,5,2019,15,15,18,10,24,5,2019
IndiGo,Delhi,Cochin,1,6442.0,940,15,5,2019,6,50,22,30,15,5,2019
Air India,Delhi,Cochin,2,10441.0,1275,5,9,2019,22,0,19,15,5,10,2019
IndiGo,Mumbai,Hyderabad,0,2227.0,95,21,5,2019,20,5,21,40,21,5,2019
Jet Airways,Banglore,Delhi,0,7229.0,165,15,4,2019,6,0,8,45,15,4,2019
Jet Airways,Delhi,Cochin,1,10262.0,360,6,1,2019,13,0,19,0,6,1,2019
Jet Airways,Banglore,Delhi,1,13817.0,800,3,12,2019,8,0,21,20,3,12,2019
SpiceJet,Delhi,Cochin,1,5975.0,295,21,5,2019,17,55,22,50,21,5,2019
IndiGo,Kolkata,Banglore,0,4148.0,160,21,3,2019,21,25,0,5,22,3,2019
Multiple carriers,Delhi,Cochin,1,13587.0,570,6,6,2019,11,30,21,0,6,6,2019
Jet Airways,Mumbai,Hyderabad,0,2759.0,80,21,3,2019,3,5,4,25,21,3,2019
Jet Airways,Banglore,Delhi,0,7229.0,180,15,5,2019,19,50,22,50,15,5,2019
Air India,Delhi,Cochin,2,13547.0,1475,5,9,2019,7,5,7,40,5,10,2019
SpiceJet,Kolkata,Banglore,0,3873.0,155,21,6,2019,6,55,9,30,21,6,2019
Jet Airways,Kolkata,Banglore,1,14388.0,730,21,5,2019,16,30,4,40,22,5,2019
Jet Airways,Kolkata,Banglore,1,13731.0,910,24,5,2019,18,55,10,5,25,5,2019
SpiceJet,Kolkata,Banglore,0,3815.0,160,27,3,2019,6,55,9,35,27,3,2019
Jet Airways,Mumbai,Hyderabad,0,5678.0,90,15,3,2019,15,50,17,20,15,3,2019
Jet Airways,Kolkata,Banglore,1,9663.0,1495,5,9,2019,8,25,9,20,5,10,2019
GoAir,Kolkata,Banglore,1,8855.0,455,21,5,2019,16,40,0,15,22,5,2019
Jet Airways,Delhi,Cochin,2,15129.0,1125,5,9,2019,9,40,4,25,5,10,2019
Jet Airways,Banglore,Delhi,1,13555.0,365,18,3,2019,16,55,23,0,18,3,2019
Jet Airways,Kolkata,Banglore,1,10844.0,665,21,5,2019,21,10,8,15,22,5,2019
Jet Airways,Banglore,Delhi,1,7832.0,580,21,3,2019,11,40,21,20,21,3,2019
Jet Airways,Delhi,Cochin,2,11150.0,810,27,6,2019,23,5,12,35,28,6,2019
Vistara,Kolkata,Banglore,1,8452.0,865,5,9,2019,20,20,10,45,5,10,2019
Multiple carriers,Delhi,Cochin,1,9646.0,385,6,9,2019,9,45,16,10,6,9,2019
IndiGo,Banglore,Delhi,0,3943.0,170,24,6,2019,10,10,13,0,24,6,2019
GoAir,Delhi,Cochin,1,5281.0,355,6,12,2019,7,0,12,55,6,12,2019
Air India,Delhi,Cochin,2,14667.0,865,6,1,2019,17,15,7,40,6,2,2019
Jet Airways,Kolkata,Banglore,1,14571.0,800,24,5,2019,20,0,9,20,25,5,2019
Jet Airways,Banglore,Delhi,1,28097.0,390,3,1,2019,5,50,12,20,3,1,2019
Jet Airways,Banglore,Delhi,1,17471.0,1355,3,6,2019,20,35,19,10,3,7,2019
Jet Airways,Delhi,Cochin,1,10577.0,660,6,12,2019,8,0,19,0,6,12,2019
Multiple carriers,Delhi,Cochin,1,14848.0,465,24,6,2019,11,30,19,15,24,6,2019
IndiGo,Banglore,Delhi,0,4591.0,170,15,4,2019,23,30,2,20,16,4,2019
IndiGo,Chennai,Kolkata,0,3597.0,140,18,5,2019,19,35,21,55,18,5,2019
IndiGo,Delhi,Cochin,1,6938.0,380,27,5,2019,16,10,22,30,27,5,2019
Air Asia,Kolkata,Banglore,0,3807.0,150,24,6,2019,19,55,22,25,24,6,2019
Jet Airways,Delhi,Cochin,1,10262.0,600,6,12,2019,9,0,19,0,6,12,2019
Air India,Kolkata,Banglore,2,11432.0,725,5,9,2019,8,20,20,25,5,9,2019
Jet Airways,Banglore,Delhi,0,7229.0,160,21,3,2019,19,55,22,35,21,3,2019
Multiple carriers,Delhi,Cochin,1,14848.0,465,21,5,2019,11,30,19,15,21,5,2019
Jet Airways,Kolkata,Banglore,1,8586.0,1025,15,5,2019,6,30,23,35,15,5,2019
Multiple carriers,Delhi,Cochin,1,6106.0,520,4,9,2019,10,35,19,15,4,9,2019
SpiceJet,Kolkata,Banglore,0,3873.0,140,5,3,2019,22,20,0,40,5,4,2019
Jet Airways,Delhi,Cochin,2,15812.0,440,15,6,2019,11,40,19,0,15,6,2019
Jet Airways,Kolkata,Banglore,1,12121.0,1080,24,5,2019,20,25,14,25,25,5,2019
Jet Airways,Kolkata,Banglore,1,8586.0,800,5,12,2019,6,30,19,50,5,12,2019
Multiple carriers,Delhi,Cochin,1,7354.0,705,6,12,2019,7,30,19,15,6,12,2019
IndiGo,Kolkata,Banglore,0,4778.0,160,3,6,2019,21,25,0,5,3,7,2019
IndiGo,Delhi,Cochin,1,6838.0,750,6,9,2019,8,30,21,0,6,9,2019
Multiple carriers,Delhi,Cochin,1,10276.0,755,3,6,2019,9,45,22,20,3,6,2019
Jet Airways,Banglore,Delhi,0,8016.0,180,18,6,2019,8,20,11,20,18,6,2019
Air India,Banglore,Delhi,1,4943.0,615,21,3,2019,8,15,18,30,21,3,2019
IndiGo,Banglore,Delhi,0,4823.0,170,24,6,2019,8,30,11,20,24,6,2019
Jet Airways,Kolkata,Banglore,1,12996.0,475,4,1,2019,8,25,16,20,4,1,2019
Air India,Delhi,Cochin,1,9929.0,615,27,5,2019,9,0,19,15,27,5,2019
Multiple carriers,Delhi,Cochin,1,9508.0,930,6,3,2019,10,0,1,30,6,4,2019
Air India,Delhi,Cochin,0,5674.0,185,21,3,2019,18,5,21,10,21,3,2019
IndiGo,Chennai,Kolkata,0,3858.0,145,18,6,2019,11,35,14,0,18,6,2019
IndiGo,Kolkata,Banglore,0,4804.0,155,24,5,2019,22,15,0,50,25,5,2019
Multiple carriers,Delhi,Cochin,1,13377.0,690,27,5,2019,14,0,1,30,28,5,2019
Jet Airways,Delhi,Cochin,1,12898.0,805,27,5,2019,15,0,4,25,28,5,2019
Air Asia,Kolkata,Banglore,0,4409.0,155,6,1,2019,10,20,12,55,6,1,2019
Air Asia,Delhi,Cochin,1,8759.0,870,6,1,2019,7,55,22,25,6,1,2019
Air India,Banglore,Delhi,1,10394.0,1405,3,3,2019,0,30,23,55,3,3,2019
IndiGo,Chennai,Kolkata,0,3858.0,145,18,3,2019,11,35,14,0,18,3,2019
Air Asia,Delhi,Cochin,1,6253.0,330,15,6,2019,7,55,13,25,15,6,2019
Jet Airways,Delhi,Cochin,2,15129.0,1045,27,5,2019,19,10,12,35,28,5,2019
GoAir,Kolkata,Banglore,1,4773.0,470,24,3,2019,6,35,14,25,24,3,2019
Jet Airways,Kolkata,Banglore,1,9663.0,1610,21,5,2019,6,30,9,20,22,5,2019
Jet Airways,Kolkata,Banglore,1,12692.0,1005,6,12,2019,17,0,9,45,13,6,2019
IndiGo,Banglore,Delhi,0,3943.0,165,6,6,2019,1,30,4,15,6,6,2019
Jet Airways,Kolkata,Banglore,1,10703.0,1685,5,12,2019,17,0,21,5,13,5,2019
IndiGo,Delhi,Cochin,1,8784.0,860,27,3,2019,6,40,21,0,27,3,2019
Multiple carriers,Delhi,Cochin,1,11622.0,585,6,9,2019,9,15,19,0,6,9,2019
IndiGo,Chennai,Kolkata,0,5277.0,140,24,5,2019,22,5,0,25,25,5,2019
Air Asia,Delhi,Cochin,1,8327.0,865,21,5,2019,16,45,7,10,22,5,2019
IndiGo,Delhi,Cochin,0,6885.0,195,3,9,2019,5,35,8,50,3,9,2019
Jet Airways,Banglore,Delhi,0,8016.0,180,6,12,2019,17,45,20,45,6,12,2019
IndiGo,Delhi,Cochin,1,10112.0,305,6,1,2019,23,30,4,35,6,2,2019
IndiGo,Delhi,Cochin,1,14871.0,485,3,6,2019,17,30,1,35,3,7,2019
Jet Airways,Delhi,Cochin,1,10262.0,600,6,9,2019,9,0,19,0,6,9,2019
Jet Airways,Mumbai,Hyderabad,0,2470.0,90,24,3,2019,19,35,21,5,24,3,2019
Air India,Delhi,Cochin,2,11622.0,1210,3,9,2019,13,15,9,25,3,10,2019
Vistara,Kolkata,Banglore,1,8662.0,865,5,6,2019,20,20,10,45,5,7,2019
Air India,Delhi,Cochin,2,11972.0,1560,24,6,2019,17,15,19,15,25,6,2019
Jet Airways,Delhi,Cochin,2,11992.0,1140,6,6,2019,9,25,4,25,6,7,2019
Jet Airways,Delhi,Cochin,1,12373.0,1105,18,5,2019,10,0,4,25,19,5,2019
Multiple carriers,Delhi,Cochin,1,7198.0,930,6,1,2019,10,0,1,30,6,2,2019
Jet Airways,Delhi,Cochin,1,14714.0,330,15,6,2019,7,5,12,35,15,6,2019
IndiGo,Delhi,Cochin,1,6316.0,570,6,9,2019,16,0,1,30,6,10,2019
Air India,Delhi,Cochin,1,5998.0,875,27,3,2019,17,40,8,15,28,3,2019
Jet Airways,Kolkata,Banglore,1,13044.0,1285,6,12,2019,18,55,16,20,13,6,2019
Multiple carriers,Delhi,Cochin,1,9646.0,565,6,12,2019,13,5,22,30,6,12,2019
Air Asia,Delhi,Cochin,1,6451.0,865,27,6,2019,16,45,7,10,28,6,2019
GoAir,Delhi,Cochin,1,5281.0,355,24,6,2019,7,0,12,55,24,6,2019
Jet Airways,Mumbai,Hyderabad,0,2228.0,90,5,1,2019,19,35,21,5,5,1,2019
IndiGo,Banglore,Delhi,0,3943.0,165,6,1,2019,6,5,8,50,6,1,2019
Air India,Delhi,Cochin,2,11753.0,1245,15,6,2019,10,55,7,40,16,6,2019
Jet Airways,Delhi,Cochin,2,12819.0,810,24,6,2019,23,5,12,35,25,6,2019
Jet Airways,Delhi,Cochin,2,8728.0,1735,21,3,2019,13,55,18,50,22,3,2019
SpiceJet,Delhi,Cochin,1,4812.0,270,5,9,2019,8,45,13,15,5,9,2019
Jet Airways,Kolkata,Banglore,1,14151.0,1745,5,1,2019,17,0,22,5,5,2,2019
Vistara,Kolkata,Banglore,1,8452.0,765,5,1,2019,20,20,9,5,5,2,2019
IndiGo,Kolkata,Banglore,1,6762.0,305,24,3,2019,15,10,20,15,24,3,2019
Jet Airways,Banglore,Delhi,1,13817.0,1100,3,12,2019,18,55,13,15,13,3,2019
Jet Airways,Delhi,Cochin,1,12898.0,1355,21,5,2019,14,0,12,35,22,5,2019
IndiGo,Kolkata,Banglore,1,3480.0,265,4,6,2019,19,20,23,45,4,6,2019
Jet Airways,Banglore,Delhi,1,27992.0,580,3,1,2019,11,40,21,20,3,1,2019
Jet Airways,Delhi,Cochin,2,7791.0,600,21,3,2019,18,25,4,25,22,3,2019
Air India,Delhi,Cochin,1,5704.0,1010,21,3,2019,6,10,23,0,21,3,2019
IndiGo,Kolkata,Banglore,1,5268.0,340,21,5,2019,16,35,22,15,21,5,2019
GoAir,Banglore,Delhi,0,3898.0,170,6,6,2019,11,40,14,30,6,6,2019
SpiceJet,Kolkata,Banglore,0,3847.0,150,15,3,2019,9,0,11,30,15,3,2019
Multiple carriers,Delhi,Cochin,1,10877.0,690,6,12,2019,7,30,19,0,6,12,2019
Multiple carriers,Delhi,Cochin,1,8371.0,630,4,9,2019,8,45,19,15,4,9,2019
Multiple carriers,Delhi,Cochin,1,7038.0,920,6,6,2019,7,10,22,30,6,6,2019
Jet Airways,Kolkata,Banglore,1,14571.0,590,6,9,2019,6,30,16,20,6,9,2019
Jet Airways,Kolkata,Banglore,1,11841.0,800,6,9,2019,20,0,9,20,6,10,2019
Jet Airways,Delhi,Cochin,2,15129.0,1390,18,5,2019,13,25,12,35,19,5,2019
SpiceJet,Kolkata,Banglore,0,3841.0,140,15,6,2019,22,20,0,40,16,6,2019
Jet Airways,Delhi,Cochin,1,10262.0,1505,24,6,2019,11,30,12,35,25,6,2019
Air India,Kolkata,Banglore,0,4460.0,155,4,6,2019,20,45,23,20,4,6,2019
IndiGo,Banglore,Delhi,0,7648.0,175,3,3,2019,18,25,21,20,3,3,2019
Vistara,Kolkata,Banglore,1,8610.0,790,6,6,2019,7,10,20,20,6,6,2019
IndiGo,Chennai,Kolkata,0,3597.0,140,18,6,2019,13,15,15,35,18,6,2019
IndiGo,Delhi,Cochin,1,6442.0,515,24,6,2019,7,35,16,10,24,6,2019
IndiGo,Delhi,Cochin,1,12351.0,860,3,9,2019,6,40,21,0,3,9,2019
Multiple carriers,Delhi,Cochin,1,14067.0,480,21,5,2019,17,30,1,30,22,5,2019
IndiGo,Banglore,Delhi,0,4823.0,170,15,5,2019,20,0,22,50,15,5,2019
Vistara,Kolkata,Banglore,1,12102.0,1750,24,3,2019,17,0,22,10,25,3,2019
Jet Airways,Mumbai,Hyderabad,0,8040.0,85,24,5,2019,7,5,8,30,24,5,2019
IndiGo,Banglore,Delhi,0,7648.0,175,3,3,2019,10,5,13,0,3,3,2019
IndiGo,Delhi,Cochin,1,6582.0,325,5,9,2019,2,0,7,25,5,9,2019
Vistara,Banglore,Delhi,0,4668.0,170,6,12,2019,11,30,14,20,6,12,2019
IndiGo,Banglore,Delhi,0,4823.0,170,4,1,2019,20,0,22,50,4,1,2019
SpiceJet,Kolkata,Banglore,0,3873.0,140,5,1,2019,22,20,0,40,5,2,2019
Multiple carriers,Delhi,Cochin,1,8476.0,535,18,5,2019,10,20,19,15,18,5,2019
IndiGo,Delhi,Cochin,1,5636.0,315,27,5,2019,7,15,12,30,27,5,2019
Jet Airways,Kolkata,Banglore,1,8586.0,685,5,12,2019,8,25,19,50,5,12,2019
IndiGo,Banglore,Delhi,0,4823.0,175,6,6,2019,18,25,21,20,6,6,2019
Air India,Delhi,Cochin,0,6881.0,170,3,6,2019,5,10,8,0,3,6,2019
Jet Airways,Kolkata,Banglore,1,10844.0,510,5,9,2019,14,5,22,35,5,9,2019
IndiGo,Kolkata,Banglore,1,4226.0,220,24,4,2019,19,35,23,15,24,4,2019
Jet Airways,Delhi,Cochin,1,12373.0,1425,5,9,2019,19,15,19,0,5,10,2019
Air India,Kolkata,Banglore,2,10697.0,810,6,6,2019,8,20,21,50,6,6,2019
Jet Airways,Mumbai,Hyderabad,0,4995.0,90,6,3,2019,10,20,11,50,6,3,2019
Air India,Delhi,Cochin,2,9443.0,1595,24,6,2019,16,40,19,15,25,6,2019
Jet Airways,Delhi,Cochin,2,13029.0,1375,18,5,2019,5,30,4,25,19,5,2019
Jet Airways,Delhi,Cochin,2,12347.0,2040,21,3,2019,18,25,4,25,23,3,2019
Multiple carriers,Delhi,Cochin,1,7408.0,480,6,9,2019,13,0,21,0,6,9,2019
Jet Airways,Kolkata,Banglore,1,7064.0,865,4,1,2019,18,55,9,20,4,2,2019
Jet Airways,Delhi,Cochin,1,13843.0,925,3,6,2019,13,0,4,25,3,7,2019
IndiGo,Kolkata,Banglore,0,4174.0,155,4,12,2019,15,30,18,5,4,12,2019
Multiple carriers,Delhi,Cochin,3,16294.0,565,15,5,2019,11,35,21,0,15,5,2019
SpiceJet,Kolkata,Banglore,0,3841.0,155,18,5,2019,6,55,9,30,18,5,2019
IndiGo,Banglore,Delhi,0,4423.0,170,15,6,2019,4,0,6,50,15,6,2019
Air India,Delhi,Cochin,0,5201.0,170,6,12,2019,5,10,8,0,6,12,2019
Air India,Banglore,Delhi,2,12599.0,1705,3,3,2019,6,45,11,10,3,7,2019
IndiGo,Mumbai,Hyderabad,0,4049.0,90,21,5,2019,6,25,7,55,21,5,2019
Air India,Kolkata,Banglore,2,12797.0,1505,24,5,2019,9,25,10,30,25,5,2019
Jet Airways,Kolkata,Banglore,1,13067.0,870,24,5,2019,20,25,10,55,25,5,2019
Vistara,Kolkata,Banglore,1,9345.0,1350,24,5,2019,20,20,18,50,25,5,2019
IndiGo,Delhi,Cochin,1,6818.0,425,21,5,2019,5,5,12,10,21,5,2019
Jet Airways,Mumbai,Hyderabad,0,8040.0,90,5,3,2019,10,20,11,50,5,3,2019
Jet Airways,Delhi,Cochin,2,14300.0,1095,6,12,2019,18,20,12,35,13,6,2019
Multiple carriers,Delhi,Cochin,1,13727.0,435,15,5,2019,18,15,1,30,16,5,2019
Jet Airways,Banglore,Delhi,1,7832.0,1050,21,3,2019,16,55,10,25,19,3,2019
Multiple carriers,Delhi,Cochin,1,16259.0,535,3,9,2019,4,0,12,55,3,9,2019
IndiGo,Banglore,Delhi,0,4823.0,170,27,6,2019,8,30,11,20,27,6,2019
Jet Airways,Banglore,Delhi,1,16736.0,1235,3,6,2019,11,40,8,15,3,7,2019
Air India,Kolkata,Banglore,2,13217.0,1200,6,6,2019,9,25,5,25,6,7,2019
Multiple carriers,Delhi,Cochin,1,6637.0,490,27,3,2019,12,50,21,0,27,3,2019
Jet Airways,Kolkata,Banglore,1,10844.0,1025,6,9,2019,18,55,12,0,6,10,2019
Multiple carriers,Delhi,Cochin,1,8401.0,555,21,3,2019,10,0,19,15,21,3,2019
SpiceJet,Kolkata,Banglore,0,3873.0,145,4,12,2019,9,0,11,25,4,12,2019
Jet Airways,Delhi,Cochin,2,12410.0,505,24,6,2019,20,0,4,25,25,6,2019
Jet Airways,Delhi,Cochin,2,15129.0,810,18,5,2019,23,5,12,35,19,5,2019
IndiGo,Banglore,Delhi,0,4423.0,170,5,1,2019,13,0,15,50,5,1,2019
Jet Airways,Delhi,Cochin,1,16079.0,360,27,5,2019,13,0,19,0,27,5,2019
Air India,Kolkata,Banglore,2,15894.0,1105,6,6,2019,14,30,8,55,6,7,2019
Multiple carriers,Delhi,Cochin,1,9103.0,845,15,5,2019,4,55,19,0,15,5,2019
Air India,Delhi,Cochin,1,8991.0,1350,6,12,2019,9,45,8,15,13,6,2019
Air India,Kolkata,Banglore,2,7893.0,1530,4,1,2019,16,50,18,20,4,2,2019
IndiGo,Mumbai,Hyderabad,0,4575.0,90,3,3,2019,2,30,4,0,3,3,2019
SpiceJet,Kolkata,Banglore,0,3873.0,145,5,3,2019,9,0,11,25,5,3,2019
Jet Airways,Banglore,Delhi,1,7832.0,935,21,3,2019,5,45,21,20,21,3,2019
IndiGo,Chennai,Kolkata,0,3597.0,140,5,1,2019,14,45,17,5,5,1,2019
Jet Airways,Kolkata,Banglore,1,13759.0,1575,24,3,2019,21,10,23,25,25,3,2019
Jet Airways,Banglore,Delhi,0,7229.0,185,27,5,2019,18,55,22,0,27,5,2019
SpiceJet,Kolkata,Banglore,0,3873.0,155,15,4,2019,6,55,9,30,15,4,2019
Multiple carriers,Delhi,Cochin,1,9794.0,780,15,5,2019,6,0,19,0,15,5,2019
Air India,Delhi,Cochin,1,6681.0,1125,27,3,2019,13,30,8,15,28,3,2019
IndiGo,Banglore,Delhi,0,4423.0,180,21,4,2019,21,15,0,15,22,4,2019
Jet Airways,Kolkata,Banglore,1,10844.0,685,15,5,2019,8,25,19,50,15,5,2019
IndiGo,Delhi,Cochin,1,7258.0,705,6,1,2019,9,15,21,0,6,1,2019
Jet Airways,Mumbai,Hyderabad,0,4995.0,90,6,12,2019,10,20,11,50,6,12,2019
Jet Airways,Delhi,Cochin,1,14924.0,1325,6,9,2019,20,55,19,0,6,10,2019
Vistara,Banglore,Delhi,1,6590.0,1665,15,3,2019,6,40,10,25,16,3,2019
Jet Airways,Delhi,Cochin,1,10262.0,940,6,3,2019,20,55,12,35,6,4,2019
SpiceJet,Kolkata,Banglore,0,5515.0,150,3,9,2019,9,0,11,30,3,9,2019
Jet Airways,Delhi,Cochin,2,6643.0,1475,27,3,2019,19,10,19,45,28,3,2019
IndiGo,Mumbai,Hyderabad,0,2754.0,90,24,6,2019,19,5,20,35,24,6,2019
IndiGo,Delhi,Cochin,1,6493.0,310,6,9,2019,17,5,22,15,6,9,2019
IndiGo,Kolkata,Banglore,1,6218.0,325,24,5,2019,18,5,23,30,24,5,2019
Air India,Delhi,Cochin,2,10861.0,800,6,6,2019,5,55,19,15,6,6,2019
IndiGo,Delhi,Cochin,1,7094.0,515,3,6,2019,7,35,16,10,3,6,2019
SpiceJet,Mumbai,Hyderabad,0,2227.0,85,24,3,2019,22,45,0,10,25,3,2019
Jet Airways,Banglore,Delhi,0,4544.0,180,21,4,2019,19,50,22,50,21,4,2019
Air India,Banglore,Delhi,2,7664.0,630,21,3,2019,5,50,16,20,21,3,2019
Jet Airways,Banglore,Delhi,0,8016.0,180,27,6,2019,17,45,20,45,27,6,2019
Air Asia,Kolkata,Banglore,0,3807.0,150,27,5,2019,22,50,1,20,28,5,2019
Air India,Delhi,Cochin,2,12698.0,725,6,3,2019,7,10,19,15,6,3,2019
Jet Airways,Kolkata,Banglore,1,8586.0,1330,24,5,2019,6,30,4,40,25,5,2019
Jet Airways,Kolkata,Banglore,1,7064.0,1330,4,1,2019,6,30,4,40,4,2,2019
IndiGo,Delhi,Cochin,0,5601.0,195,6,9,2019,5,35,8,50,6,9,2019
SpiceJet,Delhi,Cochin,1,7317.0,380,21,5,2019,15,45,22,5,21,5,2019
Air India,Kolkata,Banglore,3,12797.0,1470,5,6,2019,10,0,10,30,5,7,2019
IndiGo,Kolkata,Banglore,1,4226.0,255,4,6,2019,6,15,10,30,4,6,2019
Jet Airways,Kolkata,Banglore,1,14151.0,395,5,12,2019,17,0,23,35,5,12,2019
IndiGo,Delhi,Cochin,1,6628.0,890,27,3,2019,10,45,1,35,28,3,2019
IndiGo,Banglore,Delhi,0,8033.0,170,3,9,2019,4,0,6,50,3,9,2019
Multiple carriers,Delhi,Cochin,1,11200.0,505,6,1,2019,10,35,19,0,6,1,2019
IndiGo,Kolkata,Banglore,0,4804.0,155,24,6,2019,15,30,18,5,24,6,2019
Air Asia,Kolkata,Banglore,1,5192.0,720,6,12,2019,22,40,10,40,13,6,2019
Jet Airways,Delhi,Cochin,2,13014.0,1125,6,12,2019,9,40,4,25,13,6,2019
Jet Airways,Kolkata,Banglore,1,10844.0,1525,21,5,2019,21,10,22,35,22,5,2019
Multiple carriers,Delhi,Cochin,1,15603.0,510,3,6,2019,7,0,15,30,3,6,2019
GoAir,Banglore,Delhi,0,4239.0,175,4,3,2019,7,45,10,40,4,3,2019
Jet Airways,Kolkata,Banglore,1,13044.0,1200,6,12,2019,14,5,10,5,13,6,2019
Jet Airways,Delhi,Cochin,1,12898.0,1485,27,5,2019,18,15,19,0,28,5,2019
SpiceJet,Kolkata,Banglore,1,6013.0,520,4,1,2019,8,35,17,15,4,1,2019
Jet Airways,Kolkata,Banglore,1,14781.0,365,5,6,2019,16,30,22,35,5,6,2019
Jet Airways,Delhi,Cochin,1,12557.0,655,21,3,2019,17,30,4,25,22,3,2019
Multiple carriers,Delhi,Cochin,1,13875.0,845,3,6,2019,4,45,18,50,3,6,2019
Jet Airways,Delhi,Cochin,2,11507.0,1130,15,6,2019,9,35,4,25,16,6,2019
Air India,Kolkata,Banglore,0,5510.0,150,18,6,2019,14,15,16,45,18,6,2019
GoAir,Kolkata,Banglore,1,10198.0,460,24,3,2019,16,25,0,5,25,3,2019
Jet Airways,Kolkata,Banglore,1,8355.0,435,6,12,2019,10,20,17,35,6,12,2019
Jet Airways,Banglore,Delhi,0,8016.0,185,6,1,2019,18,55,22,0,6,1,2019
IndiGo,Delhi,Cochin,1,6314.0,625,27,5,2019,10,35,21,0,27,5,2019
Air India,Delhi,Cochin,0,5831.0,170,3,9,2019,5,10,8,0,3,9,2019
Jet Airways,Delhi,Cochin,1,10262.0,550,24,6,2019,19,15,4,25,25,6,2019
Multiple carriers,Delhi,Cochin,1,15136.0,700,3,6,2019,13,55,1,35,3,7,2019
Jet Airways,Banglore,Delhi,1,7832.0,830,21,3,2019,20,35,10,25,19,3,2019
SpiceJet,Chennai,Kolkata,0,3859.0,135,24,3,2019,8,20,10,35,24,3,2019
IndiGo,Kolkata,Banglore,0,4174.0,150,4,6,2019,15,15,17,45,4,6,2019
Jet Airways,Banglore,Delhi,1,19225.0,340,3,6,2019,5,45,11,25,3,6,2019
IndiGo,Delhi,Cochin,1,10518.0,975,3,9,2019,4,45,21,0,3,9,2019
IndiGo,Banglore,Delhi,0,4823.0,175,4,6,2019,7,10,10,5,4,6,2019
Air India,Banglore,Delhi,0,7276.0,165,24,3,2019,10,0,12,45,24,3,2019
Multiple carriers,Delhi,Cochin,1,12192.0,540,6,9,2019,10,0,19,0,6,9,2019
Air Asia,Delhi,Cochin,1,11410.0,865,6,1,2019,16,45,7,10,6,2,2019
Air India,Kolkata,Banglore,2,13033.0,920,21,5,2019,10,0,1,20,22,5,2019
Jet Airways,Banglore,Delhi,1,26890.0,570,3,1,2019,5,45,15,15,3,1,2019
IndiGo,Kolkata,Banglore,0,4804.0,150,27,6,2019,15,15,17,45,27,6,2019
Jet Airways,Kolkata,Banglore,1,10844.0,1550,15,5,2019,18,55,20,45,16,5,2019
Air India,Delhi,Cochin,2,12436.0,1820,6,12,2019,12,55,19,15,13,6,2019
IndiGo,Banglore,Delhi,0,4823.0,175,21,6,2019,7,10,10,5,21,6,2019
IndiGo,Mumbai,Hyderabad,0,2227.0,90,6,3,2019,21,20,22,50,6,3,2019
Jet Airways,Delhi,Cochin,1,10262.0,940,6,1,2019,20,55,12,35,6,2,2019
Jet Airways,Delhi,Cochin,1,17024.0,1225,3,3,2019,8,0,4,25,3,4,2019
Jet Airways,Delhi,Cochin,2,9296.0,1325,27,3,2019,6,20,4,25,28,3,2019
Air India,Delhi,Cochin,0,6094.0,185,6,6,2019,18,5,21,10,6,6,2019
Jet Airways,Kolkata,Banglore,1,8586.0,1215,6,9,2019,8,25,4,40,6,10,2019
Jet Airways,Delhi,Cochin,2,10919.0,1300,15,6,2019,6,45,4,25,16,6,2019
GoAir,Kolkata,Banglore,1,9495.0,455,6,9,2019,16,40,0,15,6,10,2019
Jet Airways,Delhi,Cochin,1,14714.0,395,6,12,2019,21,50,4,25,13,6,2019
Air India,Delhi,Cochin,0,5201.0,180,24,6,2019,14,10,17,10,24,6,2019
Air India,Delhi,Cochin,2,7090.0,1420,27,3,2019,9,45,9,25,28,3,2019
IndiGo,Mumbai,Hyderabad,0,4575.0,90,15,5,2019,9,10,10,40,15,5,2019
Multiple carriers,Delhi,Cochin,1,9646.0,545,15,5,2019,7,5,16,10,15,5,2019
IndiGo,Delhi,Cochin,1,5636.0,325,6,12,2019,2,0,7,25,6,12,2019
Multiple carriers,Delhi,Cochin,1,9646.0,545,15,6,2019,7,5,16,10,15,6,2019
Jet Airways,Mumbai,Hyderabad,0,4050.0,90,3,9,2019,19,40,21,10,3,9,2019
Jet Airways,Delhi,Cochin,1,14714.0,1270,6,9,2019,21,50,19,0,6,10,2019
IndiGo,Kolkata,Banglore,0,4804.0,150,18,6,2019,15,15,17,45,18,6,2019
Jet Airways,Delhi,Cochin,1,10577.0,1485,6,9,2019,18,15,19,0,6,10,2019
GoAir,Banglore,Delhi,0,3898.0,165,15,6,2019,20,55,23,40,15,6,2019
Jet Airways,Kolkata,Banglore,1,14571.0,960,6,6,2019,20,0,12,0,6,7,2019
Jet Airways,Delhi,Cochin,2,10919.0,1300,15,6,2019,6,45,4,25,16,6,2019
Jet Airways,Banglore,Delhi,0,8016.0,165,18,6,2019,6,0,8,45,18,6,2019
IndiGo,Delhi,Cochin,1,6287.0,425,21,3,2019,4,55,12,0,21,3,2019
Air India,Kolkata,Banglore,1,8366.0,905,6,6,2019,16,50,7,55,6,7,2019
Jet Airways,Delhi,Cochin,1,15400.0,440,3,6,2019,11,30,18,50,3,6,2019
Vistara,Banglore,Delhi,0,8553.0,160,3,3,2019,19,40,22,20,3,3,2019
SpiceJet,Kolkata,Banglore,0,3841.0,155,4,9,2019,6,55,9,30,4,9,2019
Air India,Delhi,Cochin,2,10021.0,1545,4,9,2019,5,55,7,40,4,10,2019
SpiceJet,Chennai,Kolkata,0,3597.0,140,24,6,2019,17,45,20,5,24,6,2019
IndiGo,Chennai,Kolkata,0,4332.0,145,24,5,2019,11,35,14,0,24,5,2019
GoAir,Banglore,Delhi,0,3898.0,165,21,6,2019,20,55,23,40,21,6,2019
Jet Airways,Mumbai,Hyderabad,2,21375.0,1665,3,6,2019,13,5,16,50,3,7,2019
Vistara,Kolkata,Banglore,1,8610.0,975,6,6,2019,7,10,23,25,6,6,2019
IndiGo,Kolkata,Banglore,0,4804.0,155,15,6,2019,17,15,19,50,15,6,2019
Air India,Delhi,Cochin,2,13591.0,1730,6,1,2019,14,25,19,15,6,2,2019
Jet Airways,Kolkata,Banglore,1,14781.0,590,5,6,2019,6,30,16,20,5,6,2019
Jet Airways,Banglore,Delhi,1,9134.0,315,15,3,2019,8,0,13,15,15,3,2019
Air India,Delhi,Cochin,2,10493.0,1545,6,9,2019,5,55,7,40,6,10,2019
Jet Airways,Banglore,Delhi,1,8147.0,1280,24,3,2019,11,40,9,0,19,3,2019
SpiceJet,Kolkata,Banglore,0,3873.0,140,21,6,2019,22,20,0,40,22,6,2019
Jet Airways,Kolkata,Banglore,1,14571.0,1025,6,9,2019,18,55,12,0,6,10,2019
Air India,Banglore,Delhi,2,11003.0,655,3,3,2019,10,30,21,25,3,3,2019
Jet Airways,Delhi,Cochin,1,10262.0,550,6,3,2019,19,15,4,25,6,4,2019
Jet Airways,Delhi,Cochin,1,12719.0,995,21,3,2019,2,15,18,50,21,3,2019
Jet Airways,Delhi,Cochin,1,10262.0,1325,24,6,2019,20,55,19,0,25,6,2019
Air India,Banglore,Delhi,0,7171.0,165,21,6,2019,17,0,19,45,21,6,2019
SpiceJet,Banglore,Delhi,0,4423.0,160,27,4,2019,5,55,8,35,27,4,2019
Multiple carriers,Delhi,Cochin,1,12616.0,490,3,9,2019,17,25,1,35,3,10,2019
Air India,Delhi,Cochin,2,12970.0,1560,6,1,2019,17,15,19,15,6,2,2019
Jet Airways,Kolkata,Banglore,1,14914.0,775,24,3,2019,21,10,10,5,25,3,2019
Jet Airways,Mumbai,Hyderabad,0,3210.0,85,5,6,2019,2,55,4,20,5,6,2019
GoAir,Banglore,Delhi,0,4632.0,175,21,4,2019,7,45,10,40,21,4,2019
Jet Airways,Delhi,Cochin,1,12373.0,655,5,9,2019,17,30,4,25,5,10,2019
IndiGo,Kolkata,Banglore,0,4804.0,150,15,6,2019,14,25,16,55,15,6,2019
Multiple carriers,Delhi,Cochin,3,21829.0,565,3,3,2019,11,35,21,0,3,3,2019
Multiple carriers,Delhi,Cochin,1,13587.0,780,6,1,2019,8,0,21,0,6,1,2019
Jet Airways,Delhi,Cochin,2,12819.0,1760,27,6,2019,23,5,4,25,29,6,2019
Air Asia,Delhi,Cochin,1,6151.0,660,27,3,2019,20,10,7,10,28,3,2019
Jet Airways,Banglore,Delhi,0,8016.0,175,6,1,2019,15,15,18,10,6,1,2019
Multiple carriers,Delhi,Cochin,1,15135.0,680,3,6,2019,7,30,18,50,3,6,2019
IndiGo,Delhi,Cochin,1,6794.0,500,21,5,2019,17,10,1,30,22,5,2019
Vistara,Kolkata,Banglore,1,8610.0,1640,15,5,2019,17,0,20,20,16,5,2019
Air India,Kolkata,Banglore,2,12723.0,1840,18,5,2019,5,50,12,30,19,5,2019
Air India,Kolkata,Banglore,1,7662.0,1515,6,6,2019,12,0,13,15,6,7,2019
Multiple carriers,Delhi,Cochin,1,14343.0,515,3,9,2019,17,0,1,35,3,10,2019
Multiple carriers,Delhi,Cochin,1,6795.0,910,6,1,2019,10,20,1,30,6,2,2019
SpiceJet,Kolkata,Banglore,0,3873.0,140,5,9,2019,22,20,0,40,5,10,2019
IndiGo,Mumbai,Hyderabad,0,2754.0,90,6,12,2019,19,5,20,35,6,12,2019
Air India,Mumbai,Hyderabad,1,16666.0,905,3,6,2019,6,10,21,15,3,6,2019
Multiple carriers,Delhi,Cochin,1,11098.0,460,6,1,2019,4,55,12,35,6,1,2019
Jet Airways,Kolkata,Banglore,1,10539.0,1745,6,9,2019,17,0,22,5,6,10,2019
Air India,Delhi,Cochin,1,9929.0,735,27,5,2019,7,0,19,15,27,5,2019
Jet Airways,Kolkata,Banglore,1,10844.0,1430,5,12,2019,16,30,16,20,13,5,2019
Jet Airways,Kolkata,Banglore,1,12692.0,1730,6,6,2019,9,35,14,25,6,7,2019
Jet Airways,Delhi,Cochin,1,9212.0,455,21,3,2019,20,50,4,25,22,3,2019
Multiple carriers,Delhi,Cochin,1,13727.0,630,15,5,2019,15,0,1,30,16,5,2019
Air Asia,Banglore,Delhi,0,4282.0,170,15,6,2019,4,55,7,45,15,6,2019
Jet Airways,Kolkata,Banglore,1,10844.0,1285,24,5,2019,18,55,16,20,25,5,2019
Air India,Delhi,Cochin,1,7480.0,965,27,6,2019,17,20,9,25,28,6,2019
IndiGo,Banglore,Delhi,0,4823.0,180,5,1,2019,16,55,19,55,5,1,2019
Jet Airways,Delhi,Cochin,1,12373.0,825,18,5,2019,22,50,12,35,19,5,2019
Multiple carriers,Delhi,Cochin,1,7215.0,560,21,3,2019,11,40,21,0,21,3,2019
Air India,Delhi,Cochin,1,7480.0,1640,5,9,2019,6,5,9,25,5,10,2019
Multiple carriers,Delhi,Cochin,1,8143.0,720,24,6,2019,9,0,21,0,24,6,2019
IndiGo,Banglore,Delhi,0,4823.0,175,5,3,2019,18,25,21,20,5,3,2019
Jet Airways,Kolkata,Banglore,1,10844.0,735,6,6,2019,20,0,8,15,6,7,2019
SpiceJet,Banglore,Delhi,0,5621.0,175,4,12,2019,21,10,0,5,13,4,2019
Vistara,Kolkata,Banglore,1,9555.0,1440,18,5,2019,20,20,20,20,19,5,2019
IndiGo,Banglore,Delhi,0,4777.0,165,21,3,2019,1,30,4,15,21,3,2019
SpiceJet,Banglore,Delhi,0,7648.0,175,3,3,2019,9,35,12,30,3,3,2019
IndiGo,Kolkata,Banglore,1,10308.0,295,4,1,2019,9,20,14,15,4,1,2019
Jet Airways,Delhi,Cochin,2,21219.0,440,24,5,2019,11,40,19,0,24,5,2019
IndiGo,Kolkata,Banglore,1,11319.0,295,5,6,2019,9,20,14,15,5,6,2019
Jet Airways,Kolkata,Banglore,1,10844.0,1415,15,5,2019,21,10,20,45,16,5,2019
Multiple carriers,Delhi,Cochin,1,15078.0,435,5,9,2019,18,15,1,30,5,10,2019
SpiceJet,Mumbai,Hyderabad,0,2017.0,90,5,1,2019,22,45,0,15,5,2,2019
Air Asia,Kolkata,Banglore,0,4409.0,150,6,1,2019,22,50,1,20,6,2,2019
IndiGo,Delhi,Cochin,1,5054.0,275,6,9,2019,7,35,12,10,6,9,2019
Air India,Banglore,Delhi,2,10111.0,980,15,3,2019,5,50,22,10,15,3,2019
SpiceJet,Banglore,Delhi,0,4273.0,170,18,3,2019,20,30,23,20,18,3,2019
Jet Airways,Delhi,Cochin,2,8728.0,1735,21,3,2019,13,55,18,50,22,3,2019
Air India,Kolkata,Banglore,1,8576.0,905,24,5,2019,16,50,7,55,25,5,2019
Jet Airways,Banglore,Delhi,0,8016.0,180,6,3,2019,17,45,20,45,6,3,2019
Jet Airways,Banglore,Delhi,0,8016.0,175,6,9,2019,15,15,18,10,6,9,2019
Jet Airways,Kolkata,Banglore,1,14151.0,1630,18,5,2019,20,25,23,35,19,5,2019
IndiGo,Banglore,Delhi,0,4423.0,165,15,4,2019,6,5,8,50,15,4,2019
Jet Airways,Mumbai,Hyderabad,0,4050.0,85,15,6,2019,7,5,8,30,15,6,2019
Jet Airways,Kolkata,Banglore,1,14781.0,345,5,6,2019,14,5,19,50,5,6,2019
Jet Airways,Kolkata,Banglore,1,8586.0,735,15,5,2019,20,0,8,15,16,5,2019
Air Asia,Kolkata,Banglore,1,5162.0,215,21,5,2019,19,55,23,30,21,5,2019
Jet Airways,Kolkata,Banglore,1,13731.0,450,6,9,2019,21,10,4,40,6,10,2019
Jet Airways,Delhi,Cochin,1,7438.0,925,21,3,2019,13,0,4,25,22,3,2019
Jet Airways,Kolkata,Banglore,1,14151.0,1520,15,5,2019,9,35,10,55,16,5,2019
Vistara,Banglore,Delhi,0,5613.0,170,4,12,2019,21,0,23,50,4,12,2019
IndiGo,Kolkata,Banglore,1,5380.0,290,15,5,2019,15,15,20,5,15,5,2019
Jet Airways,Delhi,Cochin,1,7438.0,1015,21,3,2019,11,30,4,25,22,3,2019
Multiple carriers,Delhi,Cochin,1,9646.0,925,6,1,2019,7,5,22,30,6,1,2019
Air Asia,Delhi,Cochin,1,6853.0,625,15,5,2019,20,45,7,10,16,5,2019
Jet Airways,Banglore,Delhi,1,13555.0,375,18,3,2019,14,5,20,20,18,3,2019
IndiGo,Delhi,Cochin,1,5883.0,480,15,6,2019,17,30,1,30,16,6,2019
IndiGo,Delhi,Cochin,1,6171.0,425,3,9,2019,4,55,12,0,3,9,2019
IndiGo,Mumbai,Hyderabad,0,3175.0,90,21,5,2019,16,55,18,25,21,5,2019
IndiGo,Delhi,Cochin,1,4832.0,355,27,3,2019,7,45,13,40,27,3,2019
Multiple carriers,Delhi,Cochin,1,13377.0,570,6,1,2019,16,0,1,30,6,2,2019
Jet Airways,Delhi,Cochin,1,10262.0,520,24,6,2019,19,45,4,25,25,6,2019
Jet Airways,Delhi,Cochin,1,10262.0,1100,6,1,2019,18,15,12,35,6,2,2019
Air India,Delhi,Cochin,2,8603.0,1180,18,5,2019,12,0,7,40,19,5,2019
Jet Airways,Kolkata,Banglore,1,8586.0,1330,6,6,2019,6,30,4,40,6,7,2019
Vistara,Kolkata,Banglore,1,8452.0,765,21,5,2019,20,20,9,5,22,5,2019
Jet Airways,Kolkata,Banglore,1,14231.0,1395,24,3,2019,18,55,18,10,25,3,2019
Jet Airways,Delhi,Cochin,1,16289.0,660,21,5,2019,8,0,19,0,21,5,2019
SpiceJet,Banglore,Delhi,0,6860.0,175,3,3,2019,9,35,12,30,3,3,2019
IndiGo,Mumbai,Hyderabad,0,2754.0,90,5,9,2019,2,35,4,5,5,9,2019
Multiple carriers,Delhi,Cochin,1,9646.0,925,6,9,2019,7,5,22,30,6,9,2019
Air India,Chennai,Kolkata,0,4667.0,135,27,5,2019,11,40,13,55,27,5,2019
IndiGo,Kolkata,Banglore,0,4804.0,155,21,4,2019,15,30,18,5,21,4,2019
IndiGo,Banglore,Delhi,0,4545.0,165,3,9,2019,1,30,4,15,3,9,2019
Jet Airways,Banglore,Delhi,1,25735.0,1290,3,1,2019,22,50,20,20,3,2,2019
Jet Airways,Delhi,Cochin,2,12647.0,1375,21,3,2019,5,30,4,25,22,3,2019
Jet Airways,Kolkata,Banglore,1,8586.0,1090,5,1,2019,14,5,8,15,5,2,2019
IndiGo,Chennai,Kolkata,0,5277.0,140,6,9,2019,22,5,0,25,6,10,2019
IndiGo,Delhi,Cochin,1,6206.0,845,27,3,2019,11,30,1,35,28,3,2019
Air Asia,Banglore,Delhi,0,4483.0,165,4,12,2019,11,10,13,55,4,12,2019
Vistara,Kolkata,Banglore,1,9870.0,1550,24,5,2019,17,0,18,50,25,5,2019
SpiceJet,Kolkata,Banglore,0,3841.0,150,27,6,2019,17,10,19,40,27,6,2019
SpiceJet,Kolkata,Banglore,0,3815.0,150,27,3,2019,9,0,11,30,27,3,2019
IndiGo,Banglore,Delhi,0,6860.0,170,24,3,2019,23,30,2,20,25,3,2019
Jet Airways,Kolkata,Banglore,1,12121.0,870,5,1,2019,20,25,10,55,5,2,2019
Jet Airways,Delhi,Cochin,1,5963.0,535,27,3,2019,9,55,18,50,27,3,2019
SpiceJet,Banglore,Delhi,0,3625.0,160,6,6,2019,5,55,8,35,6,6,2019
SpiceJet,Kolkata,Banglore,0,3841.0,145,15,6,2019,9,0,11,25,15,6,2019
IndiGo,Banglore,Delhi,0,4823.0,170,6,12,2019,20,0,22,50,6,12,2019
Multiple carriers,Delhi,Cochin,1,9646.0,385,6,12,2019,9,45,16,10,6,12,2019
Jet Airways,Delhi,Cochin,1,10152.0,620,27,5,2019,2,15,12,35,27,5,2019
IndiGo,Delhi,Cochin,1,7514.0,940,6,3,2019,6,50,22,30,6,3,2019
Jet Airways,Banglore,Delhi,1,16736.0,685,3,6,2019,7,0,18,25,3,6,2019
Jet Airways,Kolkata,Banglore,1,13584.0,910,5,6,2019,18,55,10,5,5,7,2019
Air India,Kolkata,Banglore,2,11222.0,1415,21,5,2019,8,20,7,55,22,5,2019
IndiGo,Chennai,Kolkata,0,3850.0,140,5,1,2019,7,55,10,15,5,1,2019
Vistara,Banglore,Delhi,0,7608.0,160,24,3,2019,12,0,14,40,24,3,2019
Jet Airways,Kolkata,Banglore,1,10844.0,1220,5,12,2019,20,0,16,20,13,5,2019
Multiple carriers,Delhi,Cochin,1,7408.0,510,6,9,2019,17,0,1,30,6,10,2019
Vistara,Chennai,Kolkata,0,3687.0,135,18,5,2019,7,5,9,20,18,5,2019
SpiceJet,Delhi,Cochin,1,11726.0,375,3,3,2019,16,35,22,50,3,3,2019
Jet Airways,Kolkata,Banglore,1,9663.0,1610,5,6,2019,6,30,9,20,5,7,2019
Air India,Kolkata,Banglore,2,12829.0,1845,24,3,2019,7,0,13,45,25,3,2019
IndiGo,Delhi,Cochin,1,6069.0,300,27,6,2019,16,0,21,0,27,6,2019
Jet Airways,Kolkata,Banglore,1,8529.0,1640,6,12,2019,16,30,19,50,13,6,2019
Vistara,Kolkata,Banglore,1,8085.0,385,5,9,2019,17,0,23,25,5,9,2019
Vistara,Banglore,Delhi,0,4878.0,165,15,5,2019,19,30,22,15,15,5,2019
IndiGo,Banglore,Delhi,0,4077.0,170,4,3,2019,13,0,15,50,4,3,2019
IndiGo,Kolkata,Banglore,1,7605.0,315,5,9,2019,21,0,2,15,5,10,2019
Jet Airways,Delhi,Cochin,2,13014.0,1375,15,6,2019,5,30,4,25,16,6,2019
IndiGo,Delhi,Cochin,1,11600.0,885,3,3,2019,7,35,22,20,3,3,2019
Jet Airways,Kolkata,Banglore,1,14151.0,1005,5,12,2019,17,0,9,45,13,5,2019
Air India,Delhi,Cochin,2,12497.0,1105,24,6,2019,13,15,7,40,25,6,2019
Jet Airways,Delhi,Cochin,1,17024.0,995,3,6,2019,2,15,18,50,3,6,2019
SpiceJet,Chennai,Kolkata,0,6300.0,155,3,9,2019,9,30,12,5,3,9,2019
Multiple carriers,Delhi,Cochin,1,15147.0,470,3,6,2019,17,45,1,35,3,7,2019
Multiple carriers,Delhi,Cochin,1,6795.0,760,6,1,2019,12,50,1,30,6,2,2019
IndiGo,Mumbai,Hyderabad,0,5755.0,85,3,3,2019,19,5,20,30,3,3,2019
Air India,Kolkata,Banglore,1,10203.0,1185,5,12,2019,20,30,16,15,13,5,2019
Jet Airways,Delhi,Cochin,1,14714.0,1015,6,6,2019,11,30,4,25,6,7,2019
IndiGo,Banglore,Delhi,0,4545.0,170,18,3,2019,22,20,1,10,19,3,2019
Jet Airways,Kolkata,Banglore,1,14781.0,855,15,5,2019,6,30,20,45,15,5,2019
Air India,Banglore,Delhi,2,11602.0,1655,3,12,2019,7,30,11,5,13,3,2019
IndiGo,Mumbai,Hyderabad,0,4049.0,90,5,6,2019,6,25,7,55,5,6,2019
Jet Airways,Delhi,Cochin,2,13029.0,1375,5,9,2019,5,30,4,25,5,10,2019
Jet Airways,Kolkata,Banglore,1,14571.0,740,6,9,2019,8,25,20,45,6,9,2019
Air India,Banglore,Delhi,0,6961.0,165,6,9,2019,6,10,8,55,6,9,2019
SpiceJet,Kolkata,Banglore,1,6381.0,520,15,5,2019,8,35,17,15,15,5,2019
SpiceJet,Kolkata,Banglore,0,3841.0,155,4,1,2019,6,55,9,30,4,1,2019
Jet Airways,Delhi,Cochin,2,11538.0,1325,21,3,2019,6,20,4,25,22,3,2019
Vistara,Kolkata,Banglore,1,8610.0,1440,5,6,2019,20,20,20,20,5,7,2019
Air India,Delhi,Cochin,2,11552.0,2170,3,6,2019,7,5,19,15,3,7,2019
Multiple carriers,Delhi,Cochin,1,7408.0,840,6,1,2019,7,0,21,0,6,1,2019
Jet Airways,Delhi,Cochin,1,10262.0,1010,27,6,2019,19,45,12,35,28,6,2019
Air India,Kolkata,Banglore,2,10991.0,1625,5,6,2019,5,50,8,55,5,7,2019
Multiple carriers,Delhi,Cochin,1,13587.0,435,6,9,2019,18,15,1,30,6,10,2019
Air India,Delhi,Cochin,1,7480.0,1255,15,5,2019,12,30,9,25,16,5,2019
IndiGo,Banglore,Delhi,1,6351.0,300,3,9,2019,17,55,22,55,3,9,2019
Multiple carriers,Delhi,Cochin,1,7153.0,420,27,5,2019,14,0,21,0,27,5,2019
Air Asia,Kolkata,Banglore,0,4409.0,150,5,6,2019,19,55,22,25,5,6,2019
IndiGo,Kolkata,Banglore,1,7228.0,315,15,5,2019,21,0,2,15,16,5,2019
Multiple carriers,Delhi,Cochin,1,11667.0,650,27,3,2019,8,0,18,50,27,3,2019
SpiceJet,Kolkata,Banglore,1,4649.0,315,6,12,2019,15,5,20,20,6,12,2019
Air India,Kolkata,Banglore,2,12592.0,1255,5,9,2019,16,50,13,45,5,10,2019
Multiple carriers,Delhi,Cochin,1,11789.0,520,6,12,2019,10,20,19,0,6,12,2019
Air India,Chennai,Kolkata,0,4667.0,135,6,1,2019,11,40,13,55,6,1,2019
Air Asia,Kolkata,Banglore,1,9719.0,720,21,5,2019,22,40,10,40,22,5,2019
Air India,Delhi,Cochin,1,6902.0,375,27,3,2019,13,0,19,15,27,3,2019
Jet Airways,Kolkata,Banglore,1,14781.0,520,21,5,2019,20,0,4,40,22,5,2019
Jet Airways,Kolkata,Banglore,1,10844.0,850,18,5,2019,8,25,22,35,18,5,2019
Air India,Kolkata,Banglore,2,11522.0,1975,24,3,2019,5,40,14,35,25,3,2019
Air India,Banglore,Delhi,0,6121.0,170,21,4,2019,13,20,16,10,21,4,2019
Vistara,Kolkata,Banglore,1,8610.0,385,6,6,2019,17,0,23,25,6,6,2019
Air Asia,Kolkata,Banglore,0,5620.0,150,24,3,2019,22,50,1,20,25,3,2019
IndiGo,Kolkata,Banglore,0,4804.0,150,27,5,2019,15,15,17,45,27,5,2019
Multiple carriers,Delhi,Cochin,1,7005.0,640,27,5,2019,10,20,21,0,27,5,2019
Jet Airways,Delhi,Cochin,2,15129.0,1195,5,1,2019,23,5,19,0,5,2,2019
Jet Airways,Kolkata,Banglore,1,8586.0,520,24,5,2019,20,0,4,40,25,5,2019
Multiple carriers,Delhi,Cochin,1,10197.0,660,18,5,2019,8,0,19,0,18,5,2019
Multiple carriers,Delhi,Cochin,1,10667.0,605,27,3,2019,9,10,19,15,27,3,2019
IndiGo,Kolkata,Banglore,1,11160.0,295,6,12,2019,9,20,14,15,6,12,2019
Air India,Delhi,Cochin,2,12488.0,1855,27,5,2019,12,20,19,15,28,5,2019
Jet Airways,Kolkata,Banglore,1,10844.0,685,18,5,2019,8,25,19,50,18,5,2019
Air India,Delhi,Cochin,2,9968.0,1595,6,3,2019,16,40,19,15,6,4,2019
Jet Airways,Banglore,Delhi,0,5198.0,185,18,5,2019,18,55,22,0,18,5,2019
Jet Airways,Kolkata,Banglore,1,8586.0,875,5,1,2019,14,5,4,40,5,2,2019
IndiGo,Chennai,Kolkata,0,4332.0,145,18,5,2019,11,35,14,0,18,5,2019
IndiGo,Kolkata,Banglore,1,5069.0,290,5,6,2019,8,10,13,0,5,6,2019
Jet Airways,Banglore,Delhi,0,4544.0,180,5,6,2019,8,20,11,20,5,6,2019
Multiple carriers,Delhi,Cochin,1,14973.0,690,3,3,2019,4,0,15,30,3,3,2019
Air India,Banglore,Delhi,3,13387.0,2120,3,12,2019,6,45,18,5,13,3,2019
SpiceJet,Banglore,Delhi,0,3625.0,160,6,9,2019,5,55,8,35,6,9,2019
Jet Airways,Kolkata,Banglore,1,10703.0,1730,24,5,2019,9,35,14,25,25,5,2019
IndiGo,Kolkata,Banglore,0,7615.0,155,24,3,2019,15,10,17,45,24,3,2019
IndiGo,Banglore,Delhi,0,4823.0,175,27,5,2019,18,25,21,20,27,5,2019
Jet Airways,Banglore,Delhi,1,16736.0,1045,3,6,2019,11,40,5,5,3,7,2019
Jet Airways,Kolkata,Banglore,1,9663.0,890,5,9,2019,21,10,12,0,5,10,2019
Multiple carriers,Delhi,Cochin,1,9205.0,630,18,5,2019,8,30,19,0,18,5,2019
Jet Airways,Delhi,Cochin,1,15554.0,335,5,9,2019,22,50,4,25,5,10,2019
SpiceJet,Mumbai,Hyderabad,0,1965.0,90,15,5,2019,22,45,0,15,16,5,2019
Air India,Kolkata,Banglore,0,5510.0,150,15,6,2019,14,15,16,45,15,6,2019
Multiple carriers,Delhi,Cochin,1,8266.0,535,5,9,2019,10,20,19,15,5,9,2019
IndiGo,Mumbai,Hyderabad,0,3175.0,90,27,5,2019,16,55,18,25,27,5,2019
SpiceJet,Delhi,Cochin,1,4760.0,270,5,9,2019,8,45,13,15,5,9,2019
Multiple carriers,Delhi,Cochin,1,7740.0,735,27,5,2019,8,45,21,0,27,5,2019
Jet Airways,Kolkata,Banglore,1,13941.0,570,15,5,2019,14,5,23,35,15,5,2019
Air Asia,Delhi,Cochin,1,11410.0,865,6,6,2019,16,45,7,10,6,7,2019
Jet Airways,Kolkata,Banglore,1,12681.0,1640,4,1,2019,16,30,19,50,4,2,2019
Jet Airways,Delhi,Cochin,2,15129.0,1615,5,6,2019,9,40,12,35,5,7,2019
Jet Airways,Delhi,Cochin,2,10368.0,810,6,12,2019,5,30,19,0,6,12,2019
Air India,Kolkata,Banglore,2,12324.0,725,21,5,2019,8,20,20,25,21,5,2019
SpiceJet,Kolkata,Banglore,0,3841.0,150,15,4,2019,17,10,19,40,15,4,2019
Jet Airways,Delhi,Cochin,2,13014.0,1375,24,6,2019,5,30,4,25,25,6,2019
IndiGo,Delhi,Cochin,1,6442.0,940,27,6,2019,6,50,22,30,27,6,2019
Jet Airways,Delhi,Cochin,1,12373.0,300,18,5,2019,14,0,19,0,18,5,2019
Jet Airways,Banglore,Delhi,1,13817.0,845,3,12,2019,8,55,23,0,3,12,2019
IndiGo,Banglore,Delhi,0,4823.0,175,24,6,2019,18,55,21,50,24,6,2019
Jet Airways,Delhi,Cochin,2,9412.0,1395,27,3,2019,5,10,4,25,28,3,2019
Air India,Delhi,Cochin,2,10231.0,1275,27,5,2019,22,0,19,15,28,5,2019
Jet Airways,Banglore,Delhi,0,7229.0,175,4,9,2019,15,50,18,45,4,9,2019
SpiceJet,Banglore,Delhi,0,4273.0,175,24,3,2019,9,35,12,30,24,3,2019
Jet Airways,Kolkata,Banglore,1,10844.0,1550,18,5,2019,18,55,20,45,19,5,2019
IndiGo,Delhi,Cochin,1,7164.0,325,27,5,2019,2,0,7,25,27,5,2019
Jet Airways,Banglore,Delhi,0,6478.0,180,27,6,2019,7,10,10,10,27,6,2019
Jet Airways,Banglore,Delhi,0,5198.0,180,5,12,2019,7,10,10,10,5,12,2019
SpiceJet,Banglore,Delhi,0,4319.0,160,27,4,2019,5,55,8,35,27,4,2019
Jet Airways,Delhi,Cochin,1,10262.0,1040,27,6,2019,19,15,12,35,28,6,2019
Vistara,Delhi,Cochin,0,6741.0,190,18,5,2019,14,40,17,50,18,5,2019
Jet Airways,Kolkata,Banglore,1,14571.0,510,6,6,2019,14,5,22,35,6,6,2019
Air India,Banglore,Delhi,1,26092.0,725,3,1,2019,11,50,23,55,3,1,2019
Air India,Delhi,Cochin,2,11753.0,500,27,6,2019,10,55,19,15,27,6,2019
Jet Airways,Banglore,Delhi,1,7832.0,900,21,3,2019,8,0,23,0,21,3,2019
Vistara,Kolkata,Banglore,1,8610.0,790,5,1,2019,7,10,20,20,5,1,2019
Jet Airways,Kolkata,Banglore,1,13626.0,510,6,12,2019,14,5,22,35,6,12,2019
Jet Airways,Delhi,Cochin,2,10368.0,1615,6,9,2019,9,40,12,35,6,10,2019
IndiGo,Mumbai,Hyderabad,0,2754.0,90,18,6,2019,2,35,4,5,18,6,2019
Jet Airways,Kolkata,Banglore,1,12692.0,1500,6,6,2019,17,0,18,0,6,7,2019
IndiGo,Banglore,Delhi,0,10067.0,175,3,1,2019,10,5,13,0,3,1,2019
GoAir,Delhi,Cochin,1,4959.0,540,6,3,2019,10,35,19,35,6,3,2019
Air India,Banglore,Delhi,2,19372.0,1580,3,1,2019,8,50,11,10,3,2,2019
Air India,Mumbai,Hyderabad,0,3100.0,80,18,5,2019,6,20,7,40,18,5,2019
Multiple carriers,Delhi,Cochin,1,8405.0,810,15,5,2019,7,30,21,0,15,5,2019
Multiple carriers,Delhi,Cochin,1,6943.0,570,27,5,2019,11,30,21,0,27,5,2019
SpiceJet,Kolkata,Banglore,0,3841.0,150,27,4,2019,17,10,19,40,27,4,2019
SpiceJet,Mumbai,Hyderabad,0,2017.0,90,6,6,2019,22,45,0,15,6,7,2019
Vistara,Kolkata,Banglore,1,9187.0,1065,5,1,2019,17,0,10,45,5,2,2019
Jet Airways,Kolkata,Banglore,1,13941.0,685,5,12,2019,8,25,19,50,5,12,2019
Jet Airways,Delhi,Cochin,2,8938.0,1415,21,3,2019,19,15,18,50,22,3,2019
SpiceJet,Banglore,Delhi,0,4319.0,170,18,5,2019,9,30,12,20,18,5,2019
SpiceJet,Banglore,Delhi,0,3573.0,175,4,1,2019,21,10,0,5,4,2,2019
SpiceJet,Kolkata,Banglore,0,3841.0,145,5,3,2019,9,0,11,25,5,3,2019
Jet Airways,Delhi,Cochin,0,7202.0,195,27,6,2019,11,0,14,15,27,6,2019
Vistara,Kolkata,Banglore,1,9187.0,355,6,9,2019,17,0,22,55,6,9,2019
GoAir,Delhi,Cochin,1,6976.0,370,6,3,2019,7,25,13,35,6,3,2019
Jet Airways,Delhi,Cochin,1,12898.0,1100,21,5,2019,18,15,12,35,22,5,2019
Jet Airways,Delhi,Cochin,1,12898.0,1570,27,5,2019,2,15,4,25,28,5,2019
Jet Airways,Delhi,Cochin,2,10588.0,1295,15,6,2019,21,25,19,0,16,6,2019
Air India,Delhi,Cochin,2,9181.0,1275,24,6,2019,22,0,19,15,25,6,2019
Jet Airways,Banglore,Delhi,1,11087.0,1400,3,3,2019,5,45,5,5,3,7,2019
Jet Airways,Delhi,Cochin,1,10262.0,330,27,6,2019,7,5,12,35,27,6,2019
Jet Airways,Delhi,Cochin,0,4886.0,195,4,6,2019,11,0,14,15,4,6,2019
IndiGo,Delhi,Cochin,1,8470.0,355,21,3,2019,2,35,8,30,21,3,2019
Air India,Kolkata,Banglore,3,14960.0,805,21,5,2019,9,50,23,15,21,5,2019
SpiceJet,Kolkata,Banglore,0,3873.0,155,5,9,2019,6,55,9,30,5,9,2019
Air India,Delhi,Cochin,2,11911.0,1595,3,9,2019,16,40,19,15,3,10,2019
Air India,Delhi,Cochin,1,8907.0,795,15,6,2019,9,45,23,0,15,6,2019
SpiceJet,Chennai,Kolkata,0,3859.0,135,5,9,2019,8,20,10,35,5,9,2019
Air Asia,Kolkata,Banglore,0,3807.0,150,24,6,2019,22,50,1,20,25,6,2019
Air Asia,Kolkata,Banglore,0,4384.0,155,3,6,2019,10,20,12,55,3,6,2019
Multiple carriers,Delhi,Cochin,1,11622.0,460,6,3,2019,4,55,12,35,6,3,2019
Vistara,Banglore,Delhi,0,4563.0,160,24,3,2019,19,40,22,20,24,3,2019
SpiceJet,Mumbai,Hyderabad,0,1965.0,90,4,1,2019,13,15,14,45,4,1,2019
Air India,Kolkata,Banglore,0,4145.0,155,24,4,2019,20,45,23,20,24,4,2019
Jet Airways,Kolkata,Banglore,1,10031.0,1410,24,3,2019,21,10,20,40,25,3,2019
Air India,Banglore,Delhi,1,11628.0,370,3,1,2019,17,0,23,10,3,1,2019
Jet Airways,Delhi,Cochin,1,10262.0,330,15,6,2019,7,5,12,35,15,6,2019
SpiceJet,Mumbai,Hyderabad,0,2017.0,90,24,6,2019,13,15,14,45,24,6,2019
Vistara,Delhi,Cochin,0,6216.0,190,27,4,2019,6,0,9,10,27,4,2019
Multiple carriers,Delhi,Cochin,3,16294.0,835,15,5,2019,11,35,1,30,16,5,2019
IndiGo,Banglore,Delhi,0,3943.0,170,6,3,2019,4,0,6,50,6,3,2019
Multiple carriers,Delhi,Cochin,1,7038.0,455,27,5,2019,14,55,22,30,27,5,2019
SpiceJet,Banglore,Delhi,1,7294.0,475,3,9,2019,10,20,18,15,3,9,2019
SpiceJet,Kolkata,Banglore,0,3873.0,145,4,6,2019,9,0,11,25,4,6,2019
Air India,Mumbai,Hyderabad,0,3100.0,90,18,6,2019,13,55,15,25,18,6,2019
Multiple carriers,Delhi,Cochin,1,12507.0,540,27,5,2019,10,0,19,0,27,5,2019
Air Asia,Delhi,Cochin,1,6152.0,875,21,5,2019,7,55,22,30,21,5,2019
Air India,Kolkata,Banglore,1,8030.0,675,4,1,2019,9,50,21,5,4,1,2019
Jet Airways,Banglore,Delhi,0,5769.0,180,18,6,2019,8,20,11,20,18,6,2019
IndiGo,Kolkata,Banglore,0,4804.0,155,6,6,2019,17,15,19,50,6,6,2019
Air India,Delhi,Cochin,1,8372.0,1420,18,5,2019,9,45,9,25,19,5,2019
Jet Airways,Banglore,Delhi,1,8578.0,280,15,3,2019,9,45,14,25,15,3,2019
Air India,Delhi,Cochin,2,11228.0,1275,18,5,2019,22,0,19,15,19,5,2019
Air India,Kolkata,Banglore,2,13227.0,1385,5,1,2019,9,50,8,55,5,2,2019
IndiGo,Banglore,Delhi,0,8855.0,175,15,3,2019,20,0,22,55,15,3,2019
Multiple carriers,Delhi,Cochin,1,12192.0,525,6,12,2019,3,50,12,35,6,12,2019
Jet Airways,Delhi,Cochin,2,12819.0,1195,27,6,2019,23,5,19,0,28,6,2019
IndiGo,Banglore,Delhi,0,3943.0,165,27,6,2019,6,5,8,50,27,6,2019
Multiple carriers,Delhi,Cochin,1,18260.0,755,3,9,2019,0,20,12,55,3,9,2019
Air India,Banglore,Delhi,0,5228.0,165,18,4,2019,6,10,8,55,18,4,2019
Jet Airways,Delhi,Cochin,2,14300.0,970,6,12,2019,12,15,4,25,13,6,2019
Air India,Kolkata,Banglore,2,10151.0,1830,5,1,2019,12,0,18,30,5,2,2019
IndiGo,Kolkata,Banglore,1,5699.0,280,5,6,2019,17,35,22,15,5,6,2019
Vistara,Kolkata,Banglore,1,9187.0,1655,21,5,2019,7,10,10,45,22,5,2019
Vistara,Kolkata,Banglore,1,8452.0,765,6,6,2019,20,20,9,5,6,7,2019
Multiple carriers,Delhi,Cochin,1,13961.0,665,21,3,2019,2,15,13,20,21,3,2019
Jet Airways,Banglore,Delhi,0,5769.0,180,24,6,2019,7,10,10,10,24,6,2019
Multiple carriers,Delhi,Cochin,1,10877.0,690,24,6,2019,7,30,19,0,24,6,2019
IndiGo,Banglore,Delhi,0,4591.0,170,4,9,2019,23,30,2,20,4,10,2019
Air India,Kolkata,Banglore,2,17732.0,1200,5,6,2019,9,25,5,25,5,7,2019
Jet Airways,Delhi,Cochin,1,12373.0,610,5,9,2019,18,15,4,25,5,10,2019
Air Asia,Kolkata,Banglore,0,3807.0,150,27,6,2019,19,55,22,25,27,6,2019
Vistara,Kolkata,Banglore,1,9555.0,790,6,9,2019,7,10,20,20,6,9,2019
Air Asia,Banglore,Delhi,0,4483.0,165,6,6,2019,11,10,13,55,6,6,2019
Jet Airways,Kolkata,Banglore,1,14781.0,400,5,12,2019,14,5,20,45,5,12,2019
Jet Airways,Delhi,Cochin,2,13292.0,1620,6,3,2019,9,35,12,35,6,4,2019
Jet Airways,Delhi,Cochin,1,12373.0,1425,18,5,2019,19,15,19,0,19,5,2019
IndiGo,Delhi,Cochin,1,5530.0,320,21,5,2019,6,50,12,10,21,5,2019
IndiGo,Delhi,Cochin,1,7081.0,750,18,5,2019,8,30,21,0,18,5,2019
Jet Airways,Delhi,Cochin,1,10262.0,1655,15,6,2019,9,0,12,35,16,6,2019
Multiple carriers,Delhi,Cochin,1,9316.0,455,27,5,2019,11,40,19,15,27,5,2019
Jet Airways,Kolkata,Banglore,1,10844.0,705,5,9,2019,6,30,18,15,5,9,2019
IndiGo,Delhi,Cochin,1,8542.0,810,5,1,2019,7,30,21,0,5,1,2019
IndiGo,Banglore,Delhi,0,4823.0,180,15,4,2019,16,55,19,55,15,4,2019
Air India,Delhi,Cochin,1,12940.0,1660,3,6,2019,4,0,7,40,3,7,2019
Jet Airways,Kolkata,Banglore,1,13374.0,450,6,6,2019,21,10,4,40,6,7,2019
Multiple carriers,Delhi,Cochin,1,13062.0,570,21,3,2019,11,30,21,0,21,3,2019
Jet Airways,Delhi,Cochin,2,13014.0,810,6,3,2019,5,30,19,0,6,3,2019
Jet Airways,Banglore,Delhi,0,8541.0,185,21,6,2019,18,55,22,0,21,6,2019
Jet Airways,Kolkata,Banglore,1,11134.0,1210,24,3,2019,13,55,10,5,25,3,2019
Jet Airways,Banglore,Delhi,1,7832.0,615,21,3,2019,8,55,19,10,21,3,2019
Multiple carriers,Delhi,Cochin,1,8888.0,555,5,9,2019,13,15,22,30,5,9,2019
Jet Airways,Kolkata,Banglore,1,9663.0,865,5,12,2019,18,55,9,20,13,5,2019
Multiple carriers,Delhi,Cochin,1,17267.0,505,3,6,2019,7,5,15,30,3,6,2019
Jet Airways,Banglore,Delhi,1,7832.0,890,21,3,2019,20,35,11,25,19,3,2019
Vistara,Banglore,Delhi,0,12123.0,160,18,3,2019,19,40,22,20,18,3,2019
Multiple carriers,Delhi,Cochin,1,8073.0,510,15,5,2019,17,0,1,30,16,5,2019
SpiceJet,Banglore,Delhi,0,4991.0,170,4,12,2019,9,30,12,20,4,12,2019
GoAir,Banglore,Delhi,0,3419.0,165,6,12,2019,20,55,23,40,6,12,2019
Jet Airways,Delhi,Cochin,1,10262.0,1395,27,6,2019,19,45,19,0,28,6,2019
Jet Airways,Delhi,Cochin,1,10262.0,1010,6,1,2019,19,45,12,35,6,2,2019
Air Asia,Kolkata,Banglore,0,3807.0,150,4,3,2019,22,50,1,20,4,4,2019
IndiGo,Mumbai,Hyderabad,0,5755.0,85,3,3,2019,12,0,13,25,3,3,2019
Jet Airways,Delhi,Cochin,1,10262.0,395,6,1,2019,21,50,4,25,6,2,2019
Air India,Delhi,Cochin,2,13039.0,865,21,5,2019,17,15,7,40,22,5,2019
Jet Airways,Banglore,Delhi,1,7832.0,745,21,3,2019,8,55,21,20,21,3,2019
IndiGo,Chennai,Kolkata,0,6297.0,140,3,9,2019,7,55,10,15,3,9,2019
Jet Airways,Mumbai,Hyderabad,0,3210.0,90,24,6,2019,19,35,21,5,24,6,2019
Multiple carriers,Delhi,Cochin,1,15147.0,640,3,3,2019,10,20,21,0,3,3,2019
IndiGo,Mumbai,Hyderabad,0,4049.0,90,24,6,2019,9,10,10,40,24,6,2019
Jet Airways,Delhi,Cochin,2,13882.0,1630,6,12,2019,9,25,12,35,13,6,2019
Air India,Kolkata,Banglore,1,8366.0,745,21,5,2019,9,25,21,50,21,5,2019
Jet Airways,Banglore,Delhi,1,9134.0,530,15,3,2019,22,50,7,40,16,3,2019
IndiGo,Banglore,Delhi,0,4823.0,170,4,3,2019,8,30,11,20,4,3,2019
Air India,Kolkata,Banglore,1,5006.0,1440,4,9,2019,14,35,14,35,4,10,2019
Air India,Delhi,Cochin,1,7480.0,1255,6,1,2019,12,30,9,25,6,2,2019
Jet Airways,Kolkata,Banglore,1,10844.0,365,6,6,2019,16,30,22,35,6,6,2019
Jet Airways,Kolkata,Banglore,1,7064.0,735,4,1,2019,20,0,8,15,4,2,2019
IndiGo,Kolkata,Banglore,0,5224.0,150,21,6,2019,14,25,16,55,21,6,2019
Air Asia,Kolkata,Banglore,0,4384.0,155,15,3,2019,10,20,12,55,15,3,2019
Multiple carriers,Delhi,Cochin,1,13377.0,750,6,1,2019,13,0,1,30,6,2,2019
Multiple carriers,Delhi,Cochin,1,8837.0,755,27,5,2019,6,40,19,15,27,5,2019
Air India,Delhi,Cochin,1,16352.0,965,3,3,2019,17,20,9,25,3,4,2019
Air India,Delhi,Cochin,2,10441.0,1275,6,9,2019,22,0,19,15,6,10,2019
IndiGo,Chennai,Kolkata,0,3597.0,140,5,9,2019,13,15,15,35,5,9,2019
Air Asia,Kolkata,Banglore,0,3807.0,150,6,12,2019,19,55,22,25,6,12,2019
Jet Airways,Kolkata,Banglore,1,9663.0,735,5,6,2019,20,0,8,15,5,7,2019
Jet Airways,Kolkata,Banglore,1,12681.0,1430,4,1,2019,20,0,19,50,4,2,2019
Vistara,Banglore,Delhi,0,4668.0,170,24,5,2019,11,30,14,20,24,5,2019
Jet Airways,Delhi,Cochin,2,15129.0,1390,18,5,2019,13,25,12,35,19,5,2019
Multiple carriers,Delhi,Cochin,1,17057.0,485,3,3,2019,17,30,1,35,3,4,2019
Air India,Delhi,Cochin,1,8372.0,640,6,3,2019,21,0,7,40,6,4,2019
SpiceJet,Kolkata,Banglore,0,5515.0,150,3,1,2019,17,15,19,45,3,1,2019
Jet Airways,Kolkata,Banglore,1,8355.0,435,5,1,2019,10,20,17,35,5,1,2019
IndiGo,Mumbai,Hyderabad,0,2754.0,90,4,1,2019,2,35,4,5,4,1,2019
Multiple carriers,Delhi,Cochin,1,13377.0,630,15,6,2019,15,0,1,30,16,6,2019
Jet Airways,Delhi,Cochin,1,15554.0,1395,5,9,2019,19,45,19,0,5,10,2019
IndiGo,Kolkata,Banglore,0,5224.0,150,18,5,2019,14,25,16,55,18,5,2019
IndiGo,Delhi,Cochin,1,6069.0,300,6,9,2019,16,0,21,0,6,9,2019
Jet Airways,Delhi,Cochin,1,12373.0,1505,5,9,2019,11,30,12,35,5,10,2019
Jet Airways,Kolkata,Banglore,1,6959.0,585,6,12,2019,18,55,4,40,13,6,2019
SpiceJet,Kolkata,Banglore,0,3841.0,145,27,5,2019,9,0,11,25,27,5,2019
Air India,Delhi,Cochin,1,8669.0,925,15,5,2019,3,50,19,15,15,5,2019
Jet Airways,Delhi,Cochin,2,13014.0,810,6,1,2019,5,30,19,0,6,1,2019
Jet Airways,Kolkata,Banglore,1,13731.0,1215,6,6,2019,8,25,4,40,6,7,2019
Multiple carriers,Delhi,Cochin,1,7888.0,930,21,5,2019,10,0,1,30,22,5,2019
Vistara,Kolkata,Banglore,1,12942.0,900,24,3,2019,7,10,22,10,24,3,2019
Vistara,Mumbai,Hyderabad,1,12395.0,1290,3,6,2019,11,55,9,25,3,7,2019
Jet Airways,Kolkata,Banglore,1,14571.0,425,6,9,2019,16,30,23,35,6,9,2019
IndiGo,Banglore,Delhi,0,4591.0,175,27,4,2019,0,30,3,25,27,4,2019
Air India,Kolkata,Banglore,2,12592.0,1700,5,9,2019,9,25,13,45,5,10,2019
IndiGo,Kolkata,Banglore,0,4804.0,150,6,6,2019,14,25,16,55,6,6,2019
Jet Airways,Kolkata,Banglore,1,14388.0,1090,21,5,2019,14,5,8,15,22,5,2019
Air India,Delhi,Cochin,2,14851.0,1275,3,9,2019,22,0,19,15,3,10,2019
Jet Airways,Kolkata,Banglore,1,8586.0,665,18,5,2019,21,10,8,15,19,5,2019
Jet Airways,Banglore,Delhi,1,31825.0,640,3,1,2019,22,50,9,30,3,2,2019
Jet Airways,Delhi,Cochin,2,14237.0,600,6,9,2019,18,25,4,25,6,10,2019
IndiGo,Kolkata,Banglore,1,5069.0,290,6,6,2019,8,10,13,0,6,6,2019
Jet Airways,Delhi,Cochin,1,16079.0,330,6,1,2019,7,5,12,35,6,1,2019
Jet Airways,Kolkata,Banglore,1,9663.0,800,15,5,2019,18,55,8,15,16,5,2019
Multiple carriers,Delhi,Cochin,1,13587.0,570,27,5,2019,11,30,21,0,27,5,2019
Air India,Kolkata,Banglore,1,10808.0,1605,24,3,2019,20,30,23,15,25,3,2019
Multiple carriers,Delhi,Cochin,1,11446.0,555,27,5,2019,10,0,19,15,27,5,2019
Air India,Mumbai,Hyderabad,0,3100.0,75,5,1,2019,19,30,20,45,5,1,2019
GoAir,Kolkata,Banglore,1,6484.0,455,5,1,2019,16,40,0,15,5,2,2019
IndiGo,Mumbai,Hyderabad,0,4049.0,90,5,9,2019,6,25,7,55,5,9,2019
SpiceJet,Banglore,Delhi,0,3873.0,170,24,3,2019,20,30,23,20,24,3,2019
IndiGo,Banglore,Delhi,1,7280.0,310,3,9,2019,19,30,0,40,13,3,2019
Air India,Mumbai,Hyderabad,0,3625.0,90,27,5,2019,13,55,15,25,27,5,2019
SpiceJet,Banglore,Delhi,0,3919.0,175,15,6,2019,21,10,0,5,16,6,2019
Jet Airways,Delhi,Cochin,1,15554.0,1005,5,9,2019,2,15,19,0,5,9,2019
IndiGo,Chennai,Kolkata,0,3850.0,140,6,3,2019,7,55,10,15,6,3,2019
Jet Airways,Delhi,Cochin,2,15129.0,1195,21,5,2019,23,5,19,0,22,5,2019
Jet Airways,Banglore,Delhi,0,7229.0,185,5,12,2019,18,55,22,0,5,12,2019
IndiGo,Banglore,Delhi,0,4823.0,175,27,4,2019,18,55,21,50,27,4,2019
IndiGo,Banglore,Delhi,0,4823.0,175,15,5,2019,18,55,21,50,15,5,2019
Vistara,Kolkata,Banglore,1,11682.0,1560,24,3,2019,7,10,9,10,25,3,2019
IndiGo,Banglore,Delhi,0,4823.0,175,21,4,2019,18,55,21,50,21,4,2019
Jet Airways,Delhi,Cochin,1,10262.0,925,6,9,2019,13,0,4,25,6,10,2019
IndiGo,Delhi,Cochin,1,6818.0,665,6,6,2019,5,5,16,10,6,6,2019
SpiceJet,Mumbai,Hyderabad,0,1965.0,90,27,5,2019,22,45,0,15,28,5,2019
Vistara,Kolkata,Banglore,1,9345.0,975,5,12,2019,7,10,23,25,5,12,2019
IndiGo,Delhi,Cochin,1,6938.0,380,6,6,2019,16,10,22,30,6,6,2019
Jet Airways,Delhi,Cochin,2,10368.0,1615,15,6,2019,9,40,12,35,16,6,2019
Air India,Delhi,Cochin,2,11753.0,1245,6,12,2019,10,55,7,40,13,6,2019
Air India,Delhi,Cochin,2,12488.0,1485,27,5,2019,18,30,19,15,28,5,2019
Jet Airways,Kolkata,Banglore,1,9899.0,345,6,12,2019,14,5,19,50,6,12,2019
Multiple carriers,Delhi,Cochin,1,11622.0,585,6,6,2019,9,15,19,0,6,6,2019
SpiceJet,Kolkata,Banglore,0,3847.0,160,27,3,2019,6,55,9,35,27,3,2019
Jet Airways,Delhi,Cochin,1,16079.0,335,27,6,2019,22,50,4,25,28,6,2019
Jet Airways,Banglore,Delhi,0,6478.0,165,18,6,2019,6,0,8,45,18,6,2019
Air India,Delhi,Cochin,0,5201.0,180,21,6,2019,14,10,17,10,21,6,2019
Air Asia,Kolkata,Banglore,0,4409.0,155,5,9,2019,10,20,12,55,5,9,2019
Jet Airways,Banglore,Delhi,1,17261.0,1475,3,6,2019,8,55,9,30,3,7,2019
Vistara,Banglore,Delhi,0,4878.0,155,27,5,2019,17,0,19,35,27,5,2019
SpiceJet,Banglore,Delhi,0,3573.0,160,18,5,2019,5,55,8,35,18,5,2019
Jet Airways,Kolkata,Banglore,1,10844.0,1220,18,5,2019,20,0,16,20,19,5,2019
IndiGo,Kolkata,Banglore,0,4804.0,155,21,4,2019,22,15,0,50,22,4,2019
Air India,Delhi,Cochin,0,5201.0,180,27,6,2019,14,10,17,10,27,6,2019
Multiple carriers,Delhi,Cochin,1,14533.0,375,18,5,2019,13,0,19,15,18,5,2019
SpiceJet,Kolkata,Banglore,0,3873.0,140,4,12,2019,22,20,0,40,13,4,2019
SpiceJet,Chennai,Kolkata,0,3543.0,140,6,6,2019,17,45,20,5,6,6,2019
Multiple carriers,Delhi,Cochin,1,7215.0,640,21,3,2019,10,20,21,0,21,3,2019
Multiple carriers,Delhi,Cochin,1,11999.0,510,21,3,2019,10,20,18,50,21,3,2019
IndiGo,Mumbai,Hyderabad,0,2754.0,90,18,5,2019,12,0,13,30,18,5,2019
Jet Airways,Banglore,Delhi,1,13817.0,950,3,12,2019,18,55,10,45,13,3,2019
Air Asia,Kolkata,Banglore,0,4107.0,150,15,6,2019,19,55,22,25,15,6,2019
Multiple carriers,Delhi,Cochin,1,8073.0,720,5,9,2019,9,0,21,0,5,9,2019
IndiGo,Mumbai,Hyderabad,0,2227.0,90,27,6,2019,21,20,22,50,27,6,2019
Jet Airways,Kolkata,Banglore,1,10539.0,1295,6,6,2019,20,25,18,0,6,7,2019
IndiGo,Banglore,Delhi,0,3943.0,165,5,3,2019,1,30,4,15,5,3,2019
Jet Airways,Kolkata,Banglore,1,10844.0,1575,24,5,2019,14,5,16,20,25,5,2019
SpiceJet,Banglore,Delhi,0,3925.0,170,24,3,2019,20,30,23,20,24,3,2019
Jet Airways,Mumbai,Hyderabad,0,3210.0,85,5,1,2019,2,55,4,20,5,1,2019
Jet Airways,Banglore,Delhi,0,8016.0,180,6,6,2019,17,45,20,45,6,6,2019
SpiceJet,Kolkata,Banglore,0,3841.0,150,4,12,2019,17,10,19,40,4,12,2019
Jet Airways,Kolkata,Banglore,1,14388.0,450,5,9,2019,21,10,4,40,5,10,2019
IndiGo,Chennai,Kolkata,0,3597.0,140,18,6,2019,14,45,17,5,18,6,2019
Multiple carriers,Delhi,Cochin,1,14086.0,630,3,9,2019,15,5,1,35,3,10,2019
IndiGo,Banglore,Delhi,0,3749.0,170,6,9,2019,22,10,1,0,6,10,2019
Jet Airways,Banglore,Delhi,0,7229.0,165,24,5,2019,6,0,8,45,24,5,2019
Multiple carriers,Delhi,Cochin,1,15603.0,840,3,6,2019,7,0,21,0,3,6,2019
IndiGo,Banglore,Delhi,0,4823.0,170,27,5,2019,20,0,22,50,27,5,2019
Jet Airways,Mumbai,Hyderabad,0,8040.0,90,4,3,2019,10,20,11,50,4,3,2019
Jet Airways,Kolkata,Banglore,1,13941.0,1655,5,6,2019,6,30,10,5,5,7,2019
Jet Airways,Delhi,Cochin,1,14714.0,395,6,6,2019,21,50,4,25,6,7,2019
Vistara,Kolkata,Banglore,1,7927.0,700,4,1,2019,7,10,18,50,4,1,2019
Jet Airways,Banglore,Delhi,0,4030.0,175,15,5,2019,11,10,14,5,15,5,2019
IndiGo,Delhi,Cochin,1,8285.0,710,21,3,2019,9,10,21,0,21,3,2019
Jet Airways,Kolkata,Banglore,1,10844.0,590,5,6,2019,8,25,18,15,5,6,2019
Jet Airways,Kolkata,Banglore,1,9663.0,1610,5,12,2019,6,30,9,20,13,5,2019
IndiGo,Kolkata,Banglore,0,4148.0,165,27,3,2019,22,10,0,55,28,3,2019
IndiGo,Delhi,Cochin,1,6496.0,295,24,6,2019,5,10,10,5,24,6,2019
IndiGo,Kolkata,Banglore,0,4148.0,165,18,3,2019,22,10,0,55,19,3,2019
Jet Airways,Kolkata,Banglore,1,13339.0,790,24,3,2019,6,30,19,40,24,3,2019
Jet Airways,Delhi,Cochin,2,13882.0,1630,15,6,2019,9,25,12,35,16,6,2019
IndiGo,Banglore,Delhi,0,3943.0,165,5,12,2019,1,30,4,15,5,12,2019
Jet Airways,Banglore,Delhi,1,11087.0,950,3,12,2019,20,35,12,25,13,3,2019
Jet Airways,Delhi,Cochin,2,15318.0,505,6,6,2019,20,0,4,25,6,7,2019
SpiceJet,Kolkata,Banglore,0,3873.0,140,6,6,2019,22,20,0,40,6,7,2019
Multiple carriers,Delhi,Cochin,1,11573.0,845,27,5,2019,4,55,19,0,27,5,2019
Vistara,Banglore,Delhi,0,4668.0,170,15,5,2019,11,30,14,20,15,5,2019
Air India,Banglore,Delhi,2,13576.0,980,3,1,2019,5,50,22,10,3,1,2019
Air India,Banglore,Delhi,1,15434.0,1510,3,1,2019,11,50,13,0,3,2,2019
Vistara,Banglore,Delhi,0,5403.0,170,21,4,2019,11,30,14,20,21,4,2019
Jet Airways,Delhi,Cochin,2,16914.0,2300,3,6,2019,5,25,19,45,3,7,2019
Jet Airways,Kolkata,Banglore,1,14781.0,665,21,5,2019,21,10,8,15,22,5,2019
Jet Airways,Banglore,Delhi,0,4544.0,175,4,9,2019,11,10,14,5,4,9,2019
Air India,Kolkata,Banglore,2,9416.0,1195,6,12,2019,12,0,7,55,13,6,2019
Vistara,Kolkata,Banglore,1,8662.0,945,6,9,2019,7,10,22,55,6,9,2019
Air India,Delhi,Cochin,1,9194.0,555,24,6,2019,10,0,19,15,24,6,2019
SpiceJet,Kolkata,Banglore,0,3873.0,155,6,3,2019,6,55,9,30,6,3,2019
IndiGo,Kolkata,Banglore,1,11465.0,295,6,9,2019,9,20,14,15,6,9,2019
Air India,Delhi,Cochin,1,8907.0,795,6,9,2019,9,45,23,0,6,9,2019
Air India,Delhi,Cochin,2,8770.0,1560,21,3,2019,17,15,19,15,22,3,2019
Jet Airways,Delhi,Cochin,1,12242.0,1110,27,3,2019,9,55,4,25,28,3,2019
Multiple carriers,Delhi,Cochin,1,12192.0,540,6,12,2019,10,0,19,0,6,12,2019
Vistara,Kolkata,Banglore,1,8505.0,1655,4,1,2019,7,10,10,45,4,2,2019
Jet Airways,Kolkata,Banglore,1,9663.0,1155,5,9,2019,14,5,9,20,5,10,2019
Multiple carriers,Delhi,Cochin,1,8614.0,705,15,6,2019,7,30,19,15,15,6,2019
Jet Airways,Delhi,Cochin,2,13292.0,1375,24,6,2019,5,30,4,25,25,6,2019
Multiple carriers,Delhi,Cochin,1,7740.0,490,6,3,2019,12,50,21,0,6,3,2019
IndiGo,Delhi,Cochin,1,8854.0,415,5,1,2019,18,35,1,30,5,2,2019
IndiGo,Delhi,Cochin,2,7682.0,765,3,6,2019,8,35,21,20,3,6,2019
IndiGo,Kolkata,Banglore,0,4804.0,155,5,9,2019,17,15,19,50,5,9,2019
Vistara,Banglore,Delhi,0,4668.0,170,21,5,2019,9,45,12,35,21,5,2019
Multiple carriers,Delhi,Cochin,1,5797.0,615,24,6,2019,15,15,1,30,25,6,2019
Air India,Delhi,Cochin,0,4729.0,180,4,3,2019,14,10,17,10,4,3,2019
Multiple carriers,Delhi,Cochin,1,7888.0,750,21,5,2019,13,0,1,30,22,5,2019
IndiGo,Kolkata,Banglore,1,5069.0,290,24,5,2019,8,10,13,0,24,5,2019
Air India,Delhi,Cochin,3,9128.0,2280,21,3,2019,5,15,19,15,22,3,2019
Jet Airways,Kolkata,Banglore,1,9663.0,800,5,1,2019,20,0,9,20,5,2,2019
Air India,Delhi,Cochin,1,7952.0,765,6,6,2019,20,40,9,25,6,7,2019
Jet Airways,Delhi,Cochin,1,10262.0,1595,24,6,2019,10,0,12,35,25,6,2019
Jet Airways,Delhi,Cochin,2,13882.0,1000,6,6,2019,11,45,4,25,6,7,2019
IndiGo,Banglore,Delhi,0,4591.0,170,5,12,2019,13,0,15,50,5,12,2019
Air India,Mumbai,Hyderabad,2,16172.0,255,3,12,2019,21,10,16,55,3,12,2019
IndiGo,Banglore,Delhi,0,4591.0,165,18,4,2019,1,30,4,15,18,4,2019
IndiGo,Mumbai,Hyderabad,0,4049.0,90,24,6,2019,6,25,7,55,24,6,2019
IndiGo,Kolkata,Banglore,0,4804.0,155,5,3,2019,15,30,18,5,5,3,2019
Multiple carriers,Delhi,Cochin,1,6673.0,450,27,3,2019,8,0,15,30,27,3,2019
Jet Airways,Delhi,Cochin,2,11150.0,1760,27,6,2019,23,5,4,25,29,6,2019
Air India,Delhi,Cochin,2,13591.0,1380,15,6,2019,20,15,19,15,16,6,2019
IndiGo,Banglore,Delhi,0,4077.0,165,5,9,2019,6,5,8,50,5,9,2019
Multiple carriers,Delhi,Cochin,1,12927.0,730,6,1,2019,7,5,19,15,6,1,2019
Jet Airways,Delhi,Cochin,2,16274.0,425,21,5,2019,5,30,12,35,21,5,2019
Vistara,Banglore,Delhi,0,4668.0,160,15,5,2019,7,0,9,40,15,5,2019
Jet Airways,Delhi,Cochin,1,12898.0,940,27,5,2019,20,55,12,35,28,5,2019
Air India,Mumbai,Hyderabad,1,11678.0,465,3,6,2019,16,0,23,45,3,6,2019
IndiGo,Delhi,Cochin,1,5775.0,345,6,12,2019,21,50,3,35,13,6,2019
SpiceJet,Kolkata,Banglore,0,5515.0,150,3,1,2019,9,0,11,30,3,1,2019
Jet Airways,Banglore,Delhi,1,13555.0,610,18,3,2019,22,50,9,0,16,3,2019
Jet Airways,Kolkata,Banglore,1,14571.0,730,24,5,2019,16,30,4,40,25,5,2019
SpiceJet,Mumbai,Hyderabad,0,2227.0,90,6,9,2019,13,15,14,45,6,9,2019
Air India,Banglore,Delhi,0,6961.0,170,24,6,2019,13,20,16,10,24,6,2019
Air India,Delhi,Cochin,1,15704.0,735,3,9,2019,7,0,19,15,3,9,2019
Jet Airways,Mumbai,Hyderabad,0,8040.0,90,3,6,2019,10,20,11,50,3,6,2019
Jet Airways,Delhi,Cochin,1,14714.0,550,6,1,2019,19,15,4,25,6,2,2019
Jet Airways,Delhi,Cochin,2,9296.0,1325,27,3,2019,6,20,4,25,28,3,2019
Multiple carriers,Delhi,Cochin,1,10197.0,600,21,5,2019,9,0,19,0,21,5,2019
Air India,Delhi,Cochin,1,8372.0,375,6,12,2019,13,0,19,15,6,12,2019
Vistara,Delhi,Cochin,0,6741.0,175,3,9,2019,14,55,17,50,3,9,2019
IndiGo,Chennai,Kolkata,0,6297.0,155,3,9,2019,17,5,19,40,3,9,2019
Jet Airways,Kolkata,Banglore,1,13626.0,590,6,12,2019,8,25,18,15,6,12,2019
Jet Airways,Delhi,Cochin,2,15129.0,1430,27,5,2019,19,10,19,0,28,5,2019
IndiGo,Delhi,Cochin,1,6426.0,345,21,3,2019,2,0,7,45,21,3,2019
Jet Airways,Delhi,Cochin,2,20904.0,495,3,9,2019,20,10,4,25,3,10,2019
Air Asia,Delhi,Cochin,1,6451.0,625,4,9,2019,20,45,7,10,4,10,2019
Air India,Banglore,Delhi,1,12704.0,855,3,1,2019,9,30,23,45,3,1,2019
Jet Airways,Kolkata,Banglore,1,13067.0,800,24,5,2019,20,25,9,45,25,5,2019
Jet Airways,Banglore,Delhi,0,7229.0,165,18,5,2019,6,0,8,45,18,5,2019
Jet Airways,Delhi,Cochin,2,12347.0,2040,21,3,2019,18,25,4,25,23,3,2019
Multiple carriers,Delhi,Cochin,1,17057.0,425,3,3,2019,13,55,21,0,3,3,2019
Air India,Kolkata,Banglore,2,8366.0,535,18,5,2019,9,25,18,20,18,5,2019
Multiple carriers,Delhi,Cochin,1,15078.0,930,5,9,2019,10,0,1,30,5,10,2019
Air Asia,Kolkata,Banglore,1,7870.0,710,6,9,2019,7,35,19,25,6,9,2019
IndiGo,Mumbai,Hyderabad,0,3603.0,90,5,12,2019,16,55,18,25,5,12,2019
Air India,Kolkata,Banglore,1,11936.0,555,6,12,2019,7,0,16,15,6,12,2019
Multiple carriers,Delhi,Cochin,1,8925.0,930,27,5,2019,10,0,1,30,28,5,2019
Air India,Delhi,Cochin,0,6934.0,180,21,4,2019,14,10,17,10,21,4,2019
Jet Airways,Delhi,Cochin,1,6542.0,450,15,4,2019,11,30,19,0,15,4,2019
IndiGo,Kolkata,Banglore,0,4778.0,155,15,3,2019,14,20,16,55,15,3,2019
IndiGo,Kolkata,Banglore,0,4804.0,155,24,5,2019,17,15,19,50,24,5,2019
Jet Airways,Kolkata,Banglore,1,14151.0,870,5,12,2019,20,25,10,55,13,5,2019
Multiple carriers,Delhi,Cochin,1,16108.0,375,6,1,2019,13,0,19,15,6,1,2019
Multiple carriers,Delhi,Cochin,1,13377.0,630,6,1,2019,15,0,1,30,6,2,2019
SpiceJet,Banglore,Delhi,0,3919.0,170,4,1,2019,9,30,12,20,4,1,2019
Multiple carriers,Delhi,Cochin,1,15136.0,425,3,6,2019,13,55,21,0,3,6,2019
Vistara,Kolkata,Banglore,1,9345.0,790,21,5,2019,7,10,20,20,21,5,2019
Multiple carriers,Delhi,Cochin,1,12327.0,795,27,3,2019,2,15,15,30,27,3,2019
Jet Airways,Banglore,Delhi,1,12284.0,435,18,3,2019,8,55,16,10,18,3,2019
Air India,Delhi,Cochin,2,13039.0,1560,15,5,2019,17,15,19,15,16,5,2019
Jet Airways,Delhi,Cochin,1,11848.0,660,3,9,2019,17,25,4,25,3,10,2019
Jet Airways,Delhi,Cochin,1,16079.0,1485,21,5,2019,18,15,19,0,22,5,2019
IndiGo,Kolkata,Banglore,0,4804.0,155,5,3,2019,22,15,0,50,5,4,2019
Jet Airways,Kolkata,Banglore,1,10844.0,1655,6,9,2019,20,0,23,35,6,10,2019
Vistara,Kolkata,Banglore,1,8505.0,865,4,1,2019,20,20,10,45,4,2,2019
Air India,Kolkata,Banglore,2,11774.0,1210,24,3,2019,9,25,5,35,25,3,2019
Jet Airways,Banglore,Delhi,0,5769.0,165,6,3,2019,6,0,8,45,6,3,2019
Jet Airways,Kolkata,Banglore,1,10844.0,740,5,1,2019,8,25,20,45,5,1,2019
SpiceJet,Chennai,Kolkata,0,3597.0,135,24,5,2019,8,20,10,35,24,5,2019
Multiple carriers,Delhi,Cochin,1,16497.0,530,3,6,2019,10,0,18,50,3,6,2019
Jet Airways,Kolkata,Banglore,1,14151.0,1570,15,5,2019,17,0,19,10,16,5,2019
IndiGo,Kolkata,Banglore,0,4804.0,165,5,6,2019,9,35,12,20,5,6,2019
Air India,Mumbai,Hyderabad,0,3100.0,85,24,5,2019,15,0,16,25,24,5,2019
Jet Airways,Delhi,Cochin,1,14714.0,600,6,3,2019,9,0,19,0,6,3,2019
IndiGo,Mumbai,Hyderabad,0,8853.0,90,3,1,2019,16,55,18,25,3,1,2019
IndiGo,Delhi,Cochin,1,6582.0,315,6,1,2019,7,15,12,30,6,1,2019
Vistara,Banglore,Delhi,0,4668.0,170,6,3,2019,11,30,14,20,6,3,2019
Jet Airways,Kolkata,Banglore,1,14571.0,1220,6,6,2019,20,0,16,20,6,7,2019
Jet Airways,Delhi,Cochin,1,13843.0,395,3,6,2019,21,50,4,25,3,7,2019
Multiple carriers,Delhi,Cochin,1,7354.0,755,6,3,2019,6,40,19,15,6,3,2019
IndiGo,Kolkata,Banglore,0,4804.0,155,6,1,2019,22,15,0,50,6,2,2019
IndiGo,Chennai,Kolkata,0,5277.0,140,6,1,2019,22,5,0,25,6,2,2019
Air India,Delhi,Cochin,1,5998.0,705,27,3,2019,20,30,8,15,28,3,2019
IndiGo,Banglore,Delhi,0,4591.0,170,4,1,2019,13,0,15,50,4,1,2019
IndiGo,Chennai,Kolkata,0,3597.0,140,5,6,2019,14,45,17,5,5,6,2019
Jet Airways,Mumbai,Hyderabad,0,5678.0,90,24,6,2019,19,35,21,5,24,6,2019
IndiGo,Chennai,Kolkata,0,3850.0,140,6,6,2019,7,55,10,15,6,6,2019
SpiceJet,Mumbai,Hyderabad,0,2017.0,90,18,6,2019,13,15,14,45,18,6,2019
Jet Airways,Delhi,Cochin,1,10262.0,1325,15,6,2019,20,55,19,0,16,6,2019
Air India,Delhi,Cochin,2,8603.0,435,6,12,2019,12,0,19,15,6,12,2019
Multiple carriers,Delhi,Cochin,1,14153.0,555,3,3,2019,13,5,22,20,3,3,2019
Jet Airways,Kolkata,Banglore,1,8066.0,1630,5,6,2019,20,25,23,35,5,7,2019
Multiple carriers,Delhi,Cochin,1,7695.0,765,21,3,2019,12,50,1,35,22,3,2019
SpiceJet,Delhi,Cochin,1,8488.0,270,3,6,2019,8,45,13,15,3,6,2019
GoAir,Banglore,Delhi,0,4340.0,175,18,3,2019,11,40,14,35,18,3,2019
Jet Airways,Kolkata,Banglore,1,14151.0,870,15,5,2019,20,25,10,55,16,5,2019
Jet Airways,Banglore,Delhi,1,11087.0,730,18,3,2019,16,55,5,5,16,3,2019
Jet Airways,Kolkata,Banglore,1,13759.0,1345,24,3,2019,19,45,18,10,25,3,2019
Jet Airways,Delhi,Cochin,1,16079.0,550,21,5,2019,19,15,4,25,22,5,2019
Multiple carriers,Delhi,Cochin,1,12717.0,600,6,1,2019,9,0,19,0,6,1,2019
Jet Airways,Mumbai,Hyderabad,0,4995.0,90,21,6,2019,10,20,11,50,21,6,2019
SpiceJet,Kolkata,Banglore,0,3873.0,150,4,12,2019,17,10,19,40,4,12,2019
Jet Airways,Kolkata,Banglore,1,7826.0,330,24,3,2019,6,30,12,0,24,3,2019
Vistara,Kolkata,Banglore,1,7980.0,765,4,1,2019,20,20,9,5,4,2,2019
Multiple carriers,Delhi,Cochin,1,9486.0,910,21,5,2019,9,45,0,55,22,5,2019
Jet Airways,Kolkata,Banglore,1,10844.0,1400,6,9,2019,18,55,18,15,6,10,2019
IndiGo,Chennai,Kolkata,0,6482.0,140,3,3,2019,5,15,7,35,3,3,2019
IndiGo,Delhi,Cochin,1,6628.0,480,6,1,2019,17,30,1,30,6,2,2019
Air India,Kolkata,Banglore,1,7452.0,675,6,6,2019,9,50,21,5,6,6,2019
Jet Airways,Delhi,Cochin,2,13882.0,1140,15,6,2019,9,25,4,25,16,6,2019
Multiple carriers,Delhi,Cochin,1,8099.0,600,27,6,2019,9,15,19,15,27,6,2019
Vistara,Banglore,Delhi,0,4878.0,155,6,1,2019,17,0,19,35,6,1,2019
IndiGo,Kolkata,Banglore,1,5170.0,315,6,6,2019,15,15,20,30,6,6,2019
SpiceJet,Banglore,Delhi,1,6315.0,485,3,3,2019,15,35,23,40,3,3,2019
IndiGo,Chennai,Kolkata,0,7295.0,135,3,1,2019,13,20,15,35,3,1,2019
Multiple carriers,Delhi,Cochin,1,9794.0,690,5,1,2019,7,30,19,0,5,1,2019
Jet Airways,Delhi,Cochin,2,8834.0,1995,21,3,2019,19,10,4,25,23,3,2019
SpiceJet,Mumbai,Hyderabad,0,2017.0,90,21,6,2019,22,45,0,15,22,6,2019
Multiple carriers,Delhi,Cochin,1,12615.0,785,3,9,2019,6,40,19,45,3,9,2019
Vistara,Banglore,Delhi,0,7240.0,175,3,9,2019,21,10,0,5,13,3,2019
Jet Airways,Banglore,Delhi,0,8016.0,175,24,6,2019,15,15,18,10,24,6,2019
Vistara,Banglore,Delhi,0,4878.0,155,5,6,2019,17,0,19,35,5,6,2019
Jet Airways,Delhi,Cochin,2,13292.0,1375,6,12,2019,5,30,4,25,13,6,2019
Air India,Banglore,Delhi,1,11707.0,1265,3,12,2019,11,50,8,55,13,3,2019
IndiGo,Delhi,Cochin,1,6147.0,310,24,6,2019,17,5,22,15,24,6,2019
IndiGo,Delhi,Cochin,1,6093.0,810,6,12,2019,7,30,21,0,6,12,2019
Jet Airways,Kolkata,Banglore,1,12681.0,735,4,1,2019,20,0,8,15,4,2,2019
SpiceJet,Banglore,Delhi,0,3311.0,160,27,5,2019,5,55,8,35,27,5,2019
Air India,Mumbai,Hyderabad,3,14260.0,1175,3,12,2019,16,50,12,25,13,3,2019
Air India,Delhi,Cochin,2,13591.0,1730,27,6,2019,14,25,19,15,28,6,2019
IndiGo,Kolkata,Banglore,0,4804.0,155,15,5,2019,20,20,22,55,15,5,2019
Air India,Delhi,Cochin,2,13538.0,1100,15,5,2019,13,20,7,40,16,5,2019
Jet Airways,Kolkata,Banglore,1,14151.0,1450,6,9,2019,9,35,9,45,6,10,2019
SpiceJet,Banglore,Delhi,0,5575.0,170,15,3,2019,5,45,8,35,15,3,2019
Jet Airways,Kolkata,Banglore,1,14178.0,1610,24,5,2019,6,30,9,20,25,5,2019
Air India,Chennai,Kolkata,0,7082.0,135,3,12,2019,11,40,13,55,3,12,2019
SpiceJet,Banglore,Delhi,0,4319.0,175,5,9,2019,21,10,0,5,5,10,2019
Jet Airways,Delhi,Cochin,2,20747.0,1470,3,3,2019,18,20,18,50,3,4,2019
Jet Airways,Kolkata,Banglore,1,13759.0,850,24,3,2019,8,25,22,35,24,3,2019
Jet Airways,Delhi,Cochin,2,9181.0,1365,21,3,2019,5,40,4,25,22,3,2019
Jet Airways,Delhi,Cochin,1,17024.0,995,3,3,2019,2,15,18,50,3,3,2019
IndiGo,Delhi,Cochin,1,5298.0,320,27,3,2019,6,40,12,0,27,3,2019
Jet Airways,Kolkata,Banglore,1,13364.0,510,4,1,2019,14,5,22,35,4,1,2019
Jet Airways,Kolkata,Banglore,1,10844.0,590,5,12,2019,6,30,16,20,5,12,2019
Jet Airways,Kolkata,Banglore,1,13941.0,520,15,5,2019,20,0,4,40,16,5,2019
Jet Airways,Delhi,Cochin,2,10919.0,1300,6,12,2019,6,45,4,25,13,6,2019
Jet Airways,Banglore,Delhi,1,12284.0,450,18,3,2019,5,45,13,15,18,3,2019
IndiGo,Delhi,Cochin,1,6790.0,825,21,3,2019,8,35,22,20,21,3,2019
IndiGo,Mumbai,Hyderabad,0,4392.0,90,18,5,2019,6,25,7,55,18,5,2019
Air India,Delhi,Cochin,2,9653.0,2295,6,6,2019,5,0,19,15,6,7,2019
SpiceJet,Mumbai,Hyderabad,0,2753.0,90,21,6,2019,5,45,7,15,21,6,2019
Air India,Kolkata,Banglore,1,6327.0,965,18,5,2019,19,0,11,5,19,5,2019
Multiple carriers,Delhi,Cochin,1,11125.0,910,3,3,2019,7,10,22,20,3,3,2019
Jet Airways,Delhi,Cochin,1,10262.0,1210,6,6,2019,22,50,19,0,6,7,2019
Jet Airways,Delhi,Cochin,1,10262.0,655,6,9,2019,17,30,4,25,6,10,2019
Air Asia,Delhi,Cochin,1,6752.0,340,27,5,2019,16,45,22,25,27,5,2019
IndiGo,Banglore,Delhi,0,4423.0,165,27,5,2019,6,5,8,50,27,5,2019
Air Asia,Banglore,Delhi,0,3383.0,165,21,5,2019,11,10,13,55,21,5,2019
Air India,Delhi,Cochin,2,12121.0,1100,15,6,2019,13,20,7,40,16,6,2019
Multiple carriers,Delhi,Cochin,1,9021.0,830,5,9,2019,11,40,1,30,5,10,2019
Multiple carriers,Delhi,Cochin,1,8266.0,455,6,6,2019,11,40,19,15,6,6,2019
Jet Airways,Delhi,Cochin,1,14714.0,1395,6,3,2019,19,45,19,0,6,4,2019
Air India,Delhi,Cochin,2,11386.0,800,27,6,2019,5,55,19,15,27,6,2019
Jet Airways,Banglore,Delhi,1,14815.0,1400,3,6,2019,8,55,8,15,3,7,2019
Jet Airways,Delhi,Cochin,1,13843.0,1165,3,6,2019,9,0,4,25,3,7,2019
IndiGo,Delhi,Cochin,1,7191.0,810,15,5,2019,7,30,21,0,15,5,2019
SpiceJet,Kolkata,Banglore,0,6251.0,150,3,3,2019,17,15,19,45,3,3,2019
Jet Airways,Delhi,Cochin,2,9412.0,1395,27,3,2019,5,10,4,25,28,3,2019
SpiceJet,Kolkata,Banglore,0,3815.0,140,15,3,2019,22,20,0,40,16,3,2019
Air India,Mumbai,Hyderabad,0,3100.0,75,15,5,2019,19,30,20,45,15,5,2019
Vistara,Delhi,Cochin,0,6216.0,190,21,6,2019,14,40,17,50,21,6,2019
Multiple carriers,Delhi,Cochin,1,13377.0,690,27,6,2019,14,0,1,30,28,6,2019
IndiGo,Banglore,Delhi,1,5694.0,290,21,3,2019,7,30,12,20,21,3,2019
Air India,Kolkata,Banglore,2,15107.0,1320,21,5,2019,14,30,12,30,22,5,2019
Air India,Delhi,Cochin,1,11260.0,1215,3,9,2019,23,0,19,15,3,10,2019
Air India,Delhi,Cochin,1,9929.0,675,27,5,2019,8,0,19,15,27,5,2019
Air India,Delhi,Cochin,1,5642.0,765,21,3,2019,20,40,9,25,22,3,2019
Multiple carriers,Delhi,Cochin,1,15078.0,750,5,9,2019,13,0,1,30,5,10,2019
Multiple carriers,Delhi,Cochin,1,13377.0,690,6,12,2019,14,0,1,30,13,6,2019
Air India,Kolkata,Banglore,2,16057.0,1035,15,5,2019,20,30,13,45,16,5,2019
Jet Airways,Banglore,Delhi,1,12284.0,300,18,3,2019,5,45,10,45,18,3,2019
Jet Airways,Mumbai,Hyderabad,0,5678.0,90,18,3,2019,19,35,21,5,18,3,2019
Multiple carriers,Delhi,Cochin,1,17703.0,455,3,3,2019,18,0,1,35,3,4,2019
IndiGo,Banglore,Delhi,0,4823.0,175,6,3,2019,7,10,10,5,6,3,2019
Air India,Kolkata,Banglore,2,5562.0,445,4,1,2019,5,50,13,15,4,1,2019
IndiGo,Delhi,Cochin,1,13790.0,355,3,6,2019,2,35,8,30,3,6,2019
Jet Airways,Kolkata,Banglore,1,8586.0,945,5,1,2019,16,30,8,15,5,2,2019
Multiple carriers,Delhi,Cochin,1,11264.0,690,27,5,2019,7,30,19,0,27,5,2019
Jet Airways,Kolkata,Banglore,1,9663.0,585,5,12,2019,18,55,4,40,13,5,2019
IndiGo,Delhi,Cochin,1,6416.0,750,6,6,2019,8,30,21,0,6,6,2019
IndiGo,Delhi,Cochin,1,7725.0,300,3,9,2019,16,0,21,0,3,9,2019
Jet Airways,Delhi,Cochin,2,13376.0,1320,6,1,2019,14,35,12,35,6,2,2019
Jet Airways,Kolkata,Banglore,1,14231.0,1325,24,3,2019,13,55,12,0,25,3,2019
Jet Airways,Delhi,Cochin,1,19828.0,1015,3,3,2019,11,30,4,25,3,4,2019
Jet Airways,Mumbai,Hyderabad,0,8040.0,85,27,3,2019,7,10,8,35,27,3,2019
Air India,Banglore,Delhi,0,25913.0,165,3,1,2019,17,0,19,45,3,1,2019
Jet Airways,Delhi,Cochin,1,16079.0,600,21,5,2019,9,0,19,0,21,5,2019
Air India,Mumbai,Hyderabad,0,4937.0,80,3,3,2019,21,5,22,25,3,3,2019
Air India,Delhi,Cochin,2,13039.0,865,27,6,2019,17,15,7,40,28,6,2019
Jet Airways,Kolkata,Banglore,1,9314.0,1080,5,1,2019,20,25,14,25,5,2,2019
SpiceJet,Delhi,Cochin,1,4957.0,295,27,6,2019,17,55,22,50,27,6,2019
Multiple carriers,Delhi,Cochin,1,14973.0,450,3,3,2019,4,0,11,30,3,3,2019
Jet Airways,Kolkata,Banglore,1,14571.0,475,6,9,2019,8,25,16,20,6,9,2019
IndiGo,Kolkata,Banglore,0,5224.0,150,5,6,2019,14,25,16,55,5,6,2019
Multiple carriers,Delhi,Cochin,1,11622.0,585,24,6,2019,9,15,19,0,24,6,2019
GoAir,Banglore,Delhi,0,3419.0,165,27,5,2019,20,55,23,40,27,5,2019
Jet Airways,Delhi,Cochin,2,13344.0,425,6,1,2019,5,30,12,35,6,1,2019
IndiGo,Delhi,Cochin,1,6316.0,570,6,6,2019,16,0,1,30,6,7,2019
IndiGo,Mumbai,Hyderabad,0,4392.0,90,21,6,2019,16,55,18,25,21,6,2019
Jet Airways,Delhi,Cochin,2,16704.0,900,18,5,2019,13,25,4,25,19,5,2019
Jet Airways,Kolkata,Banglore,1,8529.0,1025,6,12,2019,18,55,12,0,13,6,2019
Jet Airways,Delhi,Cochin,2,14300.0,1460,6,12,2019,12,15,12,35,13,6,2019
Multiple carriers,Delhi,Cochin,1,7198.0,750,27,5,2019,13,0,1,30,28,5,2019
Jet Airways,Delhi,Cochin,2,14300.0,1480,6,12,2019,18,20,19,0,13,6,2019
Jet Airways,Banglore,Delhi,0,7229.0,185,4,3,2019,18,55,22,0,4,3,2019
SpiceJet,Kolkata,Banglore,0,3841.0,145,6,9,2019,9,0,11,25,6,9,2019
Jet Airways,Banglore,Delhi,0,4030.0,165,5,1,2019,6,0,8,45,5,1,2019
Jet Airways,Delhi,Cochin,1,16079.0,450,21,5,2019,20,55,4,25,22,5,2019
IndiGo,Mumbai,Hyderabad,0,2754.0,90,27,5,2019,12,0,13,30,27,5,2019
IndiGo,Delhi,Cochin,1,6842.0,295,6,3,2019,5,10,10,5,6,3,2019
Vistara,Banglore,Delhi,0,6138.0,165,24,3,2019,9,50,12,35,24,3,2019
Jet Airways,Kolkata,Banglore,1,12576.0,520,6,12,2019,20,0,4,40,13,6,2019
Jet Airways,Kolkata,Banglore,1,13067.0,1730,5,12,2019,9,35,14,25,13,5,2019
Jet Airways,Kolkata,Banglore,1,9358.0,435,5,6,2019,10,20,17,35,5,6,2019
Jet Airways,Kolkata,Banglore,1,8586.0,1215,5,9,2019,8,25,4,40,5,10,2019
Air India,Banglore,Delhi,0,5176.0,170,4,6,2019,13,20,16,10,4,6,2019
Air India,Delhi,Cochin,1,7480.0,765,15,6,2019,20,40,9,25,16,6,2019
Air India,Kolkata,Banglore,2,12723.0,1840,6,6,2019,5,50,12,30,6,7,2019
Air India,Kolkata,Banglore,1,5793.0,245,4,1,2019,9,10,13,15,4,1,2019
Multiple carriers,Delhi,Cochin,1,14848.0,615,6,12,2019,9,0,19,15,6,12,2019
Air India,Delhi,Cochin,2,10493.0,2295,15,5,2019,5,0,19,15,16,5,2019
Jet Airways,Kolkata,Banglore,1,11467.0,1295,5,9,2019,20,25,18,0,5,10,2019
Air India,Delhi,Cochin,1,9719.0,925,27,5,2019,3,50,19,15,27,5,2019
SpiceJet,Kolkata,Banglore,0,3873.0,140,15,4,2019,22,20,0,40,16,4,2019
IndiGo,Delhi,Cochin,1,4862.0,320,21,3,2019,2,5,7,25,21,3,2019
SpiceJet,Banglore,Delhi,0,3971.0,170,4,3,2019,9,30,12,20,4,3,2019
Jet Airways,Banglore,Delhi,1,7832.0,1365,21,3,2019,11,40,10,25,19,3,2019
SpiceJet,Banglore,Delhi,0,3625.0,170,21,5,2019,9,30,12,20,21,5,2019
Vistara,Kolkata,Banglore,1,8610.0,1550,5,1,2019,17,0,18,50,5,2,2019
Multiple carriers,Delhi,Cochin,1,14486.0,390,21,3,2019,9,0,15,30,21,3,2019
SpiceJet,Kolkata,Banglore,0,3841.0,145,5,9,2019,9,0,11,25,5,9,2019
Jet Airways,Kolkata,Banglore,1,13941.0,875,5,9,2019,14,5,4,40,5,10,2019
IndiGo,Banglore,Delhi,0,4823.0,175,5,12,2019,18,55,21,50,5,12,2019
Air India,Kolkata,Banglore,2,12009.0,760,5,1,2019,9,10,21,50,5,1,2019
SpiceJet,Chennai,Kolkata,0,3597.0,135,21,6,2019,8,20,10,35,21,6,2019
Multiple carriers,Delhi,Cochin,1,21226.0,575,3,3,2019,16,0,1,35,3,4,2019
Jet Airways,Delhi,Cochin,1,10577.0,1040,6,9,2019,19,15,12,35,6,10,2019
Air Asia,Kolkata,Banglore,1,5320.0,710,5,12,2019,7,35,19,25,5,12,2019
IndiGo,Banglore,Delhi,0,6860.0,175,21,3,2019,7,10,10,5,21,3,2019
SpiceJet,Mumbai,Hyderabad,0,1759.0,85,21,3,2019,22,45,0,10,22,3,2019
Jet Airways,Delhi,Cochin,1,12242.0,1015,27,3,2019,11,30,4,25,28,3,2019
SpiceJet,Kolkata,Banglore,0,3841.0,140,6,3,2019,22,20,0,40,6,4,2019
Jet Airways,Banglore,Delhi,0,3502.0,175,27,5,2019,15,15,18,10,27,5,2019
Jet Airways,Kolkata,Banglore,1,10844.0,570,5,9,2019,14,5,23,35,5,9,2019
IndiGo,Kolkata,Banglore,0,4174.0,160,4,9,2019,21,25,0,5,4,10,2019
Jet Airways,Kolkata,Banglore,1,5608.0,435,6,9,2019,10,20,17,35,6,9,2019
IndiGo,Kolkata,Banglore,1,9376.0,295,24,5,2019,9,20,14,15,24,5,2019
Jet Airways,Kolkata,Banglore,1,13584.0,1150,5,6,2019,21,10,16,20,5,7,2019
Multiple carriers,Delhi,Cochin,1,7354.0,645,24,6,2019,8,30,19,15,24,6,2019
Jet Airways,Kolkata,Banglore,1,10844.0,1335,5,12,2019,20,0,18,15,13,5,2019
Jet Airways,Kolkata,Banglore,1,14388.0,800,5,12,2019,18,55,8,15,13,5,2019
Jet Airways,Kolkata,Banglore,1,14781.0,635,18,5,2019,5,45,16,20,18,5,2019
Air India,Delhi,Cochin,2,9653.0,435,27,5,2019,12,0,19,15,27,5,2019
Jet Airways,Delhi,Cochin,1,10262.0,1105,6,9,2019,10,0,4,25,6,10,2019
IndiGo,Delhi,Cochin,1,6674.0,940,6,6,2019,6,50,22,30,6,6,2019
IndiGo,Delhi,Cochin,1,7663.0,455,3,3,2019,8,35,16,10,3,3,2019
SpiceJet,Banglore,Delhi,0,4319.0,160,18,4,2019,5,55,8,35,18,4,2019
Jet Airways,Delhi,Cochin,1,12373.0,1005,18,5,2019,2,15,19,0,18,5,2019
Jet Airways,Delhi,Cochin,1,12242.0,335,4,9,2019,22,50,4,25,4,10,2019
Jet Airways,Delhi,Cochin,1,16289.0,660,27,5,2019,8,0,19,0,27,5,2019
GoAir,Banglore,Delhi,0,3419.0,165,6,3,2019,20,55,23,40,6,3,2019
Jet Airways,Kolkata,Banglore,1,7851.0,475,4,1,2019,8,25,16,20,4,1,2019
Jet Airways,Banglore,Delhi,1,12284.0,570,18,3,2019,5,45,15,15,18,3,2019
IndiGo,Delhi,Cochin,1,6386.0,345,15,6,2019,2,0,7,45,15,6,2019
Jet Airways,Delhi,Cochin,2,15339.0,1760,27,6,2019,23,5,4,25,29,6,2019
SpiceJet,Mumbai,Hyderabad,0,2017.0,90,5,12,2019,22,45,0,15,13,5,2019
Jet Airways,Delhi,Cochin,2,16274.0,425,18,5,2019,5,30,12,35,18,5,2019
IndiGo,Delhi,Cochin,1,5947.0,280,21,3,2019,21,5,1,45,22,3,2019
Jet Airways,Mumbai,Hyderabad,0,8040.0,85,21,3,2019,7,10,8,35,21,3,2019
Jet Airways,Delhi,Cochin,2,10368.0,1615,6,12,2019,9,40,12,35,13,6,2019
Air India,Delhi,Cochin,1,8907.0,1590,18,5,2019,20,30,23,0,19,5,2019
IndiGo,Mumbai,Hyderabad,0,4049.0,90,6,6,2019,6,25,7,55,6,6,2019
Air India,Banglore,Delhi,0,8588.0,165,3,3,2019,10,0,12,45,3,3,2019
Jet Airways,Banglore,Delhi,0,7229.0,180,27,5,2019,19,50,22,50,27,5,2019
IndiGo,Banglore,Delhi,0,3943.0,180,5,6,2019,21,15,0,15,5,7,2019
Air Asia,Banglore,Delhi,0,4483.0,170,5,3,2019,23,55,2,45,5,4,2019
Air India,Kolkata,Banglore,2,10151.0,1830,21,5,2019,12,0,18,30,22,5,2019
IndiGo,Banglore,Delhi,0,3419.0,170,18,6,2019,22,10,1,0,19,6,2019
Air India,Delhi,Cochin,2,13486.0,1245,18,5,2019,10,55,7,40,19,5,2019
Vistara,Kolkata,Banglore,1,8610.0,1350,6,9,2019,20,20,18,50,6,10,2019
GoAir,Banglore,Delhi,0,3898.0,170,15,6,2019,11,40,14,30,15,6,2019
Air India,Kolkata,Banglore,2,15187.0,1560,24,3,2019,9,10,11,10,25,3,2019
IndiGo,Delhi,Cochin,2,10278.0,985,3,1,2019,4,55,21,20,3,1,2019
IndiGo,Delhi,Cochin,1,6442.0,560,15,4,2019,6,50,16,10,15,4,2019
Jet Airways,Delhi,Cochin,2,13344.0,425,6,3,2019,5,30,12,35,6,3,2019
Air India,Banglore,Delhi,1,5521.0,1475,15,3,2019,8,15,8,50,16,3,2019
IndiGo,Chennai,Kolkata,0,3597.0,140,27,5,2019,13,15,15,35,27,5,2019
Air India,Banglore,Delhi,1,11077.0,1330,3,9,2019,11,5,9,15,13,3,2019
Multiple carriers,Delhi,Cochin,1,6673.0,455,27,3,2019,18,0,1,35,28,3,2019
Air India,Delhi,Cochin,2,12392.0,1560,6,9,2019,17,15,19,15,6,10,2019
Air India,Mumbai,Hyderabad,1,10366.0,965,3,6,2019,5,55,22,0,3,6,2019
Air India,Delhi,Cochin,3,10703.0,2280,15,6,2019,5,15,19,15,16,6,2019
Air India,Delhi,Cochin,1,7174.0,795,5,9,2019,9,45,23,0,5,9,2019
Jet Airways,Banglore,Delhi,1,11087.0,640,18,3,2019,22,50,9,30,16,3,2019
Air Asia,Banglore,Delhi,0,3383.0,170,27,4,2019,23,55,2,45,28,4,2019
Air India,Kolkata,Banglore,2,14960.0,970,6,6,2019,16,45,8,55,6,7,2019
Jet Airways,Kolkata,Banglore,1,11467.0,800,5,1,2019,20,25,9,45,5,2,2019
Multiple carriers,Delhi,Cochin,1,6673.0,390,27,3,2019,9,0,15,30,27,3,2019
Air India,Mumbai,Hyderabad,0,3100.0,90,27,6,2019,13,55,15,25,27,6,2019
Jet Airways,Banglore,Delhi,1,16736.0,625,3,6,2019,5,45,16,10,3,6,2019
Air India,Delhi,Cochin,1,5117.0,765,4,1,2019,20,40,9,25,4,2,2019
Jet Airways,Delhi,Cochin,2,11093.0,1925,21,3,2019,10,45,18,50,22,3,2019
GoAir,Kolkata,Banglore,1,6354.0,495,6,9,2019,23,30,7,45,6,10,2019
Air India,Delhi,Cochin,0,5674.0,180,18,3,2019,14,10,17,10,18,3,2019
Jet Airways,Delhi,Cochin,2,13029.0,1125,27,5,2019,9,40,4,25,28,5,2019
Jet Airways,Delhi,Cochin,2,12819.0,1760,24,6,2019,23,5,4,25,26,6,2019
Air India,Banglore,Delhi,2,14143.0,1900,3,6,2019,8,50,16,30,3,7,2019
IndiGo,Banglore,Delhi,0,5740.0,170,18,4,2019,8,30,11,20,18,4,2019
GoAir,Banglore,Delhi,0,7646.0,175,3,3,2019,11,40,14,35,3,3,2019
Air India,Delhi,Cochin,2,13591.0,1730,5,9,2019,14,25,19,15,5,10,2019
Air India,Mumbai,Hyderabad,0,3100.0,75,6,1,2019,19,30,20,45,6,1,2019
Jet Airways,Delhi,Cochin,1,5406.0,1100,4,1,2019,18,15,12,35,4,2,2019
Jet Airways,Kolkata,Banglore,1,14388.0,735,5,6,2019,20,0,8,15,5,7,2019
IndiGo,Chennai,Kolkata,0,6297.0,145,3,9,2019,11,35,14,0,3,9,2019
Jet Airways,Banglore,Delhi,0,7229.0,180,5,12,2019,19,50,22,50,5,12,2019
Jet Airways,Delhi,Cochin,2,20694.0,1995,3,6,2019,19,10,4,25,3,8,2019
Air Asia,Banglore,Delhi,0,4282.0,170,21,6,2019,4,55,7,45,21,6,2019
Multiple carriers,Delhi,Cochin,1,13727.0,840,18,5,2019,11,30,1,30,19,5,2019
Multiple carriers,Delhi,Cochin,1,8614.0,470,15,6,2019,11,25,19,15,15,6,2019
Multiple carriers,Delhi,Cochin,1,7363.0,455,21,3,2019,18,0,1,35,22,3,2019
Air India,Delhi,Cochin,2,11281.0,1275,15,5,2019,22,0,19,15,16,5,2019
GoAir,Banglore,Delhi,0,4340.0,170,18,5,2019,11,40,14,30,18,5,2019
IndiGo,Kolkata,Banglore,0,4778.0,160,3,9,2019,17,15,19,55,3,9,2019
Jet Airways,Delhi,Cochin,1,12898.0,1505,27,5,2019,11,30,12,35,28,5,2019
IndiGo,Delhi,Cochin,1,6442.0,455,15,4,2019,8,35,16,10,15,4,2019
Jet Airways,Delhi,Cochin,1,14714.0,450,24,6,2019,11,30,19,0,24,6,2019
Multiple carriers,Delhi,Cochin,1,8018.0,555,27,6,2019,13,15,22,30,27,6,2019
Air India,Kolkata,Banglore,0,4145.0,155,5,6,2019,20,45,23,20,5,6,2019
IndiGo,Mumbai,Hyderabad,0,4784.0,90,5,9,2019,16,55,18,25,5,9,2019
Air India,Banglore,Delhi,1,11707.0,480,3,12,2019,11,50,19,50,3,12,2019
SpiceJet,Kolkata,Banglore,0,3815.0,150,21,3,2019,17,15,19,45,21,3,2019
Air India,Banglore,Delhi,1,21130.0,920,3,1,2019,22,0,13,20,3,2,2019
Jet Airways,Delhi,Cochin,1,17024.0,350,3,6,2019,13,0,18,50,3,6,2019
SpiceJet,Kolkata,Banglore,0,3873.0,145,21,6,2019,9,0,11,25,21,6,2019
Jet Airways,Kolkata,Banglore,1,14151.0,1570,6,6,2019,17,0,19,10,6,7,2019
IndiGo,Kolkata,Banglore,0,4804.0,160,18,6,2019,21,25,0,5,19,6,2019
Jet Airways,Delhi,Cochin,1,12898.0,1280,27,5,2019,7,5,4,25,28,5,2019
IndiGo,Banglore,Delhi,0,4284.0,170,5,3,2019,22,10,1,0,5,4,2019
Jet Airways,Banglore,Delhi,0,7229.0,180,21,4,2019,8,20,11,20,21,4,2019
IndiGo,Banglore,Delhi,1,6114.0,290,15,3,2019,7,30,12,20,15,3,2019
Multiple carriers,Delhi,Cochin,1,14848.0,465,27,6,2019,11,30,19,15,27,6,2019
IndiGo,Delhi,Cochin,1,13611.0,645,3,6,2019,4,45,15,30,3,6,2019
Jet Airways,Banglore,Delhi,0,8016.0,180,6,12,2019,7,10,10,10,6,12,2019
Jet Airways,Kolkata,Banglore,1,14571.0,590,6,9,2019,8,25,18,15,6,9,2019
Jet Airways,Delhi,Cochin,1,10675.0,600,27,5,2019,9,0,19,0,27,5,2019
IndiGo,Delhi,Cochin,1,6794.0,415,21,5,2019,4,55,11,50,21,5,2019
Jet Airways,Delhi,Cochin,1,6540.0,1110,27,3,2019,9,55,4,25,28,3,2019
Vistara,Banglore,Delhi,0,7240.0,160,3,9,2019,11,30,14,10,3,9,2019
Air India,Delhi,Cochin,2,8839.0,1210,15,6,2019,13,15,9,25,16,6,2019
SpiceJet,Kolkata,Banglore,0,3873.0,145,6,6,2019,9,0,11,25,6,6,2019
Air India,Delhi,Cochin,2,11596.0,1395,6,6,2019,20,0,19,15,6,7,2019
Air India,Delhi,Cochin,1,7199.0,675,21,3,2019,8,0,19,15,21,3,2019
Jet Airways,Delhi,Cochin,1,12898.0,330,6,1,2019,7,5,12,35,6,1,2019
Multiple carriers,Delhi,Cochin,1,12524.0,615,6,1,2019,8,45,19,0,6,1,2019
Jet Airways,Delhi,Cochin,2,10368.0,1375,24,6,2019,5,30,4,25,25,6,2019
Jet Airways,Mumbai,Hyderabad,0,8040.0,90,15,3,2019,10,20,11,50,15,3,2019
GoAir,Delhi,Cochin,1,5135.0,540,4,3,2019,10,35,19,35,4,3,2019
Air India,Banglore,Delhi,1,5626.0,980,3,9,2019,6,50,23,10,3,9,2019
Air India,Delhi,Cochin,1,15809.0,735,3,6,2019,7,0,19,15,3,6,2019
IndiGo,Delhi,Cochin,1,6412.0,380,27,6,2019,16,10,22,30,27,6,2019
Jet Airways,Delhi,Cochin,2,18804.0,440,6,1,2019,11,40,19,0,6,1,2019
IndiGo,Mumbai,Hyderabad,0,2227.0,90,4,1,2019,21,20,22,50,4,1,2019
Multiple carriers,Delhi,Cochin,1,6916.0,915,3,6,2019,7,5,22,20,3,6,2019
Air India,Mumbai,Hyderabad,0,3100.0,80,27,6,2019,21,5,22,25,27,6,2019
Jet Airways,Kolkata,Banglore,1,14388.0,330,5,6,2019,6,30,12,0,5,6,2019
Multiple carriers,Delhi,Cochin,1,12327.0,575,27,3,2019,16,0,1,35,28,3,2019
Jet Airways,Delhi,Cochin,2,13014.0,535,6,3,2019,19,30,4,25,6,4,2019
Vistara,Banglore,Delhi,0,5403.0,170,15,4,2019,9,45,12,35,15,4,2019
Multiple carriers,Delhi,Cochin,1,18228.0,740,3,9,2019,8,40,21,0,3,9,2019
Jet Airways,Kolkata,Banglore,1,10844.0,1430,6,6,2019,20,0,19,50,6,7,2019
Jet Airways,Delhi,Cochin,1,13843.0,1015,3,6,2019,11,30,4,25,3,7,2019
SpiceJet,Banglore,Delhi,0,11690.0,175,3,1,2019,9,35,12,30,3,1,2019
Vistara,Kolkata,Banglore,1,8452.0,965,5,1,2019,17,0,9,5,5,2,2019
Air India,Delhi,Cochin,1,8372.0,1395,27,5,2019,20,0,19,15,28,5,2019
Jet Airways,Delhi,Cochin,1,10262.0,865,6,6,2019,14,0,4,25,6,7,2019
Jet Airways,Mumbai,Hyderabad,0,5678.0,90,15,6,2019,10,20,11,50,15,6,2019
Jet Airways,Kolkata,Banglore,1,14151.0,800,5,12,2019,20,25,9,45,13,5,2019
Jet Airways,Banglore,Delhi,0,4544.0,185,21,4,2019,18,55,22,0,21,4,2019
Jet Airways,Kolkata,Banglore,1,12692.0,1730,6,12,2019,9,35,14,25,13,6,2019
Jet Airways,Delhi,Cochin,2,17019.0,880,3,9,2019,13,45,4,25,3,10,2019
IndiGo,Kolkata,Banglore,0,6565.0,165,3,3,2019,9,35,12,20,3,3,2019
GoAir,Delhi,Cochin,1,5281.0,350,27,3,2019,7,0,12,50,27,3,2019
Multiple carriers,Delhi,Cochin,1,9646.0,545,6,9,2019,7,5,16,10,6,9,2019
IndiGo,Mumbai,Hyderabad,0,3175.0,90,3,6,2019,2,30,4,0,3,6,2019
Air India,Delhi,Cochin,2,9653.0,1410,27,6,2019,19,45,19,15,28,6,2019
Air India,Delhi,Cochin,1,14777.0,520,3,6,2019,23,0,7,40,3,7,2019
Multiple carriers,Delhi,Cochin,1,7155.0,860,6,12,2019,4,55,19,15,6,12,2019
SpiceJet,Chennai,Kolkata,0,3543.0,135,6,6,2019,8,20,10,35,6,6,2019
IndiGo,Kolkata,Banglore,0,4804.0,165,5,9,2019,9,35,12,20,5,9,2019
IndiGo,Delhi,Cochin,1,9304.0,320,3,3,2019,6,40,12,0,3,3,2019
IndiGo,Banglore,Delhi,0,3943.0,180,15,4,2019,21,15,0,15,16,4,2019
IndiGo,Delhi,Cochin,1,7060.0,320,6,1,2019,17,5,22,25,6,1,2019
Air India,Banglore,Delhi,0,5228.0,170,15,6,2019,21,5,23,55,15,6,2019
SpiceJet,Chennai,Kolkata,0,3597.0,135,24,6,2019,8,20,10,35,24,6,2019
SpiceJet,Banglore,Delhi,0,3971.0,175,4,3,2019,21,10,0,5,4,4,2019
Multiple carriers,Delhi,Cochin,1,13727.0,480,5,6,2019,13,0,21,0,5,6,2019
Jet Airways,Kolkata,Banglore,1,12121.0,1540,4,1,2019,20,25,22,5,4,2,2019
Jet Airways,Delhi,Cochin,1,10262.0,1425,6,3,2019,19,15,19,0,6,4,2019
Jet Airways,Delhi,Cochin,1,10262.0,1355,6,1,2019,14,0,12,35,6,2,2019
Jet Airways,Delhi,Cochin,1,14714.0,520,6,1,2019,19,45,4,25,6,2,2019
Jet Airways,Delhi,Cochin,2,8834.0,1420,21,3,2019,19,10,18,50,22,3,2019
Multiple carriers,Delhi,Cochin,1,9838.0,470,21,3,2019,4,45,12,35,21,3,2019
IndiGo,Kolkata,Banglore,1,4775.0,290,18,5,2019,15,15,20,5,18,5,2019
IndiGo,Banglore,Delhi,0,4823.0,175,5,3,2019,18,55,21,50,5,3,2019
Air India,Kolkata,Banglore,2,12723.0,1840,15,5,2019,5,50,12,30,16,5,2019
IndiGo,Delhi,Cochin,1,5883.0,895,15,6,2019,10,35,1,30,16,6,2019
Vistara,Kolkata,Banglore,1,9870.0,1640,24,5,2019,17,0,20,20,25,5,2019
Jet Airways,Delhi,Cochin,1,10262.0,1415,6,3,2019,13,0,12,35,6,4,2019
Multiple carriers,Delhi,Cochin,1,6513.0,540,6,9,2019,7,10,16,10,6,9,2019
Air India,Kolkata,Banglore,2,15532.0,1255,15,5,2019,16,50,13,45,16,5,2019
Jet Airways,Delhi,Cochin,1,14714.0,1210,6,6,2019,22,50,19,0,6,7,2019
Vistara,Kolkata,Banglore,1,9187.0,865,18,5,2019,20,20,10,45,19,5,2019
Multiple carriers,Delhi,Cochin,1,7038.0,455,6,6,2019,14,55,22,30,6,6,2019
Multiple carriers,Delhi,Cochin,1,13587.0,420,6,6,2019,14,0,21,0,6,6,2019
Jet Airways,Banglore,Delhi,0,8016.0,175,6,3,2019,11,10,14,5,6,3,2019
IndiGo,Mumbai,Hyderabad,0,4049.0,90,6,6,2019,9,15,10,45,6,6,2019
Jet Airways,Mumbai,Hyderabad,0,9536.0,85,3,6,2019,7,10,8,35,3,6,2019
Jet Airways,Kolkata,Banglore,1,14571.0,590,24,5,2019,8,25,18,15,24,5,2019
Jet Airways,Delhi,Cochin,2,15812.0,440,6,6,2019,11,40,19,0,6,6,2019
Air Asia,Delhi,Cochin,1,8759.0,870,6,6,2019,7,55,22,25,6,6,2019
Air India,Kolkata,Banglore,2,10151.0,590,21,5,2019,12,0,21,50,21,5,2019
IndiGo,Kolkata,Banglore,0,4804.0,155,15,5,2019,15,30,18,5,15,5,2019
IndiGo,Delhi,Cochin,1,6104.0,480,24,6,2019,17,30,1,30,25,6,2019
Air India,Kolkata,Banglore,0,5510.0,150,5,6,2019,14,15,16,45,5,6,2019
IndiGo,Delhi,Cochin,1,6027.0,320,5,9,2019,17,5,22,25,5,9,2019
SpiceJet,Kolkata,Banglore,0,4174.0,145,21,5,2019,9,0,11,25,21,5,2019
IndiGo,Delhi,Cochin,1,6794.0,895,21,5,2019,10,35,1,30,22,5,2019
Air India,Delhi,Cochin,2,15428.0,1545,3,6,2019,5,55,7,40,3,7,2019
Jet Airways,Kolkata,Banglore,1,14388.0,1430,5,6,2019,20,0,19,50,5,7,2019
IndiGo,Delhi,Cochin,1,6896.0,630,21,5,2019,15,0,1,30,22,5,2019
IndiGo,Banglore,Delhi,0,6144.0,175,21,3,2019,18,25,21,20,21,3,2019
Jet Airways,Banglore,Delhi,1,19225.0,375,3,6,2019,22,50,5,5,3,7,2019
Air India,Kolkata,Banglore,2,13227.0,970,5,9,2019,16,45,8,55,5,10,2019
Jet Airways,Delhi,Cochin,2,11664.0,1380,27,3,2019,5,25,4,25,28,3,2019
Jet Airways,Kolkata,Banglore,1,10844.0,1400,5,12,2019,18,55,18,15,13,5,2019
Jet Airways,Kolkata,Banglore,1,7757.0,450,6,6,2019,21,10,4,40,6,7,2019
IndiGo,Mumbai,Hyderabad,0,2754.0,90,5,12,2019,19,5,20,35,5,12,2019
Multiple carriers,Delhi,Cochin,1,7618.0,840,27,5,2019,7,0,21,0,27,5,2019
Jet Airways,Kolkata,Banglore,1,14781.0,425,5,12,2019,16,30,23,35,5,12,2019
IndiGo,Banglore,Delhi,0,4284.0,175,15,4,2019,0,30,3,25,15,4,2019
Multiple carriers,Delhi,Cochin,1,7740.0,735,6,6,2019,8,45,21,0,6,6,2019
IndiGo,Banglore,Delhi,0,3419.0,165,15,6,2019,1,30,4,15,15,6,2019
Jet Airways,Kolkata,Banglore,1,13941.0,1215,5,12,2019,8,25,4,40,13,5,2019
Air India,Kolkata,Banglore,2,12723.0,1625,6,9,2019,5,50,8,55,6,10,2019
Jet Airways,Delhi,Cochin,2,14300.0,1215,6,12,2019,8,10,4,25,13,6,2019
Air India,Banglore,Delhi,0,6121.0,165,5,3,2019,10,0,12,45,5,3,2019
Jet Airways,Delhi,Cochin,1,17549.0,705,3,9,2019,8,0,19,45,3,9,2019
SpiceJet,Mumbai,Hyderabad,0,1759.0,85,27,3,2019,22,45,0,10,28,3,2019
IndiGo,Banglore,Delhi,0,4423.0,165,5,12,2019,6,5,8,50,5,12,2019
Jet Airways,Banglore,Delhi,0,4544.0,180,4,9,2019,7,10,10,10,4,9,2019
Multiple carriers,Delhi,Cochin,1,12402.0,660,6,3,2019,8,0,19,0,6,3,2019
Jet Airways,Kolkata,Banglore,1,9663.0,1495,5,1,2019,8,25,9,20,5,2,2019
Jet Airways,Kolkata,Banglore,1,12681.0,1595,4,1,2019,20,0,22,35,4,2,2019
Air India,Delhi,Cochin,1,5117.0,1420,4,1,2019,9,45,9,25,4,2,2019
Jet Airways,Delhi,Cochin,1,12898.0,1415,21,5,2019,13,0,12,35,22,5,2019
Jet Airways,Kolkata,Banglore,1,13941.0,1545,5,6,2019,6,30,8,15,5,7,2019
Jet Airways,Banglore,Delhi,0,4030.0,165,21,5,2019,6,0,8,45,21,5,2019
IndiGo,Mumbai,Hyderabad,0,17501.0,85,3,1,2019,6,20,7,45,3,1,2019
Jet Airways,Kolkata,Banglore,1,8529.0,1155,6,12,2019,14,5,9,20,13,6,2019
Multiple carriers,Delhi,Cochin,1,8073.0,930,15,5,2019,10,0,1,30,16,5,2019
Air India,Delhi,Cochin,2,11942.0,1470,5,9,2019,18,45,19,15,5,10,2019
Jet Airways,Delhi,Cochin,2,11702.0,800,21,3,2019,5,30,18,50,21,3,2019
IndiGo,Delhi,Cochin,1,6442.0,455,6,3,2019,8,35,16,10,6,3,2019
IndiGo,Kolkata,Banglore,0,4804.0,165,24,6,2019,9,35,12,20,24,6,2019
IndiGo,Banglore,Delhi,0,4823.0,170,4,1,2019,8,30,11,20,4,1,2019
Multiple carriers,Delhi,Cochin,1,10877.0,610,6,12,2019,8,50,19,0,6,12,2019
Air India,Kolkata,Banglore,2,10151.0,1830,6,9,2019,12,0,18,30,6,10,2019
Air India,Delhi,Cochin,0,5201.0,170,21,6,2019,5,10,8,0,21,6,2019
Jet Airways,Kolkata,Banglore,1,13067.0,505,15,5,2019,9,35,18,0,15,5,2019
IndiGo,Mumbai,Hyderabad,0,2754.0,90,24,3,2019,2,30,4,0,24,3,2019
Air India,Kolkata,Banglore,1,8366.0,745,15,5,2019,9,25,21,50,15,5,2019
Jet Airways,Kolkata,Banglore,1,10844.0,1495,21,5,2019,18,55,19,50,22,5,2019
Vistara,Banglore,Delhi,0,4878.0,155,18,6,2019,17,0,19,35,18,6,2019
Air India,Delhi,Cochin,2,10231.0,1275,21,5,2019,22,0,19,15,22,5,2019
Jet Airways,Delhi,Cochin,2,13292.0,1375,15,6,2019,5,30,4,25,16,6,2019
IndiGo,Kolkata,Banglore,0,4804.0,155,6,12,2019,11,30,14,5,6,12,2019
Air India,Delhi,Cochin,0,5201.0,180,6,12,2019,14,10,17,10,6,12,2019
Jet Airways,Delhi,Cochin,2,10368.0,535,6,1,2019,19,30,4,25,6,2,2019
Vistara,Kolkata,Banglore,1,8820.0,1350,6,6,2019,20,20,18,50,6,7,2019
Jet Airways,Mumbai,Hyderabad,0,4160.0,90,18,3,2019,10,20,11,50,18,3,2019
Air India,Kolkata,Banglore,1,8891.0,545,15,5,2019,9,25,18,30,15,5,2019
Jet Airways,Kolkata,Banglore,1,10539.0,1285,6,6,2019,17,0,14,25,6,7,2019
SpiceJet,Banglore,Delhi,0,3971.0,160,4,1,2019,5,55,8,35,4,1,2019
IndiGo,Delhi,Cochin,1,6093.0,810,27,6,2019,7,30,21,0,27,6,2019
Multiple carriers,Delhi,Cochin,1,8266.0,385,15,5,2019,12,50,19,15,15,5,2019
Air India,Delhi,Cochin,1,7480.0,1255,18,5,2019,12,30,9,25,19,5,2019
Jet Airways,Delhi,Cochin,1,10262.0,610,6,1,2019,18,15,4,25,6,2,2019
Air India,Delhi,Cochin,1,8907.0,1590,6,12,2019,20,30,23,0,13,6,2019
Multiple carriers,Delhi,Cochin,1,11789.0,615,27,6,2019,8,45,19,0,27,6,2019
Multiple carriers,Delhi,Cochin,1,15135.0,440,3,3,2019,11,30,18,50,3,3,2019
Multiple carriers,Delhi,Cochin,1,7887.0,645,18,5,2019,8,30,19,15,18,5,2019
IndiGo,Delhi,Cochin,1,6818.0,425,15,5,2019,5,5,12,10,15,5,2019
IndiGo,Chennai,Kolkata,0,6482.0,140,3,9,2019,5,15,7,35,3,9,2019
Multiple carriers,Delhi,Cochin,1,7888.0,720,21,5,2019,9,0,21,0,21,5,2019
Jet Airways,Kolkata,Banglore,1,13759.0,1220,24,3,2019,8,25,4,45,25,3,2019
Jet Airways,Delhi,Cochin,1,10262.0,660,27,6,2019,8,0,19,0,27,6,2019
Jet Airways,Delhi,Cochin,2,13376.0,830,6,9,2019,14,35,4,25,6,10,2019
Multiple carriers,Delhi,Cochin,1,10197.0,540,15,5,2019,10,0,19,0,15,5,2019
Multiple carriers,Delhi,Cochin,1,7997.0,470,18,5,2019,11,25,19,15,18,5,2019
Air India,Delhi,Cochin,1,5117.0,965,4,3,2019,17,20,9,25,4,4,2019
Jet Airways,Delhi,Cochin,1,12373.0,540,5,9,2019,10,0,19,0,5,9,2019
Multiple carriers,Delhi,Cochin,1,6795.0,760,6,9,2019,12,50,1,30,6,10,2019
Jet Airways,Banglore,Delhi,0,7229.0,185,27,6,2019,18,55,22,0,27,6,2019
Air India,Mumbai,Hyderabad,0,2575.0,90,24,3,2019,13,55,15,25,24,3,2019
Air India,Kolkata,Banglore,1,7662.0,675,24,5,2019,9,50,21,5,24,5,2019
Air India,Kolkata,Banglore,1,8366.0,745,18,5,2019,9,25,21,50,18,5,2019
Jet Airways,Kolkata,Banglore,1,10844.0,740,18,5,2019,8,25,20,45,18,5,2019
IndiGo,Chennai,Kolkata,0,3540.0,145,6,6,2019,5,15,7,40,6,6,2019
Multiple carriers,Delhi,Cochin,1,16863.0,935,3,3,2019,10,0,1,35,3,4,2019
Air India,Banglore,Delhi,0,6121.0,170,5,3,2019,21,5,23,55,5,3,2019
IndiGo,Banglore,Delhi,1,8434.0,305,3,9,2019,6,25,11,30,3,9,2019
Jet Airways,Kolkata,Banglore,1,14151.0,395,21,5,2019,17,0,23,35,21,5,2019
Jet Airways,Delhi,Cochin,2,14441.0,425,6,6,2019,5,30,12,35,6,6,2019
GoAir,Banglore,Delhi,0,3898.0,170,6,1,2019,11,40,14,30,6,1,2019
Jet Airways,Delhi,Cochin,2,9483.0,810,4,9,2019,23,5,12,35,4,10,2019
Air Asia,Banglore,Delhi,0,4282.0,170,4,12,2019,4,55,7,45,4,12,2019
Jet Airways,Banglore,Delhi,0,6478.0,180,6,3,2019,17,45,20,45,6,3,2019
Jet Airways,Delhi,Cochin,2,16809.0,1995,3,6,2019,19,10,4,25,3,8,2019
Jet Airways,Delhi,Cochin,2,16704.0,1390,5,9,2019,13,25,12,35,5,10,2019
GoAir,Banglore,Delhi,0,3898.0,175,24,6,2019,7,45,10,40,24,6,2019
Jet Airways,Banglore,Delhi,1,11297.0,390,3,12,2019,5,50,12,20,3,12,2019
IndiGo,Kolkata,Banglore,0,5224.0,150,27,5,2019,14,25,16,55,27,5,2019
IndiGo,Banglore,Delhi,0,4823.0,175,4,6,2019,18,55,21,50,4,6,2019
IndiGo,Delhi,Cochin,1,14871.0,645,3,3,2019,4,45,15,30,3,3,2019
Air India,Delhi,Cochin,1,7480.0,1420,27,6,2019,9,45,9,25,28,6,2019
IndiGo,Kolkata,Banglore,0,5224.0,155,5,3,2019,11,30,14,5,5,3,2019
Multiple carriers,Delhi,Cochin,1,6093.0,540,24,4,2019,7,10,16,10,24,4,2019
IndiGo,Mumbai,Hyderabad,0,2754.0,90,27,6,2019,19,5,20,35,27,6,2019
IndiGo,Mumbai,Hyderabad,0,2227.0,95,6,1,2019,20,5,21,40,6,1,2019
Jet Airways,Kolkata,Banglore,1,14781.0,705,5,6,2019,6,30,18,15,5,6,2019
GoAir,Banglore,Delhi,0,3898.0,175,5,1,2019,7,45,10,40,5,1,2019
Vistara,Kolkata,Banglore,1,9397.0,930,24,5,2019,7,10,22,40,24,5,2019
Vistara,Kolkata,Banglore,1,8452.0,1655,6,12,2019,7,10,10,45,13,6,2019
IndiGo,Banglore,Delhi,0,4591.0,170,4,3,2019,23,30,2,20,4,4,2019
IndiGo,Kolkata,Banglore,1,5930.0,315,4,1,2019,21,0,2,15,4,2,2019
Air India,Kolkata,Banglore,2,10991.0,875,5,6,2019,5,50,20,25,5,6,2019
SpiceJet,Kolkata,Banglore,0,4622.0,160,3,3,2019,6,55,9,35,3,3,2019
Jet Airways,Delhi,Cochin,1,14714.0,450,6,6,2019,11,30,19,0,6,6,2019
IndiGo,Banglore,Delhi,0,4823.0,170,18,6,2019,8,30,11,20,18,6,2019
Jet Airways,Mumbai,Hyderabad,0,2228.0,90,18,3,2019,2,55,4,25,18,3,2019
Jet Airways,Kolkata,Banglore,1,10703.0,395,5,6,2019,17,0,23,35,5,6,2019
Vistara,Banglore,Delhi,0,5613.0,155,5,3,2019,17,0,19,35,5,3,2019
Jet Airways,Kolkata,Banglore,1,13759.0,700,24,3,2019,6,30,18,10,24,3,2019
IndiGo,Banglore,Delhi,0,3943.0,170,6,12,2019,13,0,15,50,6,12,2019
IndiGo,Banglore,Delhi,0,4944.0,165,21,3,2019,0,40,3,25,21,3,2019
Jet Airways,Delhi,Cochin,1,10262.0,300,24,6,2019,14,0,19,0,24,6,2019
SpiceJet,Kolkata,Banglore,1,8479.0,435,6,6,2019,11,35,18,50,6,6,2019
IndiGo,Delhi,Cochin,1,7514.0,515,6,3,2019,7,35,16,10,6,3,2019
Air India,Delhi,Cochin,0,6934.0,180,5,6,2019,14,10,17,10,5,6,2019
Jet Airways,Kolkata,Banglore,1,9663.0,1025,5,12,2019,18,55,12,0,13,5,2019
Multiple carriers,Delhi,Cochin,1,8085.0,660,21,3,2019,10,0,21,0,21,3,2019
Vistara,Delhi,Cochin,0,7266.0,190,3,9,2019,6,0,9,10,3,9,2019
IndiGo,Delhi,Cochin,1,6493.0,320,6,3,2019,17,5,22,25,6,3,2019
Jet Airways,Delhi,Cochin,1,14714.0,540,27,6,2019,10,0,19,0,27,6,2019
Multiple carriers,Delhi,Cochin,1,7485.0,390,21,5,2019,19,0,1,30,22,5,2019
Jet Airways,Delhi,Cochin,1,10262.0,925,6,6,2019,13,0,4,25,6,7,2019
Vistara,Banglore,Delhi,0,4878.0,165,21,3,2019,9,50,12,35,21,3,2019
Multiple carriers,Delhi,Cochin,1,7198.0,390,6,12,2019,19,0,1,30,13,6,2019
Jet Airways,Banglore,Delhi,1,17261.0,965,3,6,2019,16,55,9,0,3,7,2019
Jet Airways,Kolkata,Banglore,1,13044.0,735,6,12,2019,20,0,8,15,13,6,2019
Jet Airways,Delhi,Cochin,1,10262.0,1530,27,6,2019,17,30,19,0,28,6,2019
Multiple carriers,Delhi,Cochin,1,8614.0,755,15,6,2019,6,40,19,15,15,6,2019
Jet Airways,Delhi,Cochin,1,12032.0,1665,27,3,2019,16,0,19,45,28,3,2019
Jet Airways,Banglore,Delhi,1,12284.0,375,18,3,2019,7,0,13,15,18,3,2019
GoAir,Banglore,Delhi,0,3419.0,175,27,5,2019,7,45,10,40,27,5,2019
IndiGo,Delhi,Cochin,1,6528.0,370,21,3,2019,16,10,22,20,21,3,2019
Vistara,Banglore,Delhi,0,5403.0,160,24,3,2019,7,0,9,40,24,3,2019
Jet Airways,Delhi,Cochin,1,9732.0,450,27,5,2019,11,30,19,0,27,5,2019
IndiGo,Delhi,Cochin,1,5761.0,320,15,4,2019,6,50,12,10,15,4,2019
Air India,Kolkata,Banglore,2,12009.0,1345,6,6,2019,7,0,5,25,6,7,2019
Jet Airways,Kolkata,Banglore,1,8586.0,1590,18,5,2019,5,45,8,15,19,5,2019
Jet Airways,Banglore,Delhi,0,6144.0,180,24,5,2019,17,45,20,45,24,5,2019
SpiceJet,Banglore,Delhi,0,3257.0,160,24,5,2019,5,55,8,35,24,5,2019
Multiple carriers,Delhi,Cochin,1,9021.0,465,5,9,2019,17,45,1,30,5,10,2019
Jet Airways,Delhi,Cochin,1,10262.0,1505,6,3,2019,11,30,12,35,6,4,2019
Air India,Mumbai,Hyderabad,2,13757.0,560,3,6,2019,5,30,14,50,3,6,2019
IndiGo,Delhi,Cochin,0,5895.0,185,15,3,2019,14,30,17,35,15,3,2019
Jet Airways,Kolkata,Banglore,1,9663.0,585,21,5,2019,18,55,4,40,22,5,2019
Air India,Delhi,Cochin,1,6587.0,1535,5,9,2019,5,15,6,50,5,10,2019
SpiceJet,Banglore,Delhi,0,3311.0,160,5,6,2019,5,55,8,35,5,6,2019
SpiceJet,Delhi,Cochin,1,6297.0,315,18,5,2019,6,5,11,20,18,5,2019
Jet Airways,Kolkata,Banglore,1,10844.0,1495,5,12,2019,18,55,19,50,13,5,2019
IndiGo,Mumbai,Hyderabad,0,4049.0,90,27,5,2019,9,10,10,40,27,5,2019
Air India,Banglore,Delhi,0,6961.0,170,6,3,2019,13,20,16,10,6,3,2019
SpiceJet,Chennai,Kolkata,0,3384.0,135,27,3,2019,8,20,10,35,27,3,2019
Jet Airways,Delhi,Cochin,2,13029.0,1615,5,9,2019,9,40,12,35,5,10,2019
SpiceJet,Chennai,Kolkata,0,3859.0,135,5,6,2019,8,20,10,35,5,6,2019
Air India,Delhi,Cochin,2,11732.0,1470,6,12,2019,18,45,19,15,13,6,2019
Multiple carriers,Delhi,Cochin,1,12524.0,615,6,6,2019,8,45,19,0,6,6,2019
Jet Airways,Banglore,Delhi,1,12284.0,325,18,3,2019,7,0,12,25,18,3,2019
Jet Airways,Delhi,Cochin,1,10262.0,620,15,6,2019,2,15,12,35,15,6,2019
Jet Airways,Delhi,Cochin,2,13344.0,425,24,6,2019,5,30,12,35,24,6,2019
Jet Airways,Banglore,Delhi,0,7229.0,180,18,4,2019,17,45,20,45,18,4,2019
Air India,Kolkata,Banglore,2,14960.0,1385,6,12,2019,9,50,8,55,13,6,2019
Air India,Delhi,Cochin,2,13381.0,1490,6,12,2019,6,50,7,40,13,6,2019
Multiple carriers,Delhi,Cochin,1,15147.0,765,3,6,2019,12,50,1,35,3,7,2019
Jet Airways,Kolkata,Banglore,1,8586.0,1330,5,6,2019,6,30,4,40,5,7,2019
IndiGo,Delhi,Cochin,1,7054.0,490,5,6,2019,14,20,22,30,5,6,2019
Air Asia,Kolkata,Banglore,0,4082.0,150,18,3,2019,22,50,1,20,19,3,2019
Jet Airways,Delhi,Cochin,2,13029.0,560,21,5,2019,9,40,19,0,21,5,2019
Jet Airways,Kolkata,Banglore,1,7064.0,365,4,1,2019,16,30,22,35,4,1,2019
Air India,Banglore,Delhi,1,4943.0,1475,21,3,2019,8,15,8,50,19,3,2019
Jet Airways,Banglore,Delhi,0,7229.0,180,5,3,2019,7,10,10,10,5,3,2019
Air India,Kolkata,Banglore,1,8450.0,675,5,12,2019,9,50,21,5,5,12,2019
Jet Airways,Delhi,Cochin,2,15318.0,505,5,9,2019,20,0,4,25,5,10,2019
IndiGo,Kolkata,Banglore,0,4804.0,160,5,3,2019,21,25,0,5,5,4,2019
Jet Airways,Kolkata,Banglore,1,10844.0,1220,6,6,2019,20,0,16,20,6,7,2019
IndiGo,Mumbai,Hyderabad,0,3175.0,90,4,1,2019,16,55,18,25,4,1,2019
Air India,Delhi,Cochin,2,12646.0,1820,27,6,2019,12,55,19,15,28,6,2019
Air India,Kolkata,Banglore,1,7893.0,930,4,1,2019,20,30,12,0,4,2,2019
Air India,Banglore,Delhi,0,7171.0,165,24,5,2019,17,0,19,45,24,5,2019
Multiple carriers,Delhi,Cochin,1,13727.0,420,15,5,2019,14,0,21,0,15,5,2019
Air India,Delhi,Cochin,0,5201.0,185,27,6,2019,18,5,21,10,27,6,2019
Multiple carriers,Delhi,Cochin,1,9001.0,455,15,5,2019,11,40,19,15,15,5,2019
IndiGo,Banglore,Delhi,0,3943.0,170,15,5,2019,13,0,15,50,15,5,2019
Multiple carriers,Delhi,Cochin,1,10546.0,835,5,9,2019,7,5,21,0,5,9,2019
Jet Airways,Delhi,Cochin,1,15554.0,1425,18,5,2019,19,15,19,0,19,5,2019
Air India,Banglore,Delhi,0,5228.0,165,15,4,2019,6,10,8,55,15,4,2019
Air India,Delhi,Cochin,1,9404.0,615,24,6,2019,9,0,19,15,24,6,2019
Multiple carriers,Delhi,Cochin,1,8601.0,605,21,3,2019,9,10,19,15,21,3,2019
Multiple carriers,Delhi,Cochin,1,8888.0,765,5,9,2019,9,45,22,30,5,9,2019
Vistara,Banglore,Delhi,0,5088.0,155,24,3,2019,16,0,18,35,24,3,2019
IndiGo,Banglore,Delhi,0,3943.0,170,5,9,2019,10,10,13,0,5,9,2019
Jet Airways,Delhi,Cochin,1,12373.0,885,5,9,2019,21,50,12,35,5,10,2019
Multiple carriers,Delhi,Cochin,1,8323.0,440,4,9,2019,6,0,13,20,4,9,2019
Jet Airways,Delhi,Cochin,2,15339.0,1390,27,6,2019,13,25,12,35,28,6,2019
Vistara,Chennai,Kolkata,0,11982.0,140,5,6,2019,17,45,20,5,5,6,2019
SpiceJet,Kolkata,Banglore,1,8844.0,330,5,12,2019,15,55,21,25,5,12,2019
Jet Airways,Delhi,Cochin,1,10262.0,825,6,1,2019,22,50,12,35,6,2,2019
IndiGo,Chennai,Kolkata,0,3597.0,140,6,6,2019,13,15,15,35,6,6,2019
Jet Airways,Mumbai,Hyderabad,0,5678.0,90,24,3,2019,10,20,11,50,24,3,2019
IndiGo,Chennai,Kolkata,0,5277.0,140,21,5,2019,22,5,0,25,22,5,2019
IndiGo,Banglore,Delhi,0,4823.0,175,27,6,2019,7,10,10,5,27,6,2019
IndiGo,Delhi,Cochin,2,8049.0,765,3,3,2019,8,35,21,20,3,3,2019
SpiceJet,Chennai,Kolkata,0,3543.0,140,15,5,2019,17,45,20,5,15,5,2019
Jet Airways,Delhi,Cochin,1,10262.0,1485,6,6,2019,18,15,19,0,6,7,2019
Air India,Delhi,Cochin,3,10703.0,2280,6,1,2019,5,15,19,15,6,2,2019
IndiGo,Delhi,Cochin,1,6496.0,295,6,12,2019,5,10,10,5,6,12,2019
Jet Airways,Kolkata,Banglore,1,10844.0,705,21,5,2019,6,30,18,15,21,5,2019
Jet Airways,Delhi,Cochin,1,12032.0,705,27,3,2019,7,5,18,50,27,3,2019
Vistara,Delhi,Cochin,0,6741.0,190,18,4,2019,6,0,9,10,18,4,2019
IndiGo,Banglore,Delhi,0,3943.0,170,5,9,2019,4,0,6,50,5,9,2019
SpiceJet,Kolkata,Banglore,0,3841.0,155,24,5,2019,6,55,9,30,24,5,2019
Multiple carriers,Delhi,Cochin,1,15288.0,395,3,3,2019,19,0,1,35,3,4,2019
Air India,Mumbai,Hyderabad,0,2050.0,80,18,3,2019,21,5,22,25,18,3,2019
Vistara,Chennai,Kolkata,0,4842.0,135,24,3,2019,7,5,9,20,24,3,2019
Jet Airways,Delhi,Cochin,2,6643.0,1420,21,3,2019,19,10,18,50,22,3,2019
IndiGo,Delhi,Cochin,1,9581.0,300,3,3,2019,5,5,10,5,3,3,2019
IndiGo,Kolkata,Banglore,0,4804.0,160,15,5,2019,21,25,0,5,16,5,2019
Jet Airways,Banglore,Delhi,1,7832.0,1420,21,3,2019,8,0,7,40,19,3,2019
Multiple carriers,Delhi,Cochin,1,11667.0,730,6,12,2019,7,5,19,15,6,12,2019
IndiGo,Delhi,Cochin,1,6442.0,455,27,6,2019,8,35,16,10,27,6,2019
Jet Airways,Delhi,Cochin,2,15129.0,1760,24,5,2019,23,5,4,25,26,5,2019
Jet Airways,Banglore,Delhi,0,4544.0,175,4,3,2019,11,10,14,5,4,3,2019
Jet Airways,Kolkata,Banglore,1,9663.0,800,15,5,2019,20,0,9,20,16,5,2019
Jet Airways,Delhi,Cochin,1,14714.0,745,6,3,2019,16,0,4,25,6,4,2019
Air India,Mumbai,Hyderabad,0,3100.0,80,27,5,2019,6,20,7,40,27,5,2019
Jet Airways,Kolkata,Banglore,1,9663.0,1695,5,6,2019,16,30,20,45,5,7,2019
IndiGo,Delhi,Cochin,1,5761.0,320,21,3,2019,6,40,12,0,21,3,2019
Air India,Mumbai,Hyderabad,0,3100.0,80,5,9,2019,21,5,22,25,5,9,2019
Jet Airways,Kolkata,Banglore,1,13626.0,425,6,12,2019,16,30,23,35,6,12,2019
Jet Airways,Mumbai,Hyderabad,0,5678.0,90,24,3,2019,19,35,21,5,24,3,2019
Jet Airways,Kolkata,Banglore,1,8529.0,1400,6,12,2019,18,55,18,15,13,6,2019
Air India,Delhi,Cochin,0,5201.0,170,5,9,2019,5,10,8,0,5,9,2019
Jet Airways,Kolkata,Banglore,1,14151.0,690,21,5,2019,9,35,21,5,21,5,2019
Air Asia,Banglore,Delhi,0,4483.0,165,5,3,2019,11,10,13,55,5,3,2019
IndiGo,Kolkata,Banglore,0,4174.0,155,4,6,2019,22,15,0,50,4,7,2019
Jet Airways,Delhi,Cochin,2,15544.0,425,18,5,2019,5,30,12,35,18,5,2019
IndiGo,Delhi,Cochin,0,5601.0,195,27,5,2019,21,5,0,20,28,5,2019
IndiGo,Banglore,Delhi,0,3419.0,165,4,3,2019,1,30,4,15,4,3,2019
Air Asia,Delhi,Cochin,1,6451.0,870,27,4,2019,7,55,22,25,27,4,2019
Air India,Kolkata,Banglore,2,12592.0,1700,5,12,2019,9,25,13,45,13,5,2019
Air India,Banglore,Delhi,0,6961.0,170,24,6,2019,21,5,23,55,24,6,2019
SpiceJet,Kolkata,Banglore,0,4174.0,150,6,12,2019,17,10,19,40,6,12,2019
Jet Airways,Kolkata,Banglore,1,8824.0,590,24,3,2019,6,30,16,20,24,3,2019
SpiceJet,Delhi,Cochin,1,7947.0,380,15,5,2019,15,45,22,5,15,5,2019
Multiple carriers,Delhi,Cochin,1,13587.0,420,27,6,2019,14,0,21,0,27,6,2019
SpiceJet,Kolkata,Banglore,0,3841.0,155,15,6,2019,6,55,9,30,15,6,2019
IndiGo,Kolkata,Banglore,0,4804.0,160,21,6,2019,21,25,0,5,22,6,2019
Jet Airways,Kolkata,Banglore,1,8586.0,520,5,9,2019,20,0,4,40,5,10,2019
IndiGo,Kolkata,Banglore,0,4778.0,160,3,1,2019,20,25,23,5,3,1,2019
Multiple carriers,Delhi,Cochin,2,18275.0,625,6,1,2019,15,5,1,30,6,2,2019
IndiGo,Chennai,Kolkata,0,3540.0,145,6,1,2019,5,15,7,40,6,1,2019
IndiGo,Delhi,Cochin,1,6442.0,835,27,6,2019,8,35,22,30,27,6,2019
Air India,Kolkata,Banglore,0,4145.0,155,27,6,2019,20,45,23,20,27,6,2019
IndiGo,Kolkata,Banglore,0,5644.0,150,6,9,2019,14,25,16,55,6,9,2019
IndiGo,Kolkata,Banglore,0,5224.0,150,5,3,2019,14,25,16,55,5,3,2019
Jet Airways,Delhi,Cochin,1,5963.0,1520,21,3,2019,17,30,18,50,22,3,2019
Multiple carriers,Delhi,Cochin,1,11264.0,780,27,5,2019,6,0,19,0,27,5,2019
GoAir,Delhi,Cochin,1,10188.0,310,27,3,2019,14,10,19,20,27,3,2019
Jet Airways,Kolkata,Banglore,1,10844.0,800,18,5,2019,20,0,9,20,19,5,2019
IndiGo,Banglore,Delhi,1,7166.0,295,15,3,2019,13,40,18,35,15,3,2019
Jet Airways,Banglore,Delhi,1,13817.0,635,3,12,2019,22,55,9,30,13,3,2019
Jet Airways,Delhi,Cochin,1,12373.0,1100,5,9,2019,18,15,12,35,5,10,2019
Jet Airways,Banglore,Delhi,1,25735.0,965,3,1,2019,16,55,9,0,3,2,2019
Jet Airways,Banglore,Delhi,1,14815.0,450,18,3,2019,11,40,19,10,18,3,2019
Jet Airways,Delhi,Cochin,1,10262.0,1505,6,12,2019,11,30,12,35,13,6,2019
Jet Airways,Delhi,Cochin,1,10262.0,660,15,6,2019,8,0,19,0,15,6,2019
Air India,Delhi,Cochin,1,7468.0,875,6,9,2019,17,40,8,15,6,10,2019
Jet Airways,Mumbai,Hyderabad,0,8040.0,85,5,9,2019,7,5,8,30,5,9,2019
Jet Airways,Delhi,Cochin,2,12819.0,1195,24,6,2019,23,5,19,0,25,6,2019
IndiGo,Chennai,Kolkata,0,7295.0,145,3,6,2019,14,40,17,5,3,6,2019
Jet Airways,Banglore,Delhi,0,7229.0,175,27,5,2019,15,15,18,10,27,5,2019
Air Asia,Delhi,Cochin,1,6853.0,340,15,6,2019,16,45,22,25,15,6,2019
Jet Airways,Kolkata,Banglore,1,9663.0,730,24,5,2019,21,10,9,20,25,5,2019
Jet Airways,Kolkata,Banglore,1,7064.0,705,4,1,2019,6,30,18,15,4,1,2019
Air India,Delhi,Cochin,1,8372.0,615,6,6,2019,9,0,19,15,6,6,2019
SpiceJet,Mumbai,Hyderabad,0,1965.0,90,6,3,2019,13,15,14,45,6,3,2019
Vistara,Kolkata,Banglore,1,16932.0,695,24,3,2019,7,10,18,45,24,3,2019
SpiceJet,Kolkata,Banglore,0,3841.0,140,18,6,2019,22,20,0,40,19,6,2019
Jet Airways,Delhi,Cochin,2,15812.0,440,6,12,2019,11,40,19,0,6,12,2019
Air India,Banglore,Delhi,1,10924.0,385,3,3,2019,6,55,13,20,3,3,2019
Air India,Delhi,Cochin,0,6934.0,180,27,5,2019,14,10,17,10,27,5,2019
Jet Airways,Delhi,Cochin,1,10262.0,660,6,1,2019,8,0,19,0,6,1,2019
Jet Airways,Delhi,Cochin,1,13843.0,870,3,6,2019,13,55,4,25,3,7,2019
Multiple carriers,Delhi,Cochin,1,9315.0,740,15,5,2019,6,40,19,0,15,5,2019
Multiple carriers,Delhi,Cochin,1,8266.0,795,21,5,2019,6,0,19,15,21,5,2019
Jet Airways,Kolkata,Banglore,1,14231.0,660,24,3,2019,21,10,8,10,25,3,2019
GoAir,Banglore,Delhi,0,5048.0,165,18,4,2019,20,55,23,40,18,4,2019
Jet Airways,Delhi,Cochin,1,10262.0,1530,6,6,2019,17,30,19,0,6,7,2019
Multiple carriers,Delhi,Cochin,1,12537.0,720,27,3,2019,9,0,21,0,27,3,2019
Jet Airways,Delhi,Cochin,1,10262.0,925,15,6,2019,13,0,4,25,16,6,2019
Jet Airways,Mumbai,Hyderabad,0,8040.0,85,4,3,2019,7,5,8,30,4,3,2019
SpiceJet,Kolkata,Banglore,1,9736.0,435,5,6,2019,11,15,18,30,5,6,2019
IndiGo,Kolkata,Banglore,0,4804.0,155,5,6,2019,4,40,7,15,5,6,2019
Jet Airways,Banglore,Delhi,1,13817.0,995,3,12,2019,16,55,9,30,13,3,2019
GoAir,Banglore,Delhi,0,5048.0,175,21,5,2019,7,45,10,40,21,5,2019
Jet Airways,Mumbai,Hyderabad,0,8040.0,90,4,1,2019,10,20,11,50,4,1,2019
Multiple carriers,Delhi,Cochin,1,7354.0,645,6,12,2019,8,30,19,15,6,12,2019
Multiple carriers,Delhi,Cochin,1,7563.0,465,3,6,2019,14,35,22,20,3,6,2019
IndiGo,Delhi,Cochin,1,7725.0,285,3,3,2019,10,45,15,30,3,3,2019
Multiple carriers,Delhi,Cochin,1,7740.0,735,6,1,2019,8,45,21,0,6,1,2019
Air India,Kolkata,Banglore,2,13532.0,1165,6,12,2019,10,0,5,25,13,6,2019
IndiGo,Kolkata,Banglore,0,6565.0,155,3,1,2019,14,20,16,55,3,1,2019
Jet Airways,Kolkata,Banglore,1,10844.0,1640,5,12,2019,16,30,19,50,13,5,2019
SpiceJet,Kolkata,Banglore,0,3841.0,140,18,4,2019,22,20,0,40,19,4,2019
Multiple carriers,Delhi,Cochin,1,11200.0,630,6,3,2019,8,30,19,0,6,3,2019
Air India,Kolkata,Banglore,2,12009.0,1505,4,1,2019,9,25,10,30,4,2,2019
Air India,Delhi,Cochin,1,8372.0,675,15,5,2019,8,0,19,15,15,5,2019
Air India,Delhi,Cochin,2,13591.0,1490,15,6,2019,6,50,7,40,16,6,2019
Vistara,Mumbai,Hyderabad,1,12395.0,1190,3,6,2019,20,55,16,45,3,7,2019
SpiceJet,Chennai,Kolkata,0,7298.0,135,3,1,2019,8,20,10,35,3,1,2019
IndiGo,Delhi,Cochin,1,12214.0,310,3,3,2019,7,20,12,30,3,3,2019
Jet Airways,Kolkata,Banglore,1,14151.0,1745,15,5,2019,17,0,22,5,16,5,2019
Air India,Delhi,Cochin,2,12970.0,1560,6,1,2019,17,15,19,15,6,2,2019
Jet Airways,Kolkata,Banglore,1,14781.0,570,5,1,2019,14,5,23,35,5,1,2019
Vistara,Banglore,Delhi,0,4878.0,155,6,6,2019,17,0,19,35,6,6,2019
SpiceJet,Chennai,Kolkata,0,3597.0,135,5,3,2019,8,20,10,35,5,3,2019
Air Asia,Kolkata,Banglore,1,6810.0,955,6,6,2019,7,35,23,30,6,6,2019
Vistara,Chennai,Kolkata,0,3687.0,135,5,1,2019,7,5,9,20,5,1,2019
Air India,Delhi,Cochin,1,6482.0,965,21,3,2019,17,20,9,25,22,3,2019
Jet Airways,Mumbai,Hyderabad,1,19595.0,1430,3,6,2019,17,0,16,50,3,7,2019
IndiGo,Delhi,Cochin,1,6147.0,290,15,6,2019,15,10,20,0,15,6,2019
Jet Airways,Kolkata,Banglore,1,10953.0,1005,5,6,2019,17,0,9,45,5,7,2019
SpiceJet,Kolkata,Banglore,0,3873.0,140,24,4,2019,22,20,0,40,25,4,2019
Jet Airways,Banglore,Delhi,1,14815.0,900,3,6,2019,14,5,5,5,3,7,2019
Multiple carriers,Delhi,Cochin,1,10678.0,845,6,6,2019,4,55,19,0,6,6,2019
Jet Airways,Delhi,Cochin,1,14053.0,800,3,9,2019,15,5,4,25,3,10,2019
Jet Airways,Kolkata,Banglore,1,10539.0,750,6,12,2019,9,35,22,5,6,12,2019
Jet Airways,Banglore,Delhi,1,16946.0,435,18,3,2019,14,5,21,20,18,3,2019
IndiGo,Delhi,Cochin,0,7673.0,185,3,3,2019,14,30,17,35,3,3,2019
Air India,Banglore,Delhi,0,4441.0,170,24,3,2019,13,20,16,10,24,3,2019
Jet Airways,Banglore,Delhi,0,4544.0,175,15,4,2019,11,10,14,5,15,4,2019
IndiGo,Kolkata,Banglore,0,4804.0,155,24,4,2019,15,30,18,5,24,4,2019
Jet Airways,Delhi,Cochin,1,5406.0,1655,4,1,2019,9,0,12,35,4,2,2019
Air India,Mumbai,Hyderabad,0,3100.0,80,4,3,2019,6,20,7,40,4,3,2019
Jet Airways,Delhi,Cochin,2,11150.0,1195,27,6,2019,23,5,19,0,28,6,2019
IndiGo,Banglore,Delhi,0,4823.0,180,4,6,2019,16,55,19,55,4,6,2019
SpiceJet,Mumbai,Hyderabad,0,1965.0,90,5,3,2019,5,45,7,15,5,3,2019
Jet Airways,Delhi,Cochin,1,10262.0,885,24,6,2019,21,50,12,35,25,6,2019
IndiGo,Delhi,Cochin,1,6674.0,515,6,6,2019,7,35,16,10,6,6,2019
Jet Airways,Delhi,Cochin,1,15764.0,1165,3,6,2019,9,0,4,25,3,7,2019
Jet Airways,Kolkata,Banglore,1,7064.0,1595,4,1,2019,20,0,22,35,4,2,2019
Jet Airways,Delhi,Cochin,1,10262.0,300,6,6,2019,14,0,19,0,6,6,2019
IndiGo,Kolkata,Banglore,1,5069.0,290,5,1,2019,8,10,13,0,5,1,2019
Multiple carriers,Delhi,Cochin,1,11789.0,440,6,6,2019,11,40,19,0,6,6,2019
Air India,Kolkata,Banglore,2,15164.0,1665,5,1,2019,10,0,13,45,5,2,2019
Air India,Delhi,Cochin,0,6094.0,180,6,6,2019,14,10,17,10,6,6,2019
SpiceJet,Banglore,Delhi,0,4885.0,170,21,4,2019,9,30,12,20,21,4,2019
Air Asia,Banglore,Delhi,0,3383.0,165,21,6,2019,11,10,13,55,21,6,2019
Multiple carriers,Delhi,Cochin,1,6673.0,515,27,3,2019,17,0,1,35,28,3,2019
Jet Airways,Banglore,Delhi,0,4544.0,180,27,4,2019,7,10,10,10,27,4,2019
Jet Airways,Delhi,Cochin,2,8367.0,485,21,3,2019,10,45,18,50,21,3,2019
GoAir,Banglore,Delhi,0,3898.0,170,6,3,2019,11,40,14,30,6,3,2019
Jet Airways,Kolkata,Banglore,1,10844.0,510,6,9,2019,14,5,22,35,6,9,2019
Multiple carriers,Delhi,Cochin,1,12327.0,665,27,3,2019,2,15,13,20,27,3,2019
SpiceJet,Delhi,Cochin,1,6356.0,270,21,3,2019,8,45,13,15,21,3,2019
Air India,Banglore,Delhi,0,5228.0,170,15,5,2019,21,5,23,55,15,5,2019
Air India,Banglore,Delhi,2,10835.0,2025,18,3,2019,6,45,16,30,16,3,2019
IndiGo,Banglore,Delhi,0,3943.0,170,21,6,2019,4,0,6,50,21,6,2019
Jet Airways,Delhi,Cochin,1,14714.0,1485,6,1,2019,18,15,19,0,6,2,2019
Air India,Kolkata,Banglore,2,11883.0,1810,5,6,2019,5,50,12,0,5,7,2019
Vistara,Kolkata,Banglore,1,8610.0,1625,6,12,2019,20,20,23,25,13,6,2019
Multiple carriers,Delhi,Cochin,1,6513.0,920,15,5,2019,7,10,22,30,15,5,2019
Jet Airways,Delhi,Cochin,1,12898.0,1570,21,5,2019,2,15,4,25,22,5,2019
Air India,Delhi,Cochin,2,10861.0,1275,6,1,2019,22,0,19,15,6,2,2019
IndiGo,Mumbai,Hyderabad,0,4049.0,90,21,6,2019,19,5,20,35,21,6,2019
Jet Airways,Banglore,Delhi,1,13555.0,1045,18,3,2019,11,40,5,5,16,3,2019
Jet Airways,Delhi,Cochin,1,16079.0,1005,27,5,2019,2,15,19,0,27,5,2019
IndiGo,Delhi,Cochin,0,7673.0,195,3,6,2019,5,35,8,50,3,6,2019
Multiple carriers Premium economy,Delhi,Cochin,1,10161.0,620,21,3,2019,8,55,19,15,21,3,2019
Jet Airways,Delhi,Cochin,1,10262.0,620,6,12,2019,2,15,12,35,6,12,2019
SpiceJet,Kolkata,Banglore,0,3873.0,155,5,3,2019,6,55,9,30,5,3,2019
SpiceJet,Banglore,Delhi,0,3311.0,175,6,3,2019,21,10,0,5,6,4,2019
IndiGo,Delhi,Cochin,1,13611.0,575,3,9,2019,16,0,1,35,3,10,2019
Air India,Delhi,Cochin,2,11858.0,435,3,6,2019,12,0,19,15,3,6,2019
Multiple carriers,Delhi,Cochin,1,9316.0,535,27,5,2019,10,20,19,15,27,5,2019
IndiGo,Banglore,Delhi,0,4823.0,175,4,1,2019,7,10,10,5,4,1,2019
Jet Airways,Kolkata,Banglore,1,13941.0,845,5,12,2019,20,0,10,5,13,5,2019
Jet Airways,Delhi,Cochin,2,13029.0,1125,27,5,2019,9,40,4,25,28,5,2019
SpiceJet,Kolkata,Banglore,0,3873.0,155,4,12,2019,6,55,9,30,4,12,2019
IndiGo,Banglore,Delhi,0,4591.0,165,4,12,2019,1,30,4,15,4,12,2019
Vistara,Mumbai,Hyderabad,1,12395.0,850,3,6,2019,8,45,22,55,3,6,2019
IndiGo,Mumbai,Hyderabad,0,3603.0,90,21,3,2019,2,30,4,0,21,3,2019
IndiGo,Kolkata,Banglore,0,4804.0,155,5,1,2019,15,30,18,5,5,1,2019
IndiGo,Banglore,Delhi,0,4823.0,175,21,5,2019,18,25,21,20,21,5,2019
Jet Airways,Delhi,Cochin,1,13244.0,440,21,3,2019,11,30,18,50,21,3,2019
Air Asia,Kolkata,Banglore,1,6785.0,710,24,3,2019,7,35,19,25,24,3,2019
Air India,Mumbai,Hyderabad,0,3100.0,80,24,6,2019,6,20,7,40,24,6,2019
Multiple carriers,Delhi,Cochin,1,7198.0,450,6,12,2019,18,0,1,30,13,6,2019
Jet Airways,Delhi,Cochin,2,13014.0,560,27,6,2019,9,40,19,0,27,6,2019
Air India,Delhi,Cochin,2,20416.0,1490,3,6,2019,6,50,7,40,3,7,2019
Air India,Delhi,Cochin,2,10441.0,1275,6,6,2019,22,0,19,15,6,7,2019
Air India,Banglore,Delhi,1,11528.0,1490,3,1,2019,10,30,11,20,3,2,2019
Air India,Kolkata,Banglore,2,14083.0,1100,5,6,2019,7,0,1,20,5,7,2019
IndiGo,Chennai,Kolkata,0,3597.0,140,15,5,2019,19,35,21,55,15,5,2019
Air India,Kolkata,Banglore,2,7662.0,445,6,12,2019,5,50,13,15,6,12,2019
IndiGo,Banglore,Delhi,0,4823.0,170,6,6,2019,8,30,11,20,6,6,2019
Air India,Delhi,Cochin,3,10703.0,2280,27,6,2019,5,15,19,15,28,6,2019
Jet Airways,Mumbai,Hyderabad,0,8040.0,85,6,12,2019,7,5,8,30,6,12,2019
Vistara,Banglore,Delhi,0,4668.0,160,24,6,2019,7,0,9,40,24,6,2019
Air India,Delhi,Cochin,0,6304.0,185,5,12,2019,18,5,21,10,5,12,2019
Air India,Mumbai,Hyderabad,2,14219.0,1795,3,6,2019,6,0,11,55,3,7,2019
SpiceJet,Kolkata,Banglore,0,3841.0,150,5,1,2019,17,10,19,40,5,1,2019
Multiple carriers,Delhi,Cochin,1,13587.0,480,27,5,2019,13,0,21,0,27,5,2019
Air India,Kolkata,Banglore,2,12093.0,875,18,5,2019,5,50,20,25,18,5,2019
SpiceJet,Delhi,Cochin,1,5899.0,315,27,4,2019,6,5,11,20,27,4,2019
Air India,Mumbai,Hyderabad,0,3100.0,90,5,12,2019,13,55,15,25,5,12,2019
Air India,Banglore,Delhi,0,5438.0,165,5,12,2019,17,0,19,45,5,12,2019
IndiGo,Banglore,Delhi,0,5780.0,175,18,4,2019,18,55,21,50,18,4,2019
Air India,Kolkata,Banglore,2,11668.0,955,6,9,2019,9,25,1,20,6,10,2019
IndiGo,Banglore,Delhi,0,11934.0,175,3,1,2019,7,10,10,5,3,1,2019
Jet Airways,Delhi,Cochin,2,16263.0,505,27,6,2019,20,0,4,25,28,6,2019
IndiGo,Delhi,Cochin,1,14871.0,420,3,6,2019,18,35,1,35,3,7,2019
SpiceJet,Banglore,Delhi,0,3573.0,170,24,5,2019,9,30,12,20,24,5,2019
Air India,Delhi,Cochin,2,12497.0,1305,3,3,2019,21,30,19,15,3,4,2019
Air India,Delhi,Cochin,0,5411.0,185,21,6,2019,18,5,21,10,21,6,2019
IndiGo,Delhi,Cochin,1,6600.0,665,6,9,2019,5,5,16,10,6,9,2019
IndiGo,Kolkata,Banglore,1,11160.0,295,6,6,2019,9,20,14,15,6,6,2019
Jet Airways,Mumbai,Hyderabad,2,22950.0,1415,3,6,2019,17,15,16,50,3,7,2019
SpiceJet,Kolkata,Banglore,1,4649.0,315,24,5,2019,15,5,20,20,24,5,2019
Jet Airways,Delhi,Cochin,2,15129.0,1375,21,5,2019,5,30,4,25,22,5,2019
IndiGo,Delhi,Cochin,0,8626.0,195,5,12,2019,21,5,0,20,13,5,2019
Jet Airways,Delhi,Cochin,1,17234.0,1280,3,6,2019,7,5,4,25,3,7,2019
Jet Airways,Banglore,Delhi,1,7832.0,450,21,3,2019,5,45,13,15,21,3,2019
Air India,Mumbai,Hyderabad,0,3100.0,85,18,6,2019,15,0,16,25,18,6,2019
Jet Airways,Kolkata,Banglore,1,9314.0,1730,5,9,2019,9,35,14,25,5,10,2019
Jet Airways,Delhi,Cochin,1,14714.0,620,6,1,2019,2,15,12,35,6,1,2019
Jet Airways,Delhi,Cochin,2,13882.0,1000,15,6,2019,11,45,4,25,16,6,2019
Jet Airways,Delhi,Cochin,2,16274.0,425,5,9,2019,5,30,12,35,5,9,2019
Multiple carriers,Delhi,Cochin,1,15135.0,440,3,6,2019,11,30,18,50,3,6,2019
IndiGo,Banglore,Delhi,0,6144.0,175,24,3,2019,21,20,0,15,25,3,2019
Jet Airways,Delhi,Cochin,2,9483.0,1475,27,3,2019,19,10,19,45,28,3,2019
Air India,Delhi,Cochin,2,14431.0,1490,15,5,2019,6,50,7,40,16,5,2019
Multiple carriers,Delhi,Cochin,1,6093.0,455,24,6,2019,14,55,22,30,24,6,2019
Multiple carriers,Delhi,Cochin,1,7888.0,660,21,5,2019,10,0,21,0,21,5,2019
IndiGo,Delhi,Cochin,1,7503.0,975,15,5,2019,9,15,1,30,16,5,2019
Air India,Kolkata,Banglore,1,6117.0,890,5,6,2019,19,0,9,50,5,7,2019
Jet Airways,Delhi,Cochin,1,17024.0,590,3,3,2019,9,0,18,50,3,3,2019
Jet Airways,Kolkata,Banglore,1,12681.0,800,4,1,2019,18,55,8,15,4,2,2019
Multiple carriers,Delhi,Cochin,1,10678.0,505,24,6,2019,10,35,19,0,24,6,2019
Jet Airways,Kolkata,Banglore,1,13759.0,1655,24,3,2019,8,25,12,0,25,3,2019
SpiceJet,Mumbai,Hyderabad,0,2017.0,90,6,3,2019,22,45,0,15,6,4,2019
SpiceJet,Banglore,Delhi,0,4885.0,170,15,6,2019,9,30,12,20,15,6,2019
Multiple carriers,Delhi,Cochin,1,10786.0,795,27,5,2019,6,0,19,15,27,5,2019
Vistara,Mumbai,Hyderabad,1,12080.0,1555,3,12,2019,7,30,9,25,13,3,2019
IndiGo,Kolkata,Banglore,0,4804.0,155,6,9,2019,20,20,22,55,6,9,2019
Air India,Delhi,Cochin,1,6587.0,1335,21,3,2019,21,0,19,15,22,3,2019
Jet Airways,Delhi,Cochin,2,8728.0,820,27,3,2019,5,10,18,50,27,3,2019
Air Asia,Delhi,Cochin,1,7452.0,625,18,5,2019,20,45,7,10,19,5,2019
IndiGo,Banglore,Delhi,0,4823.0,170,6,6,2019,20,0,22,50,6,6,2019
Multiple carriers,Delhi,Cochin,1,8310.0,925,5,9,2019,7,5,22,30,5,9,2019
Vistara,Banglore,Delhi,0,5403.0,170,4,1,2019,11,30,14,20,4,1,2019
Jet Airways,Delhi,Cochin,2,13376.0,1320,6,9,2019,14,35,12,35,6,10,2019
Multiple carriers,Delhi,Cochin,1,10877.0,505,6,3,2019,10,35,19,0,6,3,2019
Jet Airways,Banglore,Delhi,1,14815.0,1555,3,6,2019,22,50,0,45,3,8,2019
IndiGo,Delhi,Cochin,1,6558.0,570,21,3,2019,6,40,16,10,21,3,2019
Multiple carriers,Delhi,Cochin,1,14067.0,720,21,5,2019,9,0,21,0,21,5,2019
Multiple carriers,Delhi,Cochin,1,9627.0,585,21,5,2019,9,15,19,0,21,5,2019
Jet Airways,Delhi,Cochin,1,14714.0,1425,6,3,2019,19,15,19,0,6,4,2019
IndiGo,Delhi,Cochin,0,5000.0,195,5,9,2019,5,35,8,50,5,9,2019
Multiple carriers Premium economy,Delhi,Cochin,1,9845.0,900,21,3,2019,6,0,21,0,21,3,2019
Jet Airways,Kolkata,Banglore,1,10844.0,1285,18,5,2019,18,55,16,20,19,5,2019
IndiGo,Delhi,Cochin,1,7048.0,515,27,3,2019,4,45,13,20,27,3,2019
Jet Airways,Kolkata,Banglore,1,12692.0,1520,6,12,2019,9,35,10,55,13,6,2019
Jet Airways,Delhi,Cochin,1,13843.0,1260,3,9,2019,21,50,18,50,3,10,2019
Jet Airways,Banglore,Delhi,1,7832.0,1055,21,3,2019,14,5,7,40,19,3,2019
IndiGo,Mumbai,Hyderabad,0,4049.0,90,6,1,2019,9,15,10,45,6,1,2019
Jet Airways,Delhi,Cochin,1,12242.0,650,27,3,2019,8,0,18,50,27,3,2019
Jet Airways,Delhi,Cochin,1,10262.0,1425,24,6,2019,19,15,19,0,25,6,2019
Jet Airways,Kolkata,Banglore,1,14571.0,685,6,9,2019,8,25,19,50,6,9,2019
SpiceJet,Kolkata,Banglore,0,4174.0,150,24,5,2019,17,10,19,40,24,5,2019
Multiple carriers,Delhi,Cochin,1,11264.0,395,27,5,2019,6,0,12,35,27,5,2019
IndiGo,Kolkata,Banglore,0,4174.0,160,18,4,2019,21,25,0,5,19,4,2019
IndiGo,Chennai,Kolkata,0,3540.0,145,6,12,2019,5,15,7,40,6,12,2019
Vistara,Kolkata,Banglore,1,9345.0,790,18,5,2019,7,10,20,20,18,5,2019
Air India,Delhi,Cochin,2,9653.0,1595,6,6,2019,16,40,19,15,6,7,2019
IndiGo,Mumbai,Hyderabad,0,3342.0,85,18,3,2019,6,20,7,45,18,3,2019
Multiple carriers,Delhi,Cochin,1,8073.0,930,18,5,2019,10,0,1,30,19,5,2019
Jet Airways,Kolkata,Banglore,1,7064.0,855,4,1,2019,6,30,20,45,4,1,2019
Jet Airways,Delhi,Cochin,2,13376.0,1320,27,6,2019,14,35,12,35,28,6,2019
Multiple carriers,Delhi,Cochin,1,15135.0,625,3,6,2019,8,25,18,50,3,6,2019
Air India,Kolkata,Banglore,1,10413.0,625,24,5,2019,10,0,20,25,24,5,2019
Vistara,Kolkata,Banglore,1,9187.0,865,5,1,2019,20,20,10,45,5,2,2019
Jet Airways,Delhi,Cochin,2,13292.0,1620,6,1,2019,9,35,12,35,6,2,2019
IndiGo,Delhi,Cochin,1,6674.0,515,3,9,2019,7,35,16,10,3,9,2019
IndiGo,Delhi,Cochin,1,8330.0,480,5,9,2019,17,30,1,30,5,10,2019
Multiple carriers,Delhi,Cochin,1,11200.0,740,6,1,2019,6,40,19,0,6,1,2019
Jet Airways,Delhi,Cochin,1,10262.0,1595,6,3,2019,10,0,12,35,6,4,2019
Vistara,Delhi,Cochin,0,6216.0,190,15,4,2019,14,40,17,50,15,4,2019
Jet Airways,Kolkata,Banglore,1,10844.0,1430,18,5,2019,20,0,19,50,19,5,2019
Jet Airways,Kolkata,Banglore,1,11134.0,1515,24,3,2019,16,55,18,10,25,3,2019
IndiGo,Chennai,Kolkata,0,5277.0,140,18,6,2019,22,5,0,25,19,6,2019
Jet Airways,Delhi,Cochin,2,14300.0,1705,27,6,2019,8,10,12,35,28,6,2019
Jet Airways,Banglore,Delhi,1,17471.0,1290,3,6,2019,22,50,20,20,3,7,2019
Jet Airways,Kolkata,Banglore,1,10844.0,730,21,5,2019,21,10,9,20,22,5,2019
SpiceJet,Banglore,Delhi,0,5469.0,170,15,3,2019,5,45,8,35,15,3,2019
Jet Airways,Delhi,Cochin,1,10262.0,1355,6,9,2019,14,0,12,35,6,10,2019
SpiceJet,Delhi,Cochin,1,7185.0,375,3,6,2019,16,35,22,50,3,6,2019
Air Asia,Kolkata,Banglore,0,3807.0,150,18,6,2019,19,55,22,25,18,6,2019
Jet Airways,Delhi,Cochin,1,14714.0,655,6,1,2019,17,30,4,25,6,2,2019
Vistara,Kolkata,Banglore,1,8610.0,790,5,6,2019,7,10,20,20,5,6,2019
Jet Airways,Delhi,Cochin,1,17234.0,705,3,6,2019,7,5,18,50,3,6,2019
Multiple carriers,Delhi,Cochin,3,15629.0,565,6,12,2019,11,35,21,0,6,12,2019
Multiple carriers,Delhi,Cochin,2,6128.0,855,27,3,2019,7,5,21,20,27,3,2019
Jet Airways,Delhi,Cochin,1,16289.0,745,3,9,2019,16,0,4,25,3,10,2019
Jet Airways,Delhi,Cochin,2,15129.0,810,5,9,2019,5,30,19,0,5,9,2019
Jet Airways,Banglore,Delhi,1,7832.0,1220,21,3,2019,14,5,10,25,19,3,2019
Jet Airways,Banglore,Delhi,1,22270.0,490,3,1,2019,8,0,16,10,3,1,2019
Jet Airways,Kolkata,Banglore,1,11467.0,1005,5,1,2019,17,0,9,45,5,2,2019
IndiGo,Mumbai,Hyderabad,0,4392.0,90,5,9,2019,19,5,20,35,5,9,2019
SpiceJet,Kolkata,Banglore,0,4491.0,150,5,6,2019,17,10,19,40,5,6,2019
Jet Airways,Kolkata,Banglore,1,9663.0,730,18,5,2019,21,10,9,20,19,5,2019
IndiGo,Delhi,Cochin,1,5883.0,415,27,6,2019,18,35,1,30,28,6,2019
Air India,Delhi,Cochin,1,14777.0,760,3,3,2019,19,0,7,40,3,4,2019
Air Asia,Kolkata,Banglore,1,5162.0,220,21,5,2019,6,50,10,30,21,5,2019
IndiGo,Kolkata,Banglore,0,4804.0,160,6,1,2019,21,25,0,5,6,2,2019
Jet Airways,Kolkata,Banglore,1,8529.0,1315,6,12,2019,14,5,12,0,13,6,2019
Jet Airways,Kolkata,Banglore,1,10844.0,590,6,9,2019,6,30,16,20,6,9,2019
SpiceJet,Kolkata,Banglore,0,3873.0,155,4,9,2019,6,55,9,30,4,9,2019
IndiGo,Kolkata,Banglore,0,4804.0,165,6,12,2019,9,35,12,20,6,12,2019
Jet Airways,Mumbai,Hyderabad,0,5678.0,85,5,12,2019,2,55,4,20,5,12,2019
Jet Airways,Kolkata,Banglore,1,12681.0,705,4,1,2019,6,30,18,15,4,1,2019
Jet Airways,Banglore,Delhi,1,9623.0,390,15,3,2019,5,50,12,20,15,3,2019
Multiple carriers,Delhi,Cochin,1,15147.0,725,3,3,2019,8,55,21,0,3,3,2019
Vistara,Kolkata,Banglore,1,9345.0,975,24,5,2019,7,10,23,25,24,5,2019
Jet Airways,Kolkata,Banglore,1,7757.0,910,5,6,2019,18,55,10,5,5,7,2019
Jet Airways,Kolkata,Banglore,1,10844.0,1170,5,12,2019,16,30,12,0,13,5,2019
Air India,Banglore,Delhi,2,11948.0,2105,3,3,2019,11,5,22,10,3,7,2019
Jet Airways,Delhi,Cochin,2,13376.0,1790,27,6,2019,6,45,12,35,28,6,2019
Air India,Kolkata,Banglore,1,6117.0,580,15,5,2019,19,0,4,40,16,5,2019
IndiGo,Delhi,Cochin,1,6171.0,675,3,6,2019,4,55,16,10,3,6,2019
Jet Airways,Kolkata,Banglore,1,13626.0,345,6,12,2019,14,5,19,50,6,12,2019
Jet Airways,Banglore,Delhi,1,17471.0,1305,3,6,2019,21,25,19,10,3,7,2019
Multiple carriers,Delhi,Cochin,1,7531.0,535,21,3,2019,10,20,19,15,21,3,2019
Jet Airways,Delhi,Cochin,1,12373.0,805,5,9,2019,15,0,4,25,5,10,2019
Jet Airways,Delhi,Cochin,1,16289.0,330,27,5,2019,7,5,12,35,27,5,2019
IndiGo,Banglore,Delhi,0,4777.0,170,24,3,2019,10,10,13,0,24,3,2019
Jet Airways,Banglore,Delhi,0,5198.0,180,21,4,2019,8,20,11,20,21,4,2019
Jet Airways,Kolkata,Banglore,1,10844.0,570,6,6,2019,14,5,23,35,6,6,2019
Air India,Banglore,Delhi,0,7171.0,165,18,5,2019,17,0,19,45,18,5,2019
Air India,Delhi,Cochin,2,11942.0,1470,27,6,2019,18,45,19,15,28,6,2019
IndiGo,Banglore,Delhi,0,4423.0,170,27,4,2019,10,30,13,20,27,4,2019
Vistara,Delhi,Cochin,0,5586.0,175,18,3,2019,14,55,17,50,18,3,2019
Jet Airways,Kolkata,Banglore,1,11134.0,1145,24,3,2019,16,55,12,0,25,3,2019
Air Asia,Banglore,Delhi,0,4284.0,170,24,3,2019,5,50,8,40,24,3,2019
Air India,Kolkata,Banglore,0,6245.0,150,5,1,2019,14,15,16,45,5,1,2019
SpiceJet,Banglore,Delhi,1,10341.0,475,15,3,2019,10,20,18,15,15,3,2019
SpiceJet,Banglore,Delhi,0,6860.0,170,3,3,2019,5,45,8,35,3,3,2019
Air India,Mumbai,Hyderabad,0,2050.0,75,4,3,2019,19,30,20,45,4,3,2019
Multiple carriers,Delhi,Cochin,1,5797.0,465,24,6,2019,17,45,1,30,25,6,2019
IndiGo,Banglore,Delhi,0,7648.0,180,3,9,2019,8,30,11,30,3,9,2019
Air India,Banglore,Delhi,0,8851.0,165,15,3,2019,21,10,23,55,15,3,2019
Air India,Kolkata,Banglore,2,13007.0,1165,6,6,2019,10,0,5,25,6,7,2019
Jet Airways,Kolkata,Banglore,1,13067.0,1450,24,5,2019,9,35,9,45,25,5,2019
IndiGo,Banglore,Delhi,1,4049.0,295,18,3,2019,16,55,21,50,18,3,2019
Jet Airways,Kolkata,Banglore,1,12692.0,1500,6,12,2019,17,0,18,0,13,6,2019
Air India,Chennai,Kolkata,0,4667.0,135,5,9,2019,11,40,13,55,5,9,2019
Multiple carriers,Delhi,Cochin,2,8938.0,850,3,3,2019,7,10,21,20,3,3,2019
IndiGo,Delhi,Cochin,1,10208.0,480,21,3,2019,7,30,15,30,21,3,2019
Multiple carriers,Delhi,Cochin,1,7354.0,470,6,3,2019,11,25,19,15,6,3,2019
Air India,Banglore,Delhi,0,5438.0,165,21,4,2019,17,0,19,45,21,4,2019
Air Asia,Kolkata,Banglore,0,4107.0,150,24,5,2019,22,50,1,20,25,5,2019
Jet Airways,Kolkata,Banglore,1,11134.0,975,24,3,2019,19,45,12,0,25,3,2019
Jet Airways,Delhi,Cochin,1,10262.0,940,15,6,2019,20,55,12,35,16,6,2019
Air India,Kolkata,Banglore,2,14083.0,1100,24,5,2019,7,0,1,20,25,5,2019
Vistara,Kolkata,Banglore,1,9345.0,975,6,9,2019,7,10,23,25,6,9,2019
Jet Airways,Delhi,Cochin,1,12373.0,1145,5,9,2019,17,30,12,35,5,10,2019
Multiple carriers,Delhi,Cochin,1,10196.0,570,15,6,2019,16,0,1,30,16,6,2019
IndiGo,Delhi,Cochin,1,5947.0,300,15,4,2019,16,0,21,0,15,4,2019
Jet Airways,Kolkata,Banglore,1,13044.0,1155,6,12,2019,14,5,9,20,13,6,2019
Jet Airways,Kolkata,Banglore,1,9663.0,1655,18,5,2019,5,45,9,20,19,5,2019
Jet Airways,Banglore,Delhi,1,27992.0,875,3,1,2019,5,45,20,20,3,1,2019
IndiGo,Kolkata,Banglore,1,7476.0,280,24,3,2019,15,10,19,50,24,3,2019
Air India,Kolkata,Banglore,1,10413.0,805,6,9,2019,7,0,20,25,6,9,2019
Multiple carriers,Delhi,Cochin,1,10261.0,455,6,1,2019,11,40,19,15,6,1,2019
Jet Airways,Kolkata,Banglore,1,14151.0,840,6,6,2019,9,35,23,35,6,6,2019
Air India,Banglore,Delhi,0,5176.0,165,4,6,2019,6,10,8,55,4,6,2019
Jet Airways,Delhi,Cochin,1,14714.0,1105,6,6,2019,10,0,4,25,6,7,2019
Jet Airways,Kolkata,Banglore,1,9314.0,1285,15,5,2019,17,0,14,25,16,5,2019
Jet Airways,Delhi,Cochin,1,14714.0,395,24,6,2019,21,50,4,25,25,6,2019
Multiple carriers,Delhi,Cochin,1,12192.0,660,6,6,2019,8,0,19,0,6,6,2019
SpiceJet,Mumbai,Hyderabad,0,1759.0,90,4,3,2019,22,45,0,15,4,2,2019
IndiGo,Delhi,Cochin,1,4744.0,320,27,3,2019,2,5,7,25,27,3,2019
Jet Airways,Banglore,Delhi,0,7229.0,180,21,5,2019,19,50,22,50,21,5,2019
Jet Airways,Delhi,Cochin,1,15029.0,1685,3,9,2019,0,20,4,25,3,10,2019
IndiGo,Kolkata,Banglore,0,4462.0,160,15,3,2019,20,25,23,5,15,3,2019
SpiceJet,Chennai,Kolkata,0,6300.0,135,3,12,2019,8,20,10,35,3,12,2019
Air India,Mumbai,Hyderabad,0,2575.0,75,21,3,2019,19,30,20,45,21,3,2019
Jet Airways,Banglore,Delhi,1,11087.0,1455,3,12,2019,18,55,19,10,13,3,2019
Multiple carriers,Delhi,Cochin,1,6305.0,560,27,3,2019,4,0,13,20,27,3,2019
Vistara,Banglore,Delhi,0,8290.0,160,3,9,2019,19,40,22,20,3,9,2019
Jet Airways,Banglore,Delhi,0,5769.0,180,18,6,2019,7,10,10,10,18,6,2019
IndiGo,Banglore,Delhi,0,4990.0,180,4,12,2019,21,15,0,15,13,4,2019
Air Asia,Banglore,Delhi,0,6135.0,165,3,3,2019,23,25,2,10,3,4,2019
IndiGo,Delhi,Cochin,1,5733.0,345,27,3,2019,2,0,7,45,27,3,2019
Multiple carriers,Delhi,Cochin,1,7670.0,900,15,5,2019,6,0,21,0,15,5,2019
Jet Airways,Delhi,Cochin,2,12819.0,1430,27,6,2019,19,10,19,0,28,6,2019
IndiGo,Banglore,Delhi,0,4823.0,170,5,3,2019,20,0,22,50,5,3,2019
IndiGo,Delhi,Cochin,1,6979.0,965,5,9,2019,4,55,21,0,5,9,2019
Air India,Kolkata,Banglore,1,10493.0,545,24,3,2019,9,25,18,30,24,3,2019
Air India,Delhi,Cochin,2,16111.0,1395,3,9,2019,20,0,19,15,3,10,2019
Air India,Delhi,Cochin,2,10651.0,1275,6,9,2019,22,0,19,15,6,10,2019
IndiGo,Delhi,Cochin,1,6600.0,665,27,5,2019,5,5,16,10,27,5,2019
Jet Airways,Delhi,Cochin,2,10919.0,1320,6,12,2019,14,35,12,35,13,6,2019
IndiGo,Kolkata,Banglore,0,5198.0,165,21,3,2019,10,10,12,55,21,3,2019
Air India,Banglore,Delhi,2,12778.0,1890,3,12,2019,8,50,16,20,13,3,2019
IndiGo,Mumbai,Hyderabad,0,2754.0,85,27,3,2019,19,5,20,30,27,3,2019
Jet Airways,Delhi,Cochin,2,15129.0,1195,5,9,2019,23,5,19,0,5,10,2019
IndiGo,Delhi,Cochin,1,7255.0,305,5,9,2019,20,25,1,30,5,10,2019
Multiple carriers,Delhi,Cochin,1,14486.0,375,21,3,2019,7,5,13,20,21,3,2019
GoAir,Delhi,Cochin,1,6591.0,355,21,4,2019,7,0,12,55,21,4,2019
SpiceJet,Banglore,Delhi,0,3573.0,175,21,5,2019,21,10,0,5,22,5,2019
Jet Airways,Delhi,Cochin,1,10262.0,1295,6,1,2019,15,0,12,35,6,2,2019
Jet Airways,Kolkata,Banglore,1,14388.0,910,15,5,2019,18,55,10,5,16,5,2019
Jet Airways,Delhi,Cochin,1,14714.0,1530,6,3,2019,17,30,19,0,6,4,2019
Jet Airways,Delhi,Cochin,2,10368.0,1025,6,12,2019,19,30,12,35,13,6,2019
SpiceJet,Chennai,Kolkata,0,3384.0,155,21,3,2019,9,30,12,5,21,3,2019
Air India,Kolkata,Banglore,1,7742.0,1540,24,3,2019,12,0,13,40,25,3,2019
IndiGo,Delhi,Cochin,1,6386.0,345,6,9,2019,2,0,7,45,6,9,2019
Jet Airways,Banglore,Delhi,0,7229.0,185,6,6,2019,18,55,22,0,6,6,2019
Air India,Kolkata,Banglore,1,8891.0,545,5,6,2019,9,25,18,30,5,6,2019
Multiple carriers,Delhi,Cochin,1,13587.0,480,6,1,2019,13,0,21,0,6,1,2019
IndiGo,Delhi,Cochin,1,8227.0,350,27,3,2019,7,30,13,20,27,3,2019
Air India,Kolkata,Banglore,2,12125.0,805,4,1,2019,9,50,23,15,4,1,2019
SpiceJet,Kolkata,Banglore,0,3873.0,140,15,6,2019,22,20,0,40,16,6,2019
Multiple carriers,Delhi,Cochin,1,13377.0,570,6,12,2019,16,0,1,30,13,6,2019
Jet Airways,Kolkata,Banglore,1,10953.0,1630,5,12,2019,20,25,23,35,13,5,2019
SpiceJet,Kolkata,Banglore,0,4622.0,160,3,9,2019,6,55,9,35,3,9,2019
Jet Airways,Kolkata,Banglore,1,14231.0,1210,24,3,2019,13,55,10,5,25,3,2019
Jet Airways,Delhi,Cochin,1,10262.0,1270,24,6,2019,21,50,19,0,25,6,2019
IndiGo,Banglore,Delhi,0,3943.0,170,15,4,2019,22,10,1,0,16,4,2019
Vistara,Kolkata,Banglore,1,8610.0,1440,5,12,2019,20,20,20,20,13,5,2019
Multiple carriers,Delhi,Cochin,1,6717.0,915,21,3,2019,7,5,22,20,21,3,2019
Multiple carriers,Delhi,Cochin,1,10877.0,630,24,6,2019,8,30,19,0,24,6,2019
IndiGo,Kolkata,Banglore,1,4775.0,290,5,1,2019,15,15,20,5,5,1,2019
Jet Airways,Kolkata,Banglore,1,14571.0,365,6,9,2019,16,30,22,35,6,9,2019
SpiceJet,Banglore,Delhi,0,6205.0,175,24,3,2019,9,35,12,30,24,3,2019
Jet Airways,Kolkata,Banglore,1,14151.0,1295,18,5,2019,20,25,18,0,19,5,2019
Multiple carriers,Delhi,Cochin,1,6637.0,560,27,3,2019,11,40,21,0,27,3,2019
Air India,Banglore,Delhi,2,12074.0,1640,3,3,2019,7,30,10,50,3,7,2019
IndiGo,Kolkata,Banglore,0,4804.0,155,21,6,2019,11,30,14,5,21,6,2019
IndiGo,Kolkata,Banglore,1,7252.0,315,5,6,2019,21,0,2,15,5,7,2019
IndiGo,Delhi,Cochin,1,6069.0,275,6,3,2019,7,35,12,10,6,3,2019
Jet Airways,Delhi,Cochin,1,15554.0,450,5,9,2019,11,30,19,0,5,9,2019
IndiGo,Chennai,Kolkata,0,3850.0,165,18,5,2019,15,40,18,25,18,5,2019
Air India,Delhi,Cochin,2,12940.0,1470,18,5,2019,18,45,19,15,19,5,2019
SpiceJet,Kolkata,Banglore,1,8844.0,435,5,1,2019,11,15,18,30,5,1,2019
Jet Airways,Delhi,Cochin,1,15190.0,715,6,12,2019,7,5,19,0,6,12,2019
Jet Airways,Banglore,Delhi,1,9134.0,490,15,3,2019,8,0,16,10,15,3,2019
Jet Airways,Delhi,Cochin,1,11822.0,940,4,9,2019,20,55,12,35,4,10,2019
Multiple carriers,Delhi,Cochin,1,15078.0,630,5,9,2019,15,0,1,30,5,10,2019
SpiceJet,Mumbai,Hyderabad,0,11005.0,85,3,1,2019,22,45,0,10,3,2,2019
IndiGo,Delhi,Cochin,1,7006.0,635,21,3,2019,15,0,1,35,22,3,2019
IndiGo,Banglore,Delhi,1,4259.0,295,3,9,2019,16,55,21,50,3,9,2019
Air India,Delhi,Cochin,2,11762.0,1305,3,9,2019,21,30,19,15,3,10,2019
Jet Airways,Banglore,Delhi,1,8147.0,1445,24,3,2019,8,55,9,0,19,3,2019
SpiceJet,Kolkata,Banglore,0,3841.0,155,27,5,2019,6,55,9,30,27,5,2019
IndiGo,Kolkata,Banglore,0,4174.0,155,4,3,2019,17,15,19,50,4,3,2019
Jet Airways,Delhi,Cochin,1,12898.0,655,27,5,2019,17,30,4,25,28,5,2019
SpiceJet,Delhi,Cochin,1,5583.0,380,6,6,2019,15,45,22,5,6,6,2019
Jet Airways,Delhi,Cochin,1,10262.0,450,6,6,2019,11,30,19,0,6,6,2019
Jet Airways,Banglore,Delhi,0,7229.0,165,5,6,2019,6,0,8,45,5,6,2019
Jet Airways,Delhi,Cochin,2,15129.0,1375,21,5,2019,5,30,4,25,22,5,2019
Vistara,Banglore,Delhi,0,4668.0,170,6,9,2019,21,0,23,50,6,9,2019
IndiGo,Banglore,Delhi,0,4990.0,175,18,4,2019,18,25,21,20,18,4,2019
IndiGo,Kolkata,Banglore,0,6985.0,165,24,3,2019,22,10,0,55,25,3,2019
IndiGo,Banglore,Delhi,0,4823.0,180,4,3,2019,16,55,19,55,4,3,2019
Vistara,Kolkata,Banglore,1,9345.0,700,18,5,2019,7,10,18,50,18,5,2019
Jet Airways,Kolkata,Banglore,1,10844.0,1575,15,5,2019,14,5,16,20,16,5,2019
Jet Airways,Delhi,Cochin,2,14657.0,1620,5,9,2019,9,35,12,35,5,10,2019
IndiGo,Delhi,Cochin,1,6818.0,665,6,3,2019,5,5,16,10,6,3,2019
Air India,Delhi,Cochin,2,11543.0,1545,15,5,2019,5,55,7,40,16,5,2019
SpiceJet,Mumbai,Hyderabad,0,2175.0,85,24,3,2019,22,45,0,10,25,3,2019
Jet Airways,Kolkata,Banglore,1,10844.0,1285,6,6,2019,18,55,16,20,6,7,2019
Jet Airways,Mumbai,Hyderabad,0,8040.0,85,4,1,2019,7,5,8,30,4,1,2019
Jet Airways,Kolkata,Banglore,1,14571.0,740,6,6,2019,8,25,20,45,6,6,2019
Jet Airways,Kolkata,Banglore,1,14571.0,330,6,9,2019,6,30,12,0,6,9,2019
Jet Airways,Delhi,Cochin,1,12898.0,1235,21,5,2019,16,0,12,35,22,5,2019
Multiple carriers,Delhi,Cochin,1,14848.0,555,6,12,2019,10,0,19,15,6,12,2019
Multiple carriers,Delhi,Cochin,1,8283.0,390,18,5,2019,19,0,1,30,19,5,2019
Jet Airways,Banglore,Delhi,0,7229.0,175,21,4,2019,15,15,18,10,21,4,2019
Multiple carriers,Delhi,Cochin,1,8405.0,830,18,5,2019,11,40,1,30,19,5,2019
Jet Airways,Delhi,Cochin,2,19266.0,1365,3,3,2019,5,40,4,25,3,4,2019
Air India,Delhi,Cochin,1,11038.0,875,3,6,2019,17,40,8,15,3,7,2019
Jet Airways,Banglore,Delhi,0,8016.0,185,6,12,2019,18,55,22,0,6,12,2019
SpiceJet,Chennai,Kolkata,0,3384.0,140,21,3,2019,17,45,20,5,21,3,2019
IndiGo,Delhi,Cochin,1,6573.0,415,4,9,2019,18,35,1,30,4,10,2019
Jet Airways,Delhi,Cochin,2,12819.0,1195,24,6,2019,23,5,19,0,25,6,2019
Jet Airways,Delhi,Cochin,2,15129.0,1125,21,5,2019,9,40,4,25,22,5,2019
IndiGo,Banglore,Delhi,0,3943.0,170,27,6,2019,23,30,2,20,28,6,2019
Jet Airways,Banglore,Delhi,1,7832.0,805,24,3,2019,22,50,12,15,19,3,2019
IndiGo,Banglore,Delhi,0,6860.0,175,24,3,2019,7,10,10,5,24,3,2019
IndiGo,Banglore,Delhi,0,4823.0,175,5,12,2019,18,25,21,20,5,12,2019
Air India,Banglore,Delhi,0,5228.0,165,5,6,2019,17,0,19,45,5,6,2019
Jet Airways,Kolkata,Banglore,1,13364.0,345,4,1,2019,14,5,19,50,4,1,2019
Jet Airways,Banglore,Delhi,1,13555.0,885,18,3,2019,16,55,7,40,16,3,2019
IndiGo,Chennai,Kolkata,0,5277.0,140,3,6,2019,22,5,0,25,3,7,2019
Air India,Kolkata,Banglore,2,13243.0,1100,5,12,2019,7,0,1,20,13,5,2019
Multiple carriers,Delhi,Cochin,1,9794.0,780,5,9,2019,6,0,19,0,5,9,2019
Jet Airways,Banglore,Delhi,0,8016.0,165,6,6,2019,6,0,8,45,6,6,2019
Multiple carriers,Delhi,Cochin,1,13377.0,480,6,1,2019,17,30,1,30,6,2,2019
Jet Airways,Kolkata,Banglore,1,12692.0,1745,6,9,2019,17,0,22,5,6,10,2019
Air India,Kolkata,Banglore,2,10697.0,610,6,6,2019,8,20,18,30,6,6,2019
SpiceJet,Chennai,Kolkata,0,3384.0,155,27,3,2019,9,30,12,5,27,3,2019
IndiGo,Delhi,Cochin,1,6734.0,940,5,9,2019,6,50,22,30,5,9,2019
Jet Airways,Kolkata,Banglore,1,10844.0,800,6,6,2019,20,0,9,20,6,7,2019
Air India,Banglore,Delhi,0,5228.0,170,24,5,2019,21,5,23,55,24,5,2019
Air India,Kolkata,Banglore,1,8891.0,1545,24,5,2019,9,25,11,10,25,5,2019
IndiGo,Chennai,Kolkata,0,3384.0,140,27,3,2019,7,55,10,15,27,3,2019
Multiple carriers,Delhi,Cochin,1,17057.0,780,3,3,2019,8,0,21,0,3,3,2019
IndiGo,Kolkata,Banglore,1,3480.0,265,4,3,2019,19,20,23,45,4,3,2019
SpiceJet,Banglore,Delhi,0,4423.0,170,5,3,2019,9,30,12,20,5,3,2019
Jet Airways,Kolkata,Banglore,1,14178.0,1330,6,9,2019,6,30,4,40,6,10,2019
SpiceJet,Delhi,Cochin,1,4760.0,270,24,6,2019,8,45,13,15,24,6,2019
Jet Airways,Kolkata,Banglore,1,14151.0,800,4,1,2019,20,25,9,45,4,2,2019
Jet Airways,Kolkata,Banglore,1,12681.0,1220,4,1,2019,20,0,16,20,4,2,2019
Jet Airways,Delhi,Cochin,0,4886.0,195,4,3,2019,11,0,14,15,4,3,2019
Air Asia,Kolkata,Banglore,0,3807.0,155,21,6,2019,10,20,12,55,21,6,2019
IndiGo,Kolkata,Banglore,0,4804.0,155,18,5,2019,4,40,7,15,18,5,2019
IndiGo,Banglore,Delhi,1,5694.0,290,3,9,2019,7,30,12,20,3,9,2019
Multiple carriers,Delhi,Cochin,1,10197.0,600,24,5,2019,9,0,19,0,24,5,2019
IndiGo,Banglore,Delhi,0,4077.0,170,15,6,2019,23,30,2,20,16,6,2019
Jet Airways,Kolkata,Banglore,1,14781.0,705,5,1,2019,6,30,18,15,5,1,2019
IndiGo,Kolkata,Banglore,0,5224.0,155,5,9,2019,11,30,14,5,5,9,2019
IndiGo,Kolkata,Banglore,0,4804.0,160,24,4,2019,21,25,0,5,25,4,2019
Jet Airways,Kolkata,Banglore,1,8586.0,1330,21,5,2019,6,30,4,40,22,5,2019
Air India,Kolkata,Banglore,1,7662.0,1515,21,5,2019,12,0,13,15,22,5,2019
Jet Airways,Delhi,Cochin,1,18550.0,535,3,3,2019,9,55,18,50,3,3,2019
Vistara,Kolkata,Banglore,1,8610.0,385,6,12,2019,17,0,23,25,6,12,2019
Jet Airways,Banglore,Delhi,0,7229.0,180,5,1,2019,7,10,10,10,5,1,2019
Air India,Kolkata,Banglore,2,12009.0,1165,6,6,2019,10,0,5,25,6,7,2019
Jet Airways,Kolkata,Banglore,1,14151.0,1685,18,5,2019,17,0,21,5,19,5,2019
Air India,Delhi,Cochin,0,4729.0,170,4,9,2019,5,10,8,0,4,9,2019
Air India,Delhi,Cochin,0,7931.0,170,3,3,2019,5,10,8,0,3,3,2019
Jet Airways,Delhi,Cochin,1,12898.0,1505,21,5,2019,11,30,12,35,22,5,2019
Jet Airways,Delhi,Cochin,1,16289.0,1295,3,9,2019,6,50,4,25,3,10,2019
Jet Airways,Delhi,Cochin,2,13292.0,1295,6,3,2019,21,25,19,0,6,4,2019
Multiple carriers,Delhi,Cochin,1,7618.0,780,27,5,2019,8,0,21,0,27,5,2019
Multiple carriers,Delhi,Cochin,1,13377.0,435,15,6,2019,18,15,1,30,16,6,2019
Air Asia,Kolkata,Banglore,1,5192.0,955,6,12,2019,7,35,23,30,6,12,2019
Multiple carriers,Delhi,Cochin,1,7268.0,455,24,6,2019,11,40,19,15,24,6,2019
Jet Airways,Kolkata,Banglore,1,12384.0,800,24,5,2019,20,25,9,45,25,5,2019
IndiGo,Banglore,Delhi,0,5694.0,170,15,3,2019,4,0,6,50,15,3,2019
Jet Airways,Banglore,Delhi,2,16338.0,420,18,3,2019,8,55,15,55,18,3,2019
Multiple carriers,Delhi,Cochin,1,7198.0,750,6,6,2019,13,0,1,30,6,7,2019
Jet Airways,Delhi,Cochin,1,6540.0,650,21,3,2019,8,0,18,50,21,3,2019
Jet Airways,Mumbai,Hyderabad,0,3210.0,90,6,3,2019,19,35,21,5,6,3,2019
SpiceJet,Kolkata,Banglore,0,3873.0,155,18,6,2019,6,55,9,30,18,6,2019
Air Asia,Banglore,Delhi,0,4483.0,165,21,4,2019,11,10,13,55,21,4,2019
Air Asia,Delhi,Cochin,1,6752.0,340,15,5,2019,16,45,22,25,15,5,2019
IndiGo,Banglore,Delhi,0,4823.0,175,4,12,2019,7,10,10,5,4,12,2019
Air India,Kolkata,Banglore,1,10203.0,745,5,6,2019,20,30,8,55,5,7,2019
SpiceJet,Kolkata,Banglore,0,3873.0,140,18,5,2019,22,20,0,40,19,5,2019
SpiceJet,Mumbai,Hyderabad,0,2017.0,80,27,3,2019,13,10,14,30,27,3,2019
Jet Airways,Kolkata,Banglore,1,8586.0,1215,6,6,2019,8,25,4,40,6,7,2019
Jet Airways,Banglore,Delhi,1,31825.0,695,3,1,2019,22,50,10,25,3,2,2019
Air India,Kolkata,Banglore,2,16057.0,1665,15,5,2019,10,0,13,45,16,5,2019
Jet Airways,Delhi,Cochin,1,10262.0,1570,6,6,2019,2,15,4,25,6,7,2019
IndiGo,Delhi,Cochin,1,6593.0,305,6,1,2019,20,25,1,30,6,2,2019
SpiceJet,Banglore,Delhi,0,3971.0,175,24,6,2019,21,10,0,5,25,6,2019
Jet Airways,Delhi,Cochin,1,16289.0,1415,3,9,2019,19,15,18,50,3,10,2019
Jet Airways,Kolkata,Banglore,1,9314.0,1450,5,1,2019,9,35,9,45,5,2,2019
Jet Airways,Banglore,Delhi,0,4030.0,180,21,5,2019,17,45,20,45,21,5,2019
Multiple carriers,Delhi,Cochin,1,13587.0,420,6,12,2019,14,0,21,0,6,12,2019
Jet Airways,Kolkata,Banglore,1,9314.0,1295,5,1,2019,20,25,18,0,5,2,2019
Air Asia,Delhi,Cochin,1,6253.0,625,15,6,2019,20,45,7,10,16,6,2019
Air Asia,Kolkata,Banglore,1,5192.0,955,15,4,2019,7,35,23,30,15,4,2019
Air India,Kolkata,Banglore,2,16372.0,1700,5,1,2019,9,25,13,45,5,2,2019
Vistara,Banglore,Delhi,0,5403.0,170,24,4,2019,11,30,14,20,24,4,2019
Multiple carriers,Delhi,Cochin,1,11200.0,440,27,3,2019,11,30,18,50,27,3,2019
IndiGo,Chennai,Kolkata,0,3858.0,145,6,12,2019,11,35,14,0,6,12,2019
IndiGo,Kolkata,Banglore,0,4174.0,155,4,6,2019,15,30,18,5,4,6,2019
Air India,Delhi,Cochin,0,5411.0,185,27,4,2019,18,5,21,10,27,4,2019
IndiGo,Mumbai,Hyderabad,0,3175.0,90,15,5,2019,16,55,18,25,15,5,2019
IndiGo,Chennai,Kolkata,0,3858.0,140,24,5,2019,14,45,17,5,24,5,2019
Jet Airways,Kolkata,Banglore,1,13941.0,520,5,1,2019,20,0,4,40,5,2,2019
Air India,Delhi,Cochin,2,12182.0,1800,15,6,2019,13,15,19,15,16,6,2019
IndiGo,Banglore,Delhi,0,4990.0,180,21,6,2019,16,55,19,55,21,6,2019
Jet Airways,Kolkata,Banglore,1,10539.0,1540,6,9,2019,20,25,22,5,6,10,2019
IndiGo,Banglore,Delhi,0,6860.0,175,3,9,2019,10,5,13,0,3,9,2019
Vistara,Delhi,Cochin,0,8001.0,175,3,6,2019,14,55,17,50,3,6,2019
Jet Airways,Delhi,Cochin,1,10262.0,1210,27,6,2019,22,50,19,0,28,6,2019
Vistara,Kolkata,Banglore,1,8085.0,385,5,6,2019,17,0,23,25,5,6,2019
IndiGo,Banglore,Delhi,0,3419.0,170,27,6,2019,0,25,3,15,27,6,2019
Air India,Kolkata,Banglore,2,15164.0,1665,5,1,2019,10,0,13,45,5,2,2019
IndiGo,Kolkata,Banglore,0,6565.0,165,24,3,2019,17,15,20,0,24,3,2019
Jet Airways,Delhi,Cochin,2,9254.0,805,27,3,2019,5,25,18,50,27,3,2019
Air Asia,Kolkata,Banglore,1,6857.0,220,6,6,2019,6,50,10,30,6,6,2019
Air India,Kolkata,Banglore,2,12140.0,1100,5,12,2019,7,0,1,20,13,5,2019
SpiceJet,Kolkata,Banglore,0,3841.0,145,6,6,2019,9,0,11,25,6,6,2019
Jet Airways,Kolkata,Banglore,1,14781.0,685,5,6,2019,8,25,19,50,5,6,2019
Air India,Delhi,Cochin,1,8372.0,1300,18,5,2019,10,0,7,40,19,5,2019
Air India,Kolkata,Banglore,3,8607.0,1830,4,1,2019,16,45,23,15,4,2,2019
Multiple carriers,Delhi,Cochin,1,13587.0,660,24,6,2019,10,0,21,0,24,6,2019
Jet Airways,Delhi,Cochin,1,15554.0,450,18,5,2019,20,55,4,25,19,5,2019
Jet Airways,Kolkata,Banglore,1,10844.0,1360,21,5,2019,21,10,19,50,22,5,2019
IndiGo,Mumbai,Hyderabad,0,4392.0,90,24,5,2019,12,0,13,30,24,5,2019
Air India,Banglore,Delhi,0,6961.0,165,27,5,2019,17,0,19,45,27,5,2019
Air India,Delhi,Cochin,1,8907.0,795,18,5,2019,9,45,23,0,18,5,2019
IndiGo,Delhi,Cochin,1,6442.0,835,15,6,2019,8,35,22,30,15,6,2019
Jet Airways,Kolkata,Banglore,1,8586.0,570,15,5,2019,14,5,23,35,15,5,2019
Air India,Delhi,Cochin,2,13486.0,1820,15,5,2019,12,55,19,15,16,5,2019
Air India,Mumbai,Hyderabad,0,3100.0,75,6,6,2019,19,30,20,45,6,6,2019
Jet Airways,Delhi,Cochin,2,15812.0,2070,3,6,2019,17,55,4,25,3,8,2019
Air India,Delhi,Cochin,0,5201.0,185,24,4,2019,18,5,21,10,24,4,2019
IndiGo,Delhi,Cochin,2,9413.0,825,3,3,2019,7,35,21,20,3,3,2019
Air India,Delhi,Cochin,2,13591.0,1380,6,6,2019,20,15,19,15,6,7,2019
Jet Airways,Mumbai,Hyderabad,0,5678.0,85,6,1,2019,2,55,4,20,6,1,2019
Air India,Banglore,Delhi,1,6781.0,895,3,3,2019,8,15,23,10,3,3,2019
Jet Airways,Banglore,Delhi,1,7832.0,1005,21,3,2019,18,40,11,25,19,3,2019
Jet Airways,Delhi,Cochin,1,14053.0,1610,3,9,2019,16,0,18,50,3,10,2019
Jet Airways,Kolkata,Banglore,1,10703.0,800,5,9,2019,20,25,9,45,5,10,2019
Multiple carriers,Delhi,Cochin,1,13727.0,480,15,5,2019,17,30,1,30,16,5,2019
Multiple carriers,Delhi,Cochin,1,7408.0,480,24,6,2019,13,0,21,0,24,6,2019
Jet Airways,Banglore,Delhi,1,20800.0,1280,3,1,2019,14,5,11,25,3,2,2019
Air India,Delhi,Cochin,2,11911.0,1100,6,3,2019,13,20,7,40,6,4,2019
Vistara,Banglore,Delhi,0,5403.0,160,4,3,2019,7,0,9,40,4,3,2019
Jet Airways,Kolkata,Banglore,1,13469.0,575,6,6,2019,9,35,19,10,6,6,2019
Jet Airways,Delhi,Cochin,2,11270.0,910,6,6,2019,21,25,12,35,6,7,2019
Air Asia,Delhi,Cochin,1,6152.0,590,24,6,2019,20,45,6,35,25,6,2019
Jet Airways,Delhi,Cochin,1,12452.0,1225,27,3,2019,8,0,4,25,28,3,2019
Jet Airways,Kolkata,Banglore,1,10844.0,1430,15,5,2019,16,30,16,20,16,5,2019
IndiGo,Delhi,Cochin,1,8216.0,635,18,5,2019,11,55,22,30,18,5,2019
Jet Airways,Kolkata,Banglore,1,13626.0,800,6,12,2019,6,30,19,50,6,12,2019
Multiple carriers,Delhi,Cochin,2,7084.0,855,3,6,2019,7,5,21,20,3,6,2019
Multiple carriers,Delhi,Cochin,1,7575.0,860,5,9,2019,4,55,19,15,5,9,2019
Air India,Banglore,Delhi,1,6781.0,1475,3,3,2019,8,15,8,50,3,7,2019
Jet Airways,Banglore,Delhi,0,6478.0,180,6,6,2019,7,10,10,10,6,6,2019
SpiceJet,Mumbai,Hyderabad,0,2385.0,80,15,3,2019,5,45,7,5,15,3,2019
Multiple carriers,Delhi,Cochin,1,9385.0,480,18,5,2019,13,0,21,0,18,5,2019
GoAir,Banglore,Delhi,0,5048.0,175,18,4,2019,7,45,10,40,18,4,2019
IndiGo,Delhi,Cochin,1,5058.0,305,6,12,2019,20,25,1,30,13,6,2019
Multiple carriers Premium economy,Delhi,Cochin,1,11269.0,440,21,3,2019,6,0,13,20,21,3,2019
Multiple carriers,Delhi,Cochin,1,7363.0,390,4,9,2019,19,0,1,30,4,10,2019
Air India,Delhi,Cochin,2,11762.0,1305,3,9,2019,21,30,19,15,3,10,2019
Jet Airways,Delhi,Cochin,1,15764.0,800,3,6,2019,15,5,4,25,3,7,2019
Jet Airways,Delhi,Cochin,1,10262.0,1105,6,12,2019,10,0,4,25,13,6,2019
Jet Airways,Delhi,Cochin,2,10919.0,1320,6,3,2019,14,35,12,35,6,4,2019
Jet Airways,Delhi,Cochin,1,10262.0,1530,15,6,2019,17,30,19,0,16,6,2019
Air India,Kolkata,Banglore,2,11883.0,1045,5,6,2019,5,50,23,15,5,6,2019
SpiceJet,Kolkata,Banglore,0,3847.0,140,21,3,2019,22,20,0,40,22,3,2019
Jet Airways,Mumbai,Hyderabad,0,5678.0,90,6,12,2019,19,35,21,5,6,12,2019
Vistara,Kolkata,Banglore,1,8662.0,930,5,12,2019,7,10,22,40,5,12,2019
Jet Airways,Delhi,Cochin,1,12898.0,865,27,5,2019,14,0,4,25,28,5,2019
SpiceJet,Banglore,Delhi,0,4423.0,175,5,12,2019,21,10,0,5,13,5,2019
Air India,Delhi,Cochin,1,8991.0,875,6,12,2019,17,40,8,15,13,6,2019
SpiceJet,Delhi,Cochin,1,5409.0,295,15,5,2019,17,55,22,50,15,5,2019
IndiGo,Delhi,Cochin,1,6442.0,455,27,4,2019,8,35,16,10,27,4,2019
Air India,Kolkata,Banglore,2,9941.0,590,24,5,2019,12,0,21,50,24,5,2019
IndiGo,Delhi,Cochin,2,6494.0,880,21,3,2019,6,40,21,20,21,3,2019
Multiple carriers,Delhi,Cochin,1,7198.0,510,24,6,2019,17,0,1,30,25,6,2019
SpiceJet,Banglore,Delhi,0,7110.0,170,3,9,2019,5,45,8,35,3,9,2019
Jet Airways,Banglore,Delhi,1,11087.0,875,3,12,2019,18,55,9,30,13,3,2019
IndiGo,Kolkata,Banglore,0,4804.0,155,5,9,2019,20,20,22,55,5,9,2019
IndiGo,Banglore,Delhi,0,4823.0,175,15,6,2019,7,10,10,5,15,6,2019
Jet Airways,Kolkata,Banglore,1,14151.0,575,5,12,2019,9,35,19,10,5,12,2019
Multiple carriers,Delhi,Cochin,1,10791.0,780,27,6,2019,6,0,19,0,27,6,2019
Vistara,Kolkata,Banglore,1,7980.0,1555,4,1,2019,7,10,9,5,4,2,2019
Air India,Delhi,Cochin,1,6587.0,1535,27,4,2019,5,15,6,50,28,4,2019
Vistara,Chennai,Kolkata,0,3687.0,135,5,6,2019,7,5,9,20,5,6,2019
Air India,Delhi,Cochin,2,13307.0,1470,15,5,2019,18,45,19,15,16,5,2019
Air India,Mumbai,Hyderabad,0,2050.0,85,24,3,2019,15,0,16,25,24,3,2019
Multiple carriers,Delhi,Cochin,1,10197.0,600,5,9,2019,9,0,19,0,5,9,2019
Vistara,Banglore,Delhi,0,4668.0,170,24,6,2019,21,0,23,50,24,6,2019
IndiGo,Banglore,Delhi,0,4990.0,170,24,5,2019,13,0,15,50,24,5,2019
IndiGo,Mumbai,Hyderabad,0,4049.0,90,24,5,2019,6,25,7,55,24,5,2019
Multiple carriers,Delhi,Cochin,1,7933.0,720,15,6,2019,9,0,21,0,15,6,2019
IndiGo,Mumbai,Hyderabad,0,4049.0,90,5,6,2019,9,10,10,40,5,6,2019
Jet Airways,Delhi,Cochin,1,6645.0,1280,27,3,2019,7,5,4,25,28,3,2019
Jet Airways,Mumbai,Hyderabad,0,8040.0,90,18,6,2019,8,45,10,15,18,6,2019
Multiple carriers,Delhi,Cochin,1,8098.0,755,21,3,2019,13,0,1,35,22,3,2019
Jet Airways,Delhi,Cochin,1,10262.0,1005,6,3,2019,2,15,19,0,6,3,2019
Jet Airways,Banglore,Delhi,1,12284.0,780,18,3,2019,18,40,7,40,16,3,2019
Jet Airways,Delhi,Cochin,1,10262.0,1680,6,3,2019,15,0,19,0,6,4,2019
IndiGo,Banglore,Delhi,0,4990.0,170,4,12,2019,20,0,22,50,4,12,2019
Air India,Banglore,Delhi,2,12568.0,1030,18,3,2019,17,25,10,35,16,3,2019
Jet Airways,Kolkata,Banglore,1,11841.0,570,5,6,2019,14,5,23,35,5,6,2019
Jet Airways,Delhi,Cochin,1,18371.0,620,15,6,2019,2,15,12,35,15,6,2019
SpiceJet,Banglore,Delhi,1,23267.0,475,3,1,2019,10,20,18,15,3,1,2019
Jet Airways,Kolkata,Banglore,1,13067.0,840,5,1,2019,9,35,23,35,5,1,2019
IndiGo,Chennai,Kolkata,0,5277.0,140,21,6,2019,22,5,0,25,22,6,2019
Air India,Delhi,Cochin,2,13879.0,865,27,5,2019,17,15,7,40,28,5,2019
IndiGo,Kolkata,Banglore,0,4174.0,155,4,9,2019,17,15,19,50,4,9,2019
Air India,Delhi,Cochin,2,10178.0,1410,5,9,2019,19,45,19,15,5,10,2019
Jet Airways,Delhi,Cochin,2,13882.0,1000,6,12,2019,11,45,4,25,13,6,2019
Vistara,Banglore,Delhi,0,4878.0,165,21,5,2019,19,30,22,15,21,5,2019
Vistara,Banglore,Delhi,0,4668.0,170,27,6,2019,9,45,12,35,27,6,2019
Jet Airways,Kolkata,Banglore,1,10844.0,1595,21,5,2019,20,0,22,35,22,5,2019
Multiple carriers,Delhi,Cochin,1,7005.0,735,27,6,2019,8,45,21,0,27,6,2019
Jet Airways,Delhi,Cochin,1,12898.0,620,21,5,2019,2,15,12,35,21,5,2019
Air India,Delhi,Cochin,1,9929.0,925,15,6,2019,3,50,19,15,15,6,2019
Jet Airways,Delhi,Cochin,1,14714.0,540,6,1,2019,10,0,19,0,6,1,2019
Air India,Delhi,Cochin,0,6094.0,170,21,4,2019,5,10,8,0,21,4,2019
Jet Airways,Banglore,Delhi,1,16736.0,680,3,6,2019,11,40,23,0,3,6,2019
Jet Airways,Banglore,Delhi,0,7229.0,175,4,3,2019,11,10,14,5,4,3,2019
Multiple carriers,Delhi,Cochin,1,8882.0,460,18,5,2019,4,55,12,35,18,5,2019
Multiple carriers,Delhi,Cochin,1,10197.0,660,5,9,2019,8,0,19,0,5,9,2019
IndiGo,Kolkata,Banglore,0,4804.0,155,5,12,2019,20,20,22,55,5,12,2019
IndiGo,Delhi,Cochin,1,13628.0,350,3,3,2019,7,30,13,20,3,3,2019
Vistara,Delhi,Cochin,0,6216.0,190,27,5,2019,14,40,17,50,27,5,2019
Air India,Delhi,Cochin,1,7480.0,1535,21,5,2019,5,15,6,50,22,5,2019
Air India,Kolkata,Banglore,1,11936.0,375,6,12,2019,10,0,16,15,6,12,2019
SpiceJet,Chennai,Kolkata,0,3859.0,135,18,3,2019,8,20,10,35,18,3,2019
Jet Airways,Kolkata,Banglore,1,8586.0,845,5,12,2019,20,0,10,5,13,5,2019
Vistara,Banglore,Delhi,0,21730.0,175,3,1,2019,21,10,0,5,3,2,2019
IndiGo,Delhi,Cochin,1,6628.0,500,6,1,2019,17,10,1,30,6,2,2019
Air India,Kolkata,Banglore,2,10151.0,1195,5,1,2019,12,0,7,55,5,2,2019
Jet Airways,Kolkata,Banglore,1,11467.0,1285,21,5,2019,17,0,14,25,22,5,2019
IndiGo,Delhi,Cochin,1,7010.0,295,15,6,2019,5,10,10,5,15,6,2019
Jet Airways,Banglore,Delhi,0,7229.0,180,4,3,2019,17,45,20,45,4,3,2019
IndiGo,Banglore,Delhi,0,8033.0,180,3,9,2019,13,10,16,10,3,9,2019
Jet Airways,Banglore,Delhi,0,7229.0,175,18,5,2019,11,10,14,5,18,5,2019
IndiGo,Kolkata,Banglore,1,6911.0,315,6,9,2019,21,0,2,15,6,10,2019
Jet Airways,Delhi,Cochin,2,14300.0,1380,27,6,2019,20,0,19,0,28,6,2019
Air India,Kolkata,Banglore,2,13033.0,1100,6,9,2019,7,0,1,20,6,10,2019
IndiGo,Banglore,Delhi,0,3943.0,170,24,5,2019,4,0,6,50,24,5,2019
SpiceJet,Banglore,Delhi,0,6205.0,175,3,9,2019,9,35,12,30,3,9,2019
IndiGo,Delhi,Cochin,1,14871.0,570,3,6,2019,11,30,21,0,3,6,2019
Jet Airways,Mumbai,Hyderabad,0,5678.0,85,18,5,2019,2,55,4,20,18,5,2019
Multiple carriers,Delhi,Cochin,1,16108.0,465,6,1,2019,11,30,19,15,6,1,2019
Jet Airways,Banglore,Delhi,1,17261.0,775,3,6,2019,20,35,9,30,3,7,2019
SpiceJet,Banglore,Delhi,0,3311.0,160,5,12,2019,5,55,8,35,5,12,2019
IndiGo,Kolkata,Banglore,0,4174.0,155,4,12,2019,11,30,14,5,4,12,2019
IndiGo,Banglore,Delhi,0,4823.0,170,6,9,2019,16,55,19,45,6,9,2019
Air India,Banglore,Delhi,1,8425.0,920,3,9,2019,22,0,13,20,13,3,2019
Jet Airways,Banglore,Delhi,0,7229.0,175,15,5,2019,11,10,14,5,15,5,2019
GoAir,Delhi,Cochin,1,5281.0,540,6,9,2019,10,35,19,35,6,9,2019
Jet Airways,Delhi,Cochin,1,17549.0,1225,3,9,2019,8,0,4,25,3,10,2019
Multiple carriers,Delhi,Cochin,1,13797.0,780,6,3,2019,8,0,21,0,6,3,2019
IndiGo,Banglore,Delhi,0,4823.0,170,4,12,2019,8,30,11,20,4,12,2019
Air India,Delhi,Cochin,1,7258.0,955,6,3,2019,17,40,9,35,6,4,2019
Multiple carriers,Delhi,Cochin,1,18192.0,765,3,3,2019,12,50,1,35,3,4,2019
Air India,Kolkata,Banglore,2,13899.0,1165,5,1,2019,10,0,5,25,5,2,2019
Jet Airways,Kolkata,Banglore,1,10844.0,400,5,9,2019,14,5,20,45,5,9,2019
Jet Airways,Kolkata,Banglore,1,14151.0,1450,5,12,2019,9,35,9,45,13,5,2019
Multiple carriers,Delhi,Cochin,1,15147.0,620,3,6,2019,15,15,1,35,3,7,2019
GoAir,Banglore,Delhi,0,3898.0,175,15,6,2019,7,45,10,40,15,6,2019
IndiGo,Delhi,Cochin,1,6818.0,665,15,5,2019,5,5,16,10,15,5,2019
Jet Airways,Kolkata,Banglore,1,14781.0,1170,15,5,2019,16,30,12,0,16,5,2019
Air Asia,Kolkata,Banglore,2,5192.0,500,21,5,2019,15,10,23,30,21,5,2019
Jet Airways,Delhi,Cochin,2,14441.0,425,27,6,2019,5,30,12,35,27,6,2019
Jet Airways,Kolkata,Banglore,1,14151.0,1480,24,5,2019,20,25,21,5,25,5,2019
IndiGo,Kolkata,Banglore,1,4226.0,220,18,5,2019,19,35,23,15,18,5,2019
Air India,Delhi,Cochin,2,13381.0,1380,27,5,2019,20,15,19,15,28,5,2019
Multiple carriers,Delhi,Cochin,1,10678.0,845,15,6,2019,4,55,19,0,15,6,2019
Jet Airways,Delhi,Cochin,1,12242.0,440,27,3,2019,11,30,18,50,27,3,2019
Jet Airways,Mumbai,Hyderabad,0,4995.0,85,21,6,2019,2,55,4,20,21,6,2019
Jet Airways,Delhi,Cochin,1,10262.0,450,6,1,2019,20,55,4,25,6,2,2019
SpiceJet,Kolkata,Banglore,0,3841.0,140,15,4,2019,22,20,0,40,16,4,2019
Jet Airways,Kolkata,Banglore,1,9663.0,960,5,9,2019,20,0,12,0,5,10,2019
IndiGo,Kolkata,Banglore,0,5224.0,155,18,4,2019,11,30,14,5,18,4,2019
Multiple carriers,Delhi,Cochin,1,14533.0,730,18,5,2019,7,5,19,15,18,5,2019
SpiceJet,Mumbai,Hyderabad,0,2017.0,90,24,5,2019,22,45,0,15,25,5,2019
Jet Airways,Banglore,Delhi,0,5769.0,185,6,12,2019,18,55,22,0,6,12,2019
Multiple carriers,Delhi,Cochin,1,11622.0,485,21,3,2019,10,45,18,50,21,3,2019
IndiGo,Banglore,Delhi,0,4823.0,175,4,3,2019,18,55,21,50,4,3,2019
Jet Airways,Banglore,Delhi,1,7832.0,1280,21,3,2019,14,5,11,25,19,3,2019
Multiple carriers,Delhi,Cochin,1,9001.0,705,24,6,2019,7,30,19,15,24,6,2019
IndiGo,Mumbai,Hyderabad,0,2754.0,90,27,6,2019,12,0,13,30,27,6,2019
Jet Airways,Banglore,Delhi,0,7229.0,180,24,5,2019,7,10,10,10,24,5,2019
IndiGo,Delhi,Cochin,1,6937.0,280,3,9,2019,21,5,1,45,3,10,2019
Air India,Kolkata,Banglore,2,13033.0,920,6,6,2019,10,0,1,20,6,7,2019
SpiceJet,Banglore,Delhi,0,3625.0,160,5,3,2019,5,55,8,35,5,3,2019
Jet Airways,Delhi,Cochin,2,13292.0,1295,27,6,2019,21,25,19,0,28,6,2019
Air India,Banglore,Delhi,2,12778.0,1525,3,12,2019,8,50,10,15,13,3,2019
SpiceJet,Kolkata,Banglore,0,3841.0,150,6,1,2019,14,55,17,25,6,1,2019
IndiGo,Mumbai,Hyderabad,0,2227.0,85,18,3,2019,21,20,22,45,18,3,2019
SpiceJet,Kolkata,Banglore,1,6171.0,520,5,9,2019,8,35,17,15,5,9,2019
Air India,Kolkata,Banglore,2,10676.0,1195,5,12,2019,12,0,7,55,13,5,2019
Jet Airways,Delhi,Cochin,2,13014.0,1025,24,6,2019,19,30,12,35,25,6,2019
IndiGo,Mumbai,Hyderabad,0,2754.0,90,18,3,2019,2,30,4,0,18,3,2019
Air India,Delhi,Cochin,2,8367.0,865,27,3,2019,17,15,7,40,28,3,2019
Jet Airways,Delhi,Cochin,1,5177.0,1570,4,3,2019,2,15,4,25,4,4,2019
SpiceJet,Kolkata,Banglore,0,4174.0,150,18,4,2019,17,10,19,40,18,4,2019
Multiple carriers,Delhi,Cochin,1,9794.0,615,15,5,2019,8,45,19,0,15,5,2019
Multiple carriers,Delhi,Cochin,1,10486.0,385,27,5,2019,9,45,16,10,27,5,2019
Multiple carriers,Delhi,Cochin,1,15058.0,675,21,5,2019,8,0,19,15,21,5,2019
IndiGo,Kolkata,Banglore,0,4804.0,155,27,4,2019,22,15,0,50,28,4,2019
Jet Airways,Delhi,Cochin,1,17024.0,1665,3,6,2019,16,0,19,45,3,7,2019
GoAir,Kolkata,Banglore,1,8855.0,455,5,12,2019,16,40,0,15,13,5,2019
Air India,Delhi,Cochin,1,8372.0,640,6,9,2019,21,0,7,40,6,10,2019
Jet Airways,Mumbai,Hyderabad,0,4050.0,85,24,6,2019,2,55,4,20,24,6,2019
Jet Airways,Banglore,Delhi,0,7229.0,175,5,12,2019,11,10,14,5,5,12,2019
SpiceJet,Mumbai,Hyderabad,0,2385.0,80,18,3,2019,5,45,7,5,18,3,2019
GoAir,Banglore,Delhi,0,3898.0,170,24,6,2019,11,40,14,30,24,6,2019
IndiGo,Banglore,Delhi,0,6860.0,165,3,3,2019,1,30,4,15,3,3,2019
SpiceJet,Delhi,Cochin,1,6749.0,315,27,5,2019,6,5,11,20,27,5,2019
Air India,Kolkata,Banglore,2,15107.0,525,21,5,2019,14,30,23,15,21,5,2019
Jet Airways,Delhi,Cochin,2,10368.0,1125,15,6,2019,9,40,4,25,16,6,2019
Jet Airways,Banglore,Delhi,1,7832.0,860,21,3,2019,7,0,21,20,21,3,2019
SpiceJet,Mumbai,Hyderabad,0,2385.0,90,27,5,2019,13,15,14,45,27,5,2019
IndiGo,Kolkata,Banglore,0,4804.0,150,24,6,2019,14,25,16,55,24,6,2019
Air India,Delhi,Cochin,2,8236.0,1595,21,3,2019,16,40,19,15,22,3,2019
IndiGo,Delhi,Cochin,1,6416.0,570,27,3,2019,11,30,21,0,27,3,2019
Jet Airways,Delhi,Cochin,1,10262.0,450,6,9,2019,11,30,19,0,6,9,2019
Jet Airways,Delhi,Cochin,1,14714.0,1210,6,9,2019,22,50,19,0,6,10,2019
SpiceJet,Kolkata,Banglore,1,7646.0,330,4,1,2019,15,55,21,25,4,1,2019
Air India,Delhi,Cochin,1,7480.0,765,6,1,2019,20,40,9,25,6,2,2019
Vistara,Chennai,Kolkata,0,11982.0,140,27,5,2019,17,45,20,5,27,5,2019
Multiple carriers,Delhi,Cochin,1,8309.0,520,18,5,2019,10,35,19,15,18,5,2019
Jet Airways,Delhi,Cochin,2,13344.0,425,6,9,2019,5,30,12,35,6,9,2019
Air India,Kolkata,Banglore,1,4227.0,890,4,1,2019,19,0,9,50,4,2,2019
Air India,Delhi,Cochin,2,9706.0,1180,21,3,2019,12,0,7,40,22,3,2019
SpiceJet,Mumbai,Hyderabad,0,2017.0,90,5,6,2019,13,15,14,45,5,6,2019
IndiGo,Delhi,Cochin,1,6442.0,835,6,12,2019,8,35,22,30,6,12,2019
Jet Airways,Banglore,Delhi,0,8016.0,185,15,6,2019,18,55,22,0,15,6,2019
IndiGo,Delhi,Cochin,1,5298.0,320,4,1,2019,6,50,12,10,4,1,2019
Vistara,Banglore,Delhi,0,4878.0,155,21,5,2019,17,0,19,35,21,5,2019
Jet Airways,Delhi,Cochin,1,10262.0,865,24,6,2019,14,0,4,25,25,6,2019
IndiGo,Kolkata,Banglore,1,4176.0,300,5,12,2019,4,50,9,50,5,12,2019
IndiGo,Delhi,Cochin,1,5883.0,845,15,6,2019,11,25,1,30,16,6,2019
Multiple carriers,Delhi,Cochin,1,12717.0,540,6,6,2019,10,0,19,0,6,6,2019
IndiGo,Chennai,Kolkata,0,3850.0,140,5,12,2019,7,55,10,15,5,12,2019
IndiGo,Chennai,Kolkata,0,3597.0,140,27,5,2019,19,35,21,55,27,5,2019
SpiceJet,Mumbai,Hyderabad,0,2175.0,90,5,9,2019,13,15,14,45,5,9,2019
Air Asia,Banglore,Delhi,0,7080.0,170,4,12,2019,23,55,2,45,13,4,2019
Jet Airways,Kolkata,Banglore,1,8849.0,665,4,1,2019,21,10,8,15,4,2,2019
Jet Airways,Kolkata,Banglore,1,9899.0,685,6,12,2019,8,25,19,50,6,12,2019
Vistara,Banglore,Delhi,0,4878.0,160,15,6,2019,7,0,9,40,15,6,2019
Multiple carriers,Delhi,Cochin,1,7787.0,705,5,9,2019,7,30,19,15,5,9,2019
SpiceJet,Chennai,Kolkata,0,3597.0,140,5,3,2019,17,45,20,5,5,3,2019
GoAir,Delhi,Cochin,1,5281.0,540,4,1,2019,10,35,19,35,4,1,2019
Vistara,Kolkata,Banglore,1,9345.0,1350,15,5,2019,20,20,18,50,16,5,2019
IndiGo,Delhi,Cochin,1,6442.0,635,24,6,2019,11,55,22,30,24,6,2019
IndiGo,Delhi,Cochin,1,6838.0,705,6,6,2019,9,15,21,0,6,6,2019
SpiceJet,Chennai,Kolkata,0,3597.0,140,6,3,2019,17,45,20,5,6,3,2019
SpiceJet,Mumbai,Hyderabad,0,3173.0,80,21,3,2019,5,45,7,5,21,3,2019
Multiple carriers,Delhi,Cochin,1,13377.0,435,6,3,2019,18,15,1,30,6,4,2019
Jet Airways,Kolkata,Banglore,1,9314.0,1295,5,9,2019,20,25,18,0,5,10,2019
Multiple carriers,Delhi,Cochin,1,9856.0,545,3,9,2019,13,15,22,20,3,9,2019
Air India,Delhi,Cochin,1,8372.0,675,21,5,2019,8,0,19,15,21,5,2019
Jet Airways,Kolkata,Banglore,1,7064.0,1400,4,1,2019,18,55,18,15,4,2,2019
IndiGo,Kolkata,Banglore,0,4804.0,155,5,1,2019,22,15,0,50,5,2,2019
Jet Airways,Delhi,Cochin,2,13029.0,810,27,5,2019,5,30,19,0,27,5,2019
IndiGo,Delhi,Cochin,1,7640.0,490,24,5,2019,14,20,22,30,24,5,2019
Jet Airways,Banglore,Delhi,1,22270.0,435,3,1,2019,8,0,15,15,3,1,2019
Air India,Banglore,Delhi,0,4441.0,170,4,1,2019,21,5,23,55,4,1,2019
Jet Airways,Delhi,Cochin,1,12898.0,1165,27,5,2019,9,0,4,25,28,5,2019
Jet Airways,Kolkata,Banglore,1,7064.0,1285,4,1,2019,18,55,16,20,4,2,2019
Jet Airways,Kolkata,Banglore,1,10844.0,740,6,9,2019,8,25,20,45,6,9,2019
SpiceJet,Kolkata,Banglore,0,4174.0,145,6,9,2019,9,0,11,25,6,9,2019
Jet Airways,Kolkata,Banglore,1,8529.0,1695,6,12,2019,16,30,20,45,13,6,2019
IndiGo,Banglore,Delhi,0,3625.0,170,21,5,2019,22,10,1,0,22,5,2019
IndiGo,Banglore,Delhi,0,3419.0,175,21,5,2019,0,30,3,25,21,5,2019
IndiGo,Chennai,Kolkata,0,3850.0,145,24,5,2019,5,15,7,40,24,5,2019
Air India,Kolkata,Banglore,2,12802.0,1255,24,5,2019,16,50,13,45,25,5,2019
SpiceJet,Delhi,Cochin,1,9748.0,360,3,6,2019,15,55,21,55,3,6,2019
IndiGo,Delhi,Cochin,1,6104.0,500,6,3,2019,17,10,1,30,6,4,2019
IndiGo,Banglore,Delhi,0,3943.0,180,21,6,2019,21,15,0,15,22,6,2019
IndiGo,Delhi,Cochin,1,7514.0,560,6,3,2019,6,50,16,10,6,3,2019
Jet Airways,Banglore,Delhi,0,18308.0,160,3,6,2019,19,55,22,35,3,6,2019
Air India,Mumbai,Hyderabad,2,17327.0,255,3,6,2019,21,10,16,55,3,6,2019
Air India,Delhi,Cochin,2,8892.0,1115,27,3,2019,13,5,7,40,28,3,2019
Multiple carriers,Delhi,Cochin,1,9794.0,520,27,5,2019,10,20,19,0,27,5,2019
IndiGo,Banglore,Delhi,0,4423.0,175,4,1,2019,0,30,3,25,4,1,2019
Jet Airways,Kolkata,Banglore,1,10844.0,1485,24,5,2019,20,0,20,45,25,5,2019
Jet Airways,Delhi,Cochin,1,15554.0,1485,5,9,2019,18,15,19,0,5,10,2019
Vistara,Chennai,Kolkata,0,11982.0,140,5,1,2019,17,45,20,5,5,1,2019
IndiGo,Mumbai,Hyderabad,0,4049.0,90,6,3,2019,6,25,7,55,6,3,2019
IndiGo,Kolkata,Banglore,0,5618.0,155,24,3,2019,14,20,16,55,24,3,2019
Air India,Delhi,Cochin,2,13591.0,1380,27,6,2019,20,15,19,15,28,6,2019
Multiple carriers,Delhi,Cochin,1,9508.0,930,27,5,2019,10,0,1,30,28,5,2019
SpiceJet,Chennai,Kolkata,0,3543.0,135,18,6,2019,9,45,12,0,18,6,2019
Jet Airways,Banglore,Delhi,0,7229.0,185,18,4,2019,18,55,22,0,18,4,2019
Vistara,Banglore,Delhi,0,4668.0,170,18,6,2019,11,30,14,20,18,6,2019
Jet Airways,Kolkata,Banglore,1,14388.0,1200,21,5,2019,14,5,10,5,22,5,2019
Jet Airways,Kolkata,Banglore,1,10844.0,1025,15,5,2019,18,55,12,0,16,5,2019
Air India,Delhi,Cochin,1,7690.0,765,6,9,2019,20,40,9,25,6,10,2019
Jet Airways,Kolkata,Banglore,1,13067.0,1450,21,5,2019,9,35,9,45,22,5,2019
SpiceJet,Mumbai,Hyderabad,0,1965.0,90,4,3,2019,5,45,7,15,4,3,2019
Jet Airways,Delhi,Cochin,1,16289.0,1610,3,9,2019,16,0,18,50,3,10,2019
Air India,Kolkata,Banglore,1,10203.0,745,5,12,2019,20,30,8,55,13,5,2019
Jet Airways,Kolkata,Banglore,1,15149.0,570,5,6,2019,14,5,23,35,5,6,2019
Vistara,Kolkata,Banglore,1,9345.0,385,21,5,2019,17,0,23,25,21,5,2019
SpiceJet,Mumbai,Hyderabad,0,2017.0,90,18,5,2019,5,45,7,15,18,5,2019
Vistara,Kolkata,Banglore,1,9345.0,975,15,5,2019,7,10,23,25,15,5,2019
Air India,Kolkata,Banglore,1,6528.0,1485,5,6,2019,14,35,15,20,5,7,2019
Multiple carriers,Delhi,Cochin,1,15603.0,380,3,3,2019,7,0,13,20,3,3,2019
Jet Airways,Delhi,Cochin,2,13376.0,1300,24,6,2019,6,45,4,25,25,6,2019
SpiceJet,Delhi,Cochin,1,5583.0,315,27,6,2019,6,5,11,20,27,6,2019
Jet Airways,Delhi,Cochin,1,10577.0,1620,6,9,2019,16,0,19,0,6,10,2019
Air India,Delhi,Cochin,2,10651.0,1180,15,5,2019,12,0,7,40,16,5,2019
Jet Airways,Kolkata,Banglore,1,7594.0,875,6,12,2019,14,5,4,40,13,6,2019
Air Asia,Kolkata,Banglore,1,6857.0,220,5,1,2019,6,50,10,30,5,1,2019
IndiGo,Banglore,Delhi,0,4423.0,170,27,4,2019,13,0,15,50,27,4,2019
Jet Airways,Delhi,Cochin,2,13344.0,425,6,12,2019,5,30,12,35,6,12,2019
SpiceJet,Banglore,Delhi,0,3971.0,175,27,4,2019,21,10,0,5,28,4,2019
Jet Airways,Delhi,Cochin,1,18371.0,600,24,6,2019,9,0,19,0,24,6,2019
Jet Airways,Delhi,Cochin,2,6643.0,1995,27,3,2019,19,10,4,25,29,3,2019
Multiple carriers,Delhi,Cochin,1,15077.0,465,3,6,2019,11,30,19,15,3,6,2019
Air India,Banglore,Delhi,0,6121.0,165,5,1,2019,10,0,12,45,5,1,2019
SpiceJet,Mumbai,Hyderabad,0,5755.0,80,3,3,2019,13,10,14,30,3,3,2019
Air India,Delhi,Cochin,1,4487.0,765,4,9,2019,20,40,9,25,4,10,2019
SpiceJet,Delhi,Cochin,1,5158.0,270,21,5,2019,8,45,13,15,21,5,2019
Jet Airways,Kolkata,Banglore,1,8586.0,520,5,1,2019,20,0,4,40,5,2,2019
Air India,Mumbai,Hyderabad,0,3100.0,80,6,1,2019,6,20,7,40,6,1,2019
Jet Airways,Mumbai,Hyderabad,0,3210.0,85,5,9,2019,2,55,4,20,5,9,2019
Jet Airways,Delhi,Cochin,1,12373.0,1040,5,9,2019,19,15,12,35,5,10,2019
Multiple carriers,Delhi,Cochin,1,15135.0,730,3,3,2019,6,40,18,50,3,3,2019
Jet Airways,Delhi,Cochin,2,13292.0,810,27,6,2019,5,30,19,0,27,6,2019
SpiceJet,Mumbai,Hyderabad,0,2017.0,90,6,6,2019,13,15,14,45,6,6,2019
Jet Airways,Delhi,Cochin,2,10919.0,1320,6,12,2019,14,35,12,35,13,6,2019
Vistara,Mumbai,Hyderabad,1,12395.0,1500,3,6,2019,21,55,22,55,3,7,2019
SpiceJet,Chennai,Kolkata,0,3543.0,135,21,6,2019,9,45,12,0,21,6,2019
Jet Airways,Mumbai,Hyderabad,0,2228.0,90,5,6,2019,19,35,21,5,5,6,2019
Air India,Delhi,Cochin,2,8236.0,1410,21,3,2019,19,45,19,15,22,3,2019
Air Asia,Delhi,Cochin,1,11410.0,830,6,3,2019,16,45,6,35,6,4,2019
Jet Airways,Delhi,Cochin,2,15129.0,810,21,5,2019,23,5,12,35,22,5,2019
GoAir,Kolkata,Banglore,0,3514.0,155,24,6,2019,15,20,17,55,24,6,2019
Jet Airways,Kolkata,Banglore,1,13469.0,690,6,6,2019,9,35,21,5,6,6,2019
IndiGo,Banglore,Delhi,0,3943.0,180,4,9,2019,21,15,0,15,4,10,2019
Vistara,Banglore,Delhi,0,7608.0,175,3,3,2019,21,10,0,5,3,4,2019
Air India,Banglore,Delhi,0,6961.0,165,27,5,2019,10,0,12,45,27,5,2019
Multiple carriers,Delhi,Cochin,1,12042.0,585,6,1,2019,9,15,19,0,6,1,2019
Jet Airways Business,Banglore,Delhi,1,62427.0,400,3,1,2019,5,45,12,25,3,1,2019
Air India,Banglore,Delhi,2,9586.0,655,3,9,2019,10,30,21,25,3,9,2019
SpiceJet,Chennai,Kolkata,0,3543.0,135,6,1,2019,8,20,10,35,6,1,2019
Jet Airways,Delhi,Cochin,2,13882.0,1630,6,9,2019,9,25,12,35,6,10,2019
Jet Airways,Kolkata,Banglore,1,8781.0,435,24,5,2019,10,20,17,35,24,5,2019
Air Asia,Kolkata,Banglore,2,5192.0,500,6,12,2019,15,10,23,30,6,12,2019
IndiGo,Delhi,Cochin,1,6442.0,940,27,3,2019,6,40,22,20,27,3,2019
Jet Airways,Delhi,Cochin,1,15554.0,825,5,6,2019,22,50,12,35,5,7,2019
Jet Airways,Kolkata,Banglore,1,10844.0,1285,21,5,2019,18,55,16,20,22,5,2019
IndiGo,Mumbai,Hyderabad,0,2754.0,90,4,3,2019,12,0,13,30,4,3,2019
Multiple carriers,Delhi,Cochin,1,14067.0,420,21,5,2019,14,0,21,0,21,5,2019
GoAir,Delhi,Cochin,1,5140.0,370,27,4,2019,7,25,13,35,27,4,2019
IndiGo,Delhi,Cochin,1,8330.0,895,5,9,2019,10,35,1,30,5,10,2019
Jet Airways,Mumbai,Hyderabad,0,5678.0,90,3,3,2019,19,35,21,5,3,3,2019
Jet Airways,Banglore,Delhi,1,11087.0,1170,3,12,2019,22,55,18,25,13,3,2019
GoAir,Banglore,Delhi,0,18558.0,175,3,1,2019,20,55,23,50,3,1,2019
IndiGo,Mumbai,Hyderabad,0,16000.0,90,3,1,2019,2,30,4,0,3,1,2019
SpiceJet,Banglore,Delhi,0,3573.0,175,5,6,2019,21,10,0,5,5,7,2019
Multiple carriers,Delhi,Cochin,1,7670.0,760,15,5,2019,12,50,1,30,16,5,2019
Jet Airways,Delhi,Cochin,2,12819.0,1195,24,6,2019,23,5,19,0,25,6,2019
Vistara,Banglore,Delhi,0,4878.0,155,15,5,2019,17,0,19,35,15,5,2019
Jet Airways,Delhi,Cochin,2,11507.0,1295,27,6,2019,21,25,19,0,28,6,2019
Air Asia,Delhi,Cochin,1,8759.0,330,6,6,2019,7,55,13,25,6,6,2019
Jet Airways,Delhi,Cochin,1,10262.0,1530,6,12,2019,17,30,19,0,13,6,2019
Air India,Delhi,Cochin,2,10975.0,1580,21,5,2019,7,5,9,25,22,5,2019
Jet Airways,Delhi,Cochin,1,10262.0,550,6,6,2019,19,15,4,25,6,7,2019
Multiple carriers,Delhi,Cochin,1,6007.0,490,27,6,2019,12,50,21,0,27,6,2019
IndiGo,Chennai,Kolkata,0,3858.0,145,21,3,2019,11,35,14,0,21,3,2019
IndiGo,Delhi,Cochin,1,6412.0,490,27,6,2019,14,20,22,30,27,6,2019
Air India,Kolkata,Banglore,0,6245.0,150,21,4,2019,14,15,16,45,21,4,2019
Air India,Delhi,Cochin,2,9968.0,1410,6,9,2019,19,45,19,15,6,10,2019
Multiple carriers,Delhi,Cochin,1,18260.0,640,3,9,2019,2,15,12,55,3,9,2019
IndiGo,Banglore,Delhi,0,8855.0,175,3,3,2019,18,25,21,20,3,3,2019
Jet Airways,Kolkata,Banglore,1,10844.0,590,24,5,2019,8,25,18,15,24,5,2019
SpiceJet,Chennai,Kolkata,0,3597.0,135,27,5,2019,8,20,10,35,27,5,2019
Jet Airways,Kolkata,Banglore,1,13067.0,1685,5,6,2019,17,0,21,5,5,7,2019
Jet Airways,Banglore,Delhi,1,13817.0,1070,3,12,2019,16,55,10,45,13,3,2019
Air India,Banglore,Delhi,1,11602.0,990,3,12,2019,6,45,23,15,3,12,2019
Jet Airways,Kolkata,Banglore,1,13941.0,1545,5,9,2019,16,30,18,15,5,10,2019
Jet Airways,Kolkata,Banglore,1,14151.0,1365,15,5,2019,20,25,19,10,16,5,2019
IndiGo,Banglore,Delhi,0,3943.0,170,15,5,2019,4,0,6,50,15,5,2019
Jet Airways,Kolkata,Banglore,1,10844.0,705,5,12,2019,6,30,18,15,5,12,2019
SpiceJet,Mumbai,Hyderabad,0,2753.0,90,18,6,2019,5,45,7,15,18,6,2019
Jet Airways,Delhi,Cochin,1,14714.0,1005,6,12,2019,2,15,19,0,6,12,2019
Multiple carriers,Delhi,Cochin,1,9646.0,545,18,5,2019,7,5,16,10,18,5,2019
Jet Airways,Delhi,Cochin,1,15554.0,330,5,9,2019,7,5,12,35,5,9,2019
Air India,Banglore,Delhi,2,13261.0,435,18,3,2019,10,30,17,45,18,3,2019
Jet Airways,Banglore,Delhi,1,11087.0,1045,18,3,2019,11,40,5,5,16,3,2019
Jet Airways,Delhi,Cochin,2,11507.0,810,15,6,2019,5,30,19,0,15,6,2019
Multiple carriers,Delhi,Cochin,1,9424.0,390,5,9,2019,19,0,1,30,5,10,2019
GoAir,Banglore,Delhi,0,4937.0,170,4,12,2019,11,40,14,30,4,12,2019
SpiceJet,Banglore,Delhi,0,3257.0,175,6,6,2019,21,10,0,5,6,7,2019
IndiGo,Banglore,Delhi,0,4823.0,170,5,6,2019,8,30,11,20,5,6,2019
IndiGo,Chennai,Kolkata,0,5277.0,140,5,12,2019,22,5,0,25,13,5,2019
SpiceJet,Kolkata,Banglore,0,3873.0,150,4,9,2019,17,10,19,40,4,9,2019
Jet Airways,Kolkata,Banglore,1,10844.0,730,24,5,2019,16,30,4,40,25,5,2019
Multiple carriers,Delhi,Cochin,1,7198.0,510,27,5,2019,17,0,1,30,28,5,2019
Air India,Delhi,Cochin,0,6094.0,170,15,5,2019,5,10,8,0,15,5,2019
IndiGo,Banglore,Delhi,0,3943.0,165,5,3,2019,6,5,8,50,5,3,2019
IndiGo,Banglore,Delhi,0,3943.0,180,15,5,2019,21,15,0,15,16,5,2019
Jet Airways,Kolkata,Banglore,1,12681.0,960,4,1,2019,20,0,12,0,4,2,2019
Vistara,Banglore,Delhi,0,5613.0,155,15,4,2019,17,0,19,35,15,4,2019
SpiceJet,Kolkata,Banglore,0,3873.0,145,24,5,2019,9,0,11,25,24,5,2019
Jet Airways,Delhi,Cochin,1,12898.0,1415,27,5,2019,13,0,12,35,28,5,2019
Jet Airways,Delhi,Cochin,2,15129.0,1375,5,9,2019,5,30,4,25,5,10,2019
SpiceJet,Chennai,Kolkata,0,3911.0,135,5,9,2019,8,20,10,35,5,9,2019
IndiGo,Delhi,Cochin,0,6015.0,195,6,12,2019,21,5,0,20,13,6,2019
Jet Airways,Banglore,Delhi,1,54826.0,365,3,1,2019,16,55,23,0,3,1,2019
IndiGo,Delhi,Cochin,1,5073.0,305,27,3,2019,20,30,1,35,28,3,2019
IndiGo,Chennai,Kolkata,0,4326.0,140,21,3,2019,5,15,7,35,21,3,2019
Air India,Delhi,Cochin,2,9443.0,1595,24,6,2019,16,40,19,15,25,6,2019
Jet Airways,Mumbai,Hyderabad,0,8040.0,90,6,3,2019,10,20,11,50,6,3,2019
Jet Airways,Banglore,Delhi,0,7229.0,165,4,3,2019,6,0,8,45,4,3,2019
IndiGo,Banglore,Delhi,0,3943.0,170,15,6,2019,13,0,15,50,15,6,2019
Air India,Banglore,Delhi,3,14195.0,685,3,6,2019,12,0,23,25,3,6,2019
Jet Airways,Delhi,Cochin,2,13292.0,1130,15,6,2019,9,35,4,25,16,6,2019
IndiGo,Kolkata,Banglore,0,4174.0,155,4,3,2019,11,30,14,5,4,3,2019
Jet Airways,Banglore,Delhi,1,16736.0,860,3,6,2019,7,0,21,20,3,6,2019
Jet Airways,Banglore,Delhi,0,5198.0,165,5,12,2019,6,0,8,45,5,12,2019
Multiple carriers,Delhi,Cochin,1,15058.0,730,6,3,2019,7,5,19,15,6,3,2019
IndiGo,Delhi,Cochin,1,5073.0,300,4,3,2019,10,35,15,35,4,3,2019
Multiple carriers,Delhi,Cochin,1,10197.0,660,15,5,2019,8,0,19,0,15,5,2019
SpiceJet,Chennai,Kolkata,0,3543.0,140,27,6,2019,17,45,20,5,27,6,2019
Jet Airways,Banglore,Delhi,0,7229.0,180,27,6,2019,17,45,20,45,27,6,2019
Air India,Delhi,Cochin,2,10966.0,1180,6,1,2019,12,0,7,40,6,2,2019
Jet Airways,Kolkata,Banglore,1,11134.0,570,24,3,2019,13,55,23,25,24,3,2019
Air Asia,Kolkata,Banglore,0,3807.0,150,4,6,2019,22,50,1,20,4,7,2019
Air India,Banglore,Delhi,0,5228.0,170,5,6,2019,13,20,16,10,5,6,2019
IndiGo,Chennai,Kolkata,0,3597.0,140,6,12,2019,14,45,17,5,6,12,2019
Air Asia,Banglore,Delhi,0,4483.0,165,18,5,2019,11,10,13,55,18,5,2019
Jet Airways,Delhi,Cochin,1,10262.0,1015,24,6,2019,11,30,4,25,25,6,2019
SpiceJet,Delhi,Cochin,1,5158.0,270,6,6,2019,8,45,13,15,6,6,2019
Air India,Banglore,Delhi,1,6010.0,1520,21,3,2019,22,0,23,20,19,3,2019
Jet Airways,Delhi,Cochin,2,13376.0,1320,6,12,2019,14,35,12,35,13,6,2019
Jet Airways,Delhi,Cochin,2,11543.0,1365,21,3,2019,5,40,4,25,22,3,2019
Multiple carriers,Delhi,Cochin,1,15342.0,560,3,6,2019,9,55,19,15,3,6,2019
SpiceJet,Banglore,Delhi,0,6309.0,175,15,3,2019,9,35,12,30,15,3,2019
Vistara,Banglore,Delhi,0,5823.0,165,24,5,2019,19,30,22,15,24,5,2019
Vistara,Banglore,Delhi,0,5403.0,160,24,3,2019,11,30,14,10,24,3,2019
SpiceJet,Kolkata,Banglore,0,3873.0,155,6,1,2019,6,55,9,30,6,1,2019
Jet Airways,Delhi,Cochin,1,12898.0,1270,27,5,2019,21,50,19,0,28,5,2019
IndiGo,Delhi,Cochin,1,6979.0,500,15,5,2019,17,10,1,30,16,5,2019
Air India,Kolkata,Banglore,2,13437.0,1410,5,12,2019,16,45,16,15,13,5,2019
Jet Airways,Delhi,Cochin,1,6017.0,1015,27,3,2019,11,30,4,25,28,3,2019
Jet Airways,Delhi,Cochin,1,14053.0,330,21,3,2019,7,5,12,35,21,3,2019
IndiGo,Chennai,Kolkata,0,7295.0,145,3,6,2019,11,35,14,0,3,6,2019
Jet Airways,Kolkata,Banglore,1,13044.0,1495,6,12,2019,18,55,19,50,13,6,2019
Jet Airways,Banglore,Delhi,0,4030.0,175,5,3,2019,11,10,14,5,5,3,2019
Air India,Banglore,Delhi,2,13942.0,1625,3,6,2019,8,15,11,20,3,7,2019
Jet Airways,Kolkata,Banglore,1,14781.0,705,5,12,2019,6,30,18,15,5,12,2019
SpiceJet,Banglore,Delhi,0,3579.0,170,24,3,2019,5,45,8,35,24,3,2019
Air India,Delhi,Cochin,2,10231.0,1275,27,5,2019,22,0,19,15,28,5,2019
IndiGo,Delhi,Cochin,1,5530.0,320,27,5,2019,6,50,12,10,27,5,2019
Jet Airways,Kolkata,Banglore,1,10844.0,345,5,12,2019,14,5,19,50,5,12,2019
Air India,Delhi,Cochin,1,8372.0,675,6,6,2019,8,0,19,15,6,6,2019
Jet Airways,Delhi,Cochin,1,16289.0,775,3,9,2019,6,50,19,45,3,9,2019
Air India,Delhi,Cochin,2,11701.0,1275,5,6,2019,22,0,19,15,5,7,2019
Multiple carriers Premium economy,Delhi,Cochin,1,11269.0,570,21,3,2019,6,0,15,30,21,3,2019
Multiple carriers,Delhi,Cochin,1,9385.0,750,18,5,2019,13,0,1,30,19,5,2019
Jet Airways,Kolkata,Banglore,1,14151.0,395,24,5,2019,17,0,23,35,24,5,2019
Jet Airways,Banglore,Delhi,0,4544.0,180,4,9,2019,8,20,11,20,4,9,2019
Jet Airways,Banglore,Delhi,1,11087.0,850,3,12,2019,20,35,10,45,13,3,2019
IndiGo,Kolkata,Banglore,0,5224.0,155,6,3,2019,4,40,7,15,6,3,2019
IndiGo,Kolkata,Banglore,0,4804.0,155,27,6,2019,9,35,12,10,27,6,2019
Air India,Mumbai,Hyderabad,1,6901.0,880,3,12,2019,5,55,20,35,3,12,2019
Multiple carriers,Delhi,Cochin,1,5999.0,465,21,3,2019,14,35,22,20,21,3,2019
Vistara,Banglore,Delhi,0,5403.0,170,4,9,2019,21,0,23,50,4,9,2019
Jet Airways,Delhi,Cochin,2,13014.0,810,6,12,2019,5,30,19,0,6,12,2019
Jet Airways,Mumbai,Hyderabad,0,4995.0,85,5,6,2019,7,5,8,30,5,6,2019
Jet Airways,Kolkata,Banglore,1,13941.0,1545,21,5,2019,6,30,8,15,22,5,2019
Jet Airways,Delhi,Cochin,2,11507.0,1295,6,3,2019,21,25,19,0,6,4,2019
Multiple carriers,Delhi,Cochin,1,12192.0,660,15,6,2019,8,0,19,0,15,6,2019
Multiple carriers,Delhi,Cochin,1,7198.0,450,27,5,2019,18,0,1,30,28,5,2019
IndiGo,Delhi,Cochin,0,5000.0,195,21,6,2019,14,25,17,40,21,6,2019
SpiceJet,Kolkata,Banglore,0,3841.0,155,4,3,2019,6,55,9,30,4,3,2019
Jet Airways,Delhi,Cochin,1,12347.0,350,21,3,2019,13,0,18,50,21,3,2019
Vistara,Chennai,Kolkata,0,11982.0,140,15,6,2019,17,45,20,5,15,6,2019
Jet Airways,Delhi,Cochin,2,13029.0,1375,5,9,2019,5,30,4,25,5,10,2019
Jet Airways,Banglore,Delhi,1,16736.0,700,3,6,2019,20,35,8,15,3,7,2019
IndiGo,Kolkata,Banglore,0,4174.0,155,15,4,2019,17,15,19,50,15,4,2019
SpiceJet,Kolkata,Banglore,0,3841.0,145,27,6,2019,9,0,11,25,27,6,2019
Jet Airways,Delhi,Cochin,1,17024.0,1440,3,6,2019,19,45,19,45,3,7,2019
IndiGo,Banglore,Delhi,0,3943.0,180,24,5,2019,21,15,0,15,25,5,2019
IndiGo,Delhi,Cochin,1,6442.0,635,6,3,2019,11,55,22,30,6,3,2019
Air India,Delhi,Cochin,2,11762.0,2170,3,9,2019,7,5,19,15,3,10,2019
SpiceJet,Kolkata,Banglore,0,4174.0,145,24,4,2019,9,0,11,25,24,4,2019
IndiGo,Kolkata,Banglore,0,4804.0,155,18,6,2019,4,40,7,15,18,6,2019
Multiple carriers,Delhi,Cochin,1,13377.0,690,6,6,2019,14,0,1,30,6,7,2019
Jet Airways,Banglore,Delhi,0,7229.0,175,4,1,2019,11,10,14,5,4,1,2019
IndiGo,Banglore,Delhi,0,8855.0,170,15,3,2019,22,20,1,10,16,3,2019
Multiple carriers,Delhi,Cochin,1,7741.0,535,27,6,2019,10,20,19,15,27,6,2019
Jet Airways,Banglore,Delhi,1,22270.0,315,3,1,2019,8,0,13,15,3,1,2019
Multiple carriers,Delhi,Cochin,1,7740.0,735,6,3,2019,8,45,21,0,6,3,2019
Air India,Kolkata,Banglore,2,14960.0,1600,6,9,2019,9,50,12,30,6,10,2019
Jet Airways,Delhi,Cochin,1,12032.0,535,27,3,2019,9,55,18,50,27,3,2019
Air India,Mumbai,Hyderabad,0,5462.0,80,3,6,2019,21,5,22,25,3,6,2019
Jet Airways,Delhi,Cochin,1,12347.0,1385,21,3,2019,19,45,18,50,22,3,2019
Air India,Chennai,Kolkata,0,3145.0,135,27,3,2019,11,40,13,55,27,3,2019
Jet Airways,Banglore,Delhi,1,7832.0,520,21,3,2019,11,40,20,20,21,3,2019
IndiGo,Kolkata,Banglore,0,4804.0,150,21,6,2019,15,15,17,45,21,6,2019
IndiGo,Delhi,Cochin,1,10482.0,305,3,9,2019,2,5,7,10,3,9,2019
Jet Airways,Delhi,Cochin,1,12373.0,1015,18,5,2019,11,30,4,25,19,5,2019
Multiple carriers,Delhi,Cochin,1,10478.0,915,3,3,2019,7,5,22,20,3,3,2019
Jet Airways,Delhi,Cochin,2,13029.0,1125,18,5,2019,9,40,4,25,19,5,2019
Air India,Delhi,Cochin,1,6482.0,1255,21,3,2019,12,30,9,25,22,3,2019
Jet Airways,Delhi,Cochin,1,15554.0,600,18,5,2019,9,0,19,0,18,5,2019
Multiple carriers,Delhi,Cochin,1,11789.0,615,6,12,2019,8,45,19,0,6,12,2019
IndiGo,Kolkata,Banglore,1,9413.0,340,24,3,2019,14,30,20,10,24,3,2019
Air India,Kolkata,Banglore,1,7662.0,1700,6,9,2019,16,45,21,5,6,10,2019
Multiple carriers,Delhi,Cochin,1,7888.0,390,21,5,2019,19,0,1,30,22,5,2019
Air Asia,Kolkata,Banglore,1,5192.0,955,15,5,2019,7,35,23,30,15,5,2019
Multiple carriers,Delhi,Cochin,1,6007.0,640,24,6,2019,10,20,21,0,24,6,2019
Jet Airways,Delhi,Cochin,1,12898.0,1595,27,5,2019,10,0,12,35,28,5,2019
Air India,Banglore,Delhi,2,11885.0,1545,18,3,2019,8,50,10,35,16,3,2019
Vistara,Kolkata,Banglore,1,14360.0,355,24,3,2019,17,0,22,55,24,3,2019
Air India,Kolkata,Banglore,2,14330.0,1185,5,12,2019,16,45,12,30,13,5,2019
Multiple carriers,Delhi,Cochin,1,6076.0,555,27,3,2019,13,5,22,20,27,3,2019
SpiceJet,Kolkata,Banglore,0,4622.0,160,3,1,2019,6,55,9,35,3,1,2019
Jet Airways,Kolkata,Banglore,1,14388.0,665,5,9,2019,21,10,8,15,5,10,2019
Multiple carriers,Delhi,Cochin,1,9794.0,615,21,5,2019,8,45,19,0,21,5,2019
IndiGo,Kolkata,Banglore,0,4804.0,150,6,3,2019,15,15,17,45,6,3,2019
Jet Airways,Kolkata,Banglore,1,9663.0,450,5,9,2019,21,10,4,40,5,10,2019
GoAir,Delhi,Cochin,1,5842.0,370,5,9,2019,7,25,13,35,5,9,2019
Multiple carriers,Delhi,Cochin,1,15603.0,510,3,3,2019,7,0,15,30,3,3,2019
IndiGo,Kolkata,Banglore,0,5618.0,165,3,3,2019,22,10,0,55,3,4,2019
IndiGo,Kolkata,Banglore,0,6565.0,155,3,3,2019,14,20,16,55,3,3,2019
SpiceJet,Delhi,Cochin,1,5221.0,295,15,4,2019,17,55,22,50,15,4,2019
Jet Airways,Delhi,Cochin,2,10368.0,560,27,6,2019,9,40,19,0,27,6,2019
Air India,Delhi,Cochin,1,7480.0,765,24,6,2019,20,40,9,25,25,6,2019
Jet Airways,Delhi,Cochin,2,13882.0,1490,6,12,2019,11,45,12,35,13,6,2019
IndiGo,Delhi,Cochin,1,6442.0,560,24,6,2019,6,50,16,10,24,6,2019
IndiGo,Banglore,Delhi,0,4823.0,175,24,6,2019,7,10,10,5,24,6,2019
SpiceJet,Kolkata,Banglore,0,3873.0,150,21,5,2019,17,10,19,40,21,5,2019
Jet Airways,Kolkata,Banglore,1,12121.0,1075,5,1,2019,17,0,10,55,5,2,2019
IndiGo,Banglore,Delhi,0,4423.0,170,27,4,2019,10,10,13,0,27,4,2019
Air India,Kolkata,Banglore,0,5510.0,150,24,6,2019,14,15,16,45,24,6,2019
Jet Airways,Banglore,Delhi,0,7229.0,180,4,6,2019,8,20,11,20,4,6,2019
Jet Airways,Delhi,Cochin,1,10577.0,1010,6,9,2019,19,45,12,35,6,10,2019
Jet Airways,Mumbai,Hyderabad,0,8040.0,90,27,3,2019,10,20,11,50,27,3,2019
Jet Airways,Delhi,Cochin,1,14714.0,360,6,3,2019,13,0,19,0,6,3,2019
Jet Airways,Banglore,Delhi,0,7229.0,165,6,9,2019,6,0,8,45,6,9,2019
Multiple carriers,Delhi,Cochin,2,6653.0,855,21,3,2019,7,5,21,20,21,3,2019
IndiGo,Delhi,Cochin,1,6442.0,665,24,6,2019,5,5,16,10,24,6,2019
IndiGo,Kolkata,Banglore,0,4804.0,160,5,12,2019,21,25,0,5,13,5,2019
Air India,Delhi,Cochin,2,9417.0,1210,5,9,2019,13,15,9,25,5,10,2019
Jet Airways,Kolkata,Banglore,1,10844.0,1495,24,5,2019,18,55,19,50,25,5,2019
Jet Airways,Banglore,Delhi,0,7229.0,180,5,12,2019,17,45,20,45,5,12,2019
Jet Airways,Delhi,Cochin,1,15400.0,590,3,6,2019,9,0,18,50,3,6,2019
IndiGo,Delhi,Cochin,1,6416.0,750,15,6,2019,8,30,21,0,15,6,2019
Air India,Banglore,Delhi,0,5176.0,170,4,3,2019,13,20,16,10,4,3,2019
IndiGo,Delhi,Cochin,1,9264.0,575,21,3,2019,16,0,1,35,22,3,2019
Multiple carriers,Delhi,Cochin,1,13587.0,720,6,6,2019,9,0,21,0,6,6,2019
SpiceJet,Chennai,Kolkata,0,3597.0,135,5,1,2019,8,20,10,35,5,1,2019
Air Asia,Banglore,Delhi,0,4282.0,170,27,4,2019,4,55,7,45,27,4,2019
Jet Airways,Mumbai,Hyderabad,0,4995.0,85,27,6,2019,7,5,8,30,27,6,2019
IndiGo,Kolkata,Banglore,0,4804.0,155,6,1,2019,20,20,22,55,6,1,2019
Jet Airways,Kolkata,Banglore,1,10844.0,590,5,6,2019,6,30,16,20,5,6,2019
Jet Airways,Delhi,Cochin,1,14714.0,885,6,1,2019,21,50,12,35,6,2,2019
Jet Airways,Kolkata,Banglore,1,14571.0,730,6,6,2019,21,10,9,20,6,7,2019
Jet Airways,Banglore,Delhi,1,7832.0,1425,21,3,2019,11,40,11,25,19,3,2019
Jet Airways,Kolkata,Banglore,1,11467.0,1295,4,1,2019,20,25,18,0,4,2,2019
Jet Airways,Kolkata,Banglore,1,10953.0,1075,5,9,2019,17,0,10,55,5,10,2019
IndiGo,Kolkata,Banglore,0,4148.0,160,3,9,2019,20,25,23,5,3,9,2019
SpiceJet,Kolkata,Banglore,0,3873.0,145,5,9,2019,9,0,11,25,5,9,2019
IndiGo,Banglore,Delhi,0,3943.0,170,27,4,2019,22,10,1,0,28,4,2019
Air Asia,Delhi,Cochin,1,6151.0,330,27,3,2019,16,45,22,15,27,3,2019
Vistara,Mumbai,Hyderabad,1,12080.0,850,3,12,2019,8,45,22,55,3,12,2019
Jet Airways,Kolkata,Banglore,1,13584.0,845,5,9,2019,20,0,10,5,5,10,2019
IndiGo,Delhi,Cochin,1,6979.0,845,5,6,2019,11,25,1,30,5,7,2019
Air Asia,Banglore,Delhi,0,4482.0,165,3,9,2019,23,25,2,10,13,3,2019
IndiGo,Kolkata,Banglore,1,6284.0,325,4,1,2019,18,5,23,30,4,1,2019
IndiGo,Kolkata,Banglore,1,4226.0,220,24,5,2019,19,35,23,15,24,5,2019
IndiGo,Delhi,Cochin,1,6442.0,570,3,9,2019,6,40,16,10,3,9,2019
Jet Airways,Delhi,Cochin,1,12373.0,520,18,5,2019,19,45,4,25,19,5,2019
Jet Airways,Banglore,Delhi,1,11297.0,550,3,12,2019,5,50,15,0,3,12,2019
Air India,Kolkata,Banglore,2,14083.0,920,24,5,2019,10,0,1,20,25,5,2019
Jet Airways,Delhi,Cochin,0,7202.0,195,6,3,2019,11,0,14,15,6,3,2019
Multiple carriers,Delhi,Cochin,1,11667.0,590,21,3,2019,9,0,18,50,21,3,2019
Jet Airways,Kolkata,Banglore,1,10844.0,1400,24,5,2019,18,55,18,15,25,5,2019
Air India,Banglore,Delhi,1,5932.0,1265,15,3,2019,11,50,8,55,16,3,2019
Multiple carriers,Delhi,Cochin,1,9001.0,630,24,6,2019,8,45,19,15,24,6,2019
Jet Airways,Kolkata,Banglore,1,13469.0,395,6,6,2019,17,0,23,35,6,6,2019
IndiGo,Mumbai,Hyderabad,0,2227.0,90,15,6,2019,21,20,22,50,15,6,2019
IndiGo,Delhi,Cochin,1,5636.0,315,15,5,2019,7,15,12,30,15,5,2019
Multiple carriers,Delhi,Cochin,2,15965.0,625,6,6,2019,15,5,1,30,6,7,2019
IndiGo,Delhi,Cochin,1,5054.0,305,24,6,2019,20,25,1,30,25,6,2019
Multiple carriers,Delhi,Cochin,1,5999.0,540,21,3,2019,7,10,16,10,21,3,2019
IndiGo,Banglore,Delhi,0,4823.0,175,5,1,2019,7,10,10,5,5,1,2019
SpiceJet,Kolkata,Banglore,1,8479.0,435,6,12,2019,11,35,18,50,6,12,2019
Vistara,Kolkata,Banglore,1,8452.0,930,15,5,2019,7,10,22,40,15,5,2019
Jet Airways,Delhi,Cochin,1,14924.0,660,6,3,2019,8,0,19,0,6,3,2019
Air India,Delhi,Cochin,2,10441.0,1410,6,3,2019,19,45,19,15,6,4,2019
Multiple carriers,Delhi,Cochin,1,7485.0,900,21,5,2019,6,0,21,0,21,5,2019
Jet Airways,Banglore,Delhi,0,6478.0,180,6,6,2019,8,20,11,20,6,6,2019
Jet Airways,Delhi,Cochin,2,15129.0,1775,27,5,2019,13,25,19,0,28,5,2019
IndiGo,Kolkata,Banglore,1,3809.0,265,5,1,2019,19,20,23,45,5,1,2019
Jet Airways,Delhi,Cochin,1,18581.0,660,24,6,2019,8,0,19,0,24,6,2019
IndiGo,Kolkata,Banglore,0,5224.0,155,6,9,2019,22,15,0,50,6,10,2019
IndiGo,Delhi,Cochin,1,8330.0,500,5,9,2019,17,10,1,30,5,10,2019
Air India,Banglore,Delhi,0,6961.0,165,6,9,2019,10,0,12,45,6,9,2019
Jet Airways,Delhi,Cochin,1,10262.0,660,6,9,2019,8,0,19,0,6,9,2019
IndiGo,Mumbai,Hyderabad,0,2754.0,90,21,6,2019,2,35,4,5,21,6,2019
Multiple carriers,Delhi,Cochin,1,13727.0,630,18,5,2019,15,0,1,30,19,5,2019
GoAir,Banglore,Delhi,0,3898.0,165,27,4,2019,20,55,23,40,27,4,2019
Jet Airways,Banglore,Delhi,1,11087.0,810,3,12,2019,22,55,12,25,13,3,2019
Air Asia,Banglore,Delhi,0,3383.0,170,4,6,2019,23,55,2,45,4,7,2019
Jet Airways,Delhi,Cochin,1,12557.0,1520,21,3,2019,17,30,18,50,22,3,2019
Jet Airways,Delhi,Cochin,2,8273.0,1325,21,3,2019,6,20,4,25,22,3,2019
Air India,Mumbai,Hyderabad,2,9736.0,545,3,12,2019,10,5,19,10,3,12,2019
Jet Airways,Delhi,Cochin,1,10262.0,1530,24,6,2019,17,30,19,0,25,6,2019
Jet Airways,Delhi,Cochin,2,11664.0,810,4,9,2019,5,30,19,0,4,9,2019
IndiGo,Banglore,Delhi,0,4591.0,170,5,1,2019,23,30,2,20,5,2,2019
Jet Airways,Banglore,Delhi,1,13502.0,305,18,3,2019,14,5,19,10,18,3,2019
Air India,Delhi,Cochin,1,8372.0,375,27,6,2019,13,0,19,15,27,6,2019
Air India,Banglore,Delhi,0,6121.0,165,21,4,2019,6,10,8,55,21,4,2019
Vistara,Banglore,Delhi,0,5613.0,155,21,3,2019,16,0,18,35,21,3,2019
IndiGo,Delhi,Cochin,1,5298.0,320,4,6,2019,6,50,12,10,4,6,2019
Jet Airways,Delhi,Cochin,1,15764.0,1050,3,9,2019,2,15,19,45,3,9,2019
Air Asia,Delhi,Cochin,1,6253.0,870,15,6,2019,7,55,22,25,15,6,2019
Jet Airways,Kolkata,Banglore,1,8586.0,375,18,5,2019,5,45,12,0,18,5,2019
Jet Airways,Delhi,Cochin,2,12273.0,1325,27,3,2019,6,20,4,25,28,3,2019
IndiGo,Mumbai,Hyderabad,0,2227.0,90,15,5,2019,21,20,22,50,15,5,2019
Jet Airways,Banglore,Delhi,0,5769.0,180,6,12,2019,19,50,22,50,6,12,2019
Vistara,Delhi,Cochin,0,6216.0,190,18,4,2019,14,40,17,50,18,4,2019
IndiGo,Delhi,Cochin,1,6386.0,345,6,3,2019,2,0,7,45,6,3,2019
Multiple carriers,Delhi,Cochin,1,16108.0,555,6,1,2019,10,0,19,15,6,1,2019
SpiceJet,Kolkata,Banglore,0,3873.0,140,24,5,2019,22,20,0,40,25,5,2019
IndiGo,Delhi,Cochin,1,6270.0,895,4,9,2019,10,35,1,30,4,10,2019
Air India,Banglore,Delhi,0,5911.0,170,4,12,2019,21,5,23,55,4,12,2019
Multiple carriers,Delhi,Cochin,1,15077.0,605,3,6,2019,9,10,19,15,3,6,2019
Jet Airways,Banglore,Delhi,1,31825.0,890,3,1,2019,20,35,11,25,3,2,2019
SpiceJet,Kolkata,Banglore,1,8479.0,435,5,6,2019,11,35,18,50,5,6,2019
Vistara,Kolkata,Banglore,1,9397.0,1555,5,12,2019,7,10,9,5,13,5,2019
Jet Airways,Delhi,Cochin,1,10262.0,1655,6,3,2019,9,0,12,35,6,4,2019
IndiGo,Delhi,Cochin,0,4729.0,195,4,3,2019,5,35,8,50,4,3,2019
Jet Airways,Delhi,Cochin,1,14714.0,1530,6,1,2019,17,30,19,0,6,2,2019
IndiGo,Kolkata,Banglore,0,4804.0,155,15,5,2019,17,15,19,50,15,5,2019
IndiGo,Kolkata,Banglore,0,4804.0,165,6,3,2019,20,25,23,10,6,3,2019
Air India,Mumbai,Hyderabad,0,2050.0,80,4,1,2019,21,5,22,25,4,1,2019
Multiple carriers,Delhi,Cochin,1,8371.0,705,27,3,2019,7,30,19,15,27,3,2019
Multiple carriers,Delhi,Cochin,1,12192.0,540,27,6,2019,10,0,19,0,27,6,2019
Multiple carriers Premium economy,Delhi,Cochin,1,14629.0,770,21,3,2019,6,0,18,50,21,3,2019
IndiGo,Banglore,Delhi,0,4823.0,175,4,9,2019,18,25,21,20,4,9,2019
Multiple carriers,Delhi,Cochin,1,14323.0,375,5,9,2019,13,0,19,15,5,9,2019
Jet Airways,Delhi,Cochin,2,15129.0,1390,5,9,2019,13,25,12,35,5,10,2019
IndiGo,Delhi,Cochin,1,6758.0,860,18,5,2019,6,40,21,0,18,5,2019
Multiple carriers,Delhi,Cochin,1,14848.0,615,21,5,2019,9,0,19,15,21,5,2019
Air India,Banglore,Delhi,2,12358.0,1670,3,3,2019,6,45,10,35,3,7,2019
Jet Airways,Banglore,Delhi,0,4030.0,185,21,5,2019,18,55,22,0,21,5,2019
Air India,Kolkata,Banglore,0,4960.0,150,3,9,2019,14,15,16,45,3,9,2019
Air India,Delhi,Cochin,2,8656.0,1595,27,3,2019,16,40,19,15,28,3,2019
IndiGo,Delhi,Cochin,1,14871.0,710,3,6,2019,9,10,21,0,3,6,2019
GoAir,Delhi,Cochin,1,4563.0,440,27,3,2019,6,0,13,20,27,3,2019
IndiGo,Mumbai,Hyderabad,0,4784.0,85,3,6,2019,21,20,22,45,3,6,2019
IndiGo,Banglore,Delhi,0,4823.0,170,6,1,2019,20,0,22,50,6,1,2019
Vistara,Chennai,Kolkata,0,3687.0,135,5,3,2019,7,5,9,20,5,3,2019
Jet Airways,Banglore,Delhi,0,7229.0,175,27,4,2019,15,15,18,10,27,4,2019
Jet Airways,Banglore,Delhi,0,7229.0,180,15,4,2019,7,10,10,10,15,4,2019
Air India,Delhi,Cochin,1,7174.0,1010,21,4,2019,6,10,23,0,21,4,2019
Air India,Delhi,Cochin,2,11071.0,1490,21,3,2019,6,50,7,40,22,3,2019
IndiGo,Delhi,Cochin,1,6979.0,965,15,5,2019,4,55,21,0,15,5,2019
IndiGo,Chennai,Kolkata,0,3850.0,140,15,5,2019,7,55,10,15,15,5,2019
Jet Airways,Kolkata,Banglore,1,13044.0,800,6,12,2019,20,0,9,20,13,6,2019
Jet Airways,Delhi,Cochin,1,12373.0,450,18,5,2019,20,55,4,25,19,5,2019
Air India,Delhi,Cochin,2,13801.0,1100,18,5,2019,13,20,7,40,19,5,2019
IndiGo,Banglore,Delhi,0,4823.0,170,6,1,2019,8,30,11,20,6,1,2019
Air India,Delhi,Cochin,1,6587.0,1535,6,9,2019,5,15,6,50,6,10,2019
IndiGo,Mumbai,Hyderabad,0,2227.0,95,6,3,2019,20,5,21,40,6,3,2019
Jet Airways,Kolkata,Banglore,1,14151.0,1285,6,9,2019,17,0,14,25,6,10,2019
Air India,Banglore,Delhi,2,25430.0,2315,3,1,2019,8,50,23,25,3,2,2019
SpiceJet,Banglore,Delhi,0,4319.0,175,27,6,2019,21,10,0,5,28,6,2019
Air India,Delhi,Cochin,1,14462.0,1660,3,3,2019,4,0,7,40,3,4,2019
Jet Airways,Kolkata,Banglore,1,8586.0,1655,21,5,2019,6,30,10,5,22,5,2019
Air India,Kolkata,Banglore,1,7662.0,675,6,9,2019,9,50,21,5,6,9,2019
Jet Airways,Mumbai,Hyderabad,0,4995.0,85,5,3,2019,7,5,8,30,5,3,2019
Multiple carriers,Delhi,Cochin,1,7408.0,720,6,9,2019,9,0,21,0,6,9,2019
Jet Airways,Mumbai,Hyderabad,0,5678.0,90,15,3,2019,19,35,21,5,15,3,2019
Jet Airways,Mumbai,Hyderabad,0,5678.0,90,6,9,2019,19,35,21,5,6,9,2019
Jet Airways,Banglore,Delhi,1,26890.0,950,3,1,2019,8,55,0,45,3,2,2019
Air India,Mumbai,Hyderabad,2,13904.0,2245,3,6,2019,6,0,19,25,3,7,2019
Jet Airways,Delhi,Cochin,2,15318.0,505,6,1,2019,20,0,4,25,6,2,2019
Vistara,Kolkata,Banglore,1,8452.0,1580,15,5,2019,20,20,22,40,16,5,2019
IndiGo,Delhi,Cochin,1,6314.0,625,6,9,2019,10,35,21,0,6,9,2019
Air India,Kolkata,Banglore,1,10203.0,625,5,1,2019,10,0,20,25,5,1,2019
SpiceJet,Chennai,Kolkata,0,3597.0,135,15,6,2019,8,20,10,35,15,6,2019
Multiple carriers,Delhi,Cochin,1,8266.0,535,6,12,2019,10,20,19,15,6,12,2019
Jet Airways,Delhi,Cochin,1,12373.0,885,18,5,2019,21,50,12,35,19,5,2019
Jet Airways,Banglore,Delhi,1,36235.0,435,3,1,2019,14,5,21,20,3,1,2019
IndiGo,Delhi,Cochin,1,14871.0,755,3,3,2019,8,25,21,0,3,3,2019
Jet Airways,Banglore,Delhi,0,7229.0,180,4,12,2019,17,45,20,45,4,12,2019
IndiGo,Kolkata,Banglore,0,4804.0,155,24,4,2019,22,15,0,50,25,4,2019
IndiGo,Banglore,Delhi,0,7303.0,175,3,3,2019,20,0,22,55,3,3,2019
Multiple carriers,Delhi,Cochin,1,13587.0,570,6,1,2019,11,30,21,0,6,1,2019
Multiple carriers,Delhi,Cochin,1,7740.0,455,18,5,2019,14,55,22,30,18,5,2019
IndiGo,Chennai,Kolkata,0,7295.0,145,3,1,2019,14,40,17,5,3,1,2019
Multiple carriers,Delhi,Cochin,1,18916.0,440,3,3,2019,18,15,1,35,3,4,2019
Multiple carriers,Delhi,Cochin,1,8266.0,385,21,5,2019,12,50,19,15,21,5,2019
Jet Airways,Delhi,Cochin,1,12373.0,1570,18,5,2019,2,15,4,25,19,5,2019
Multiple carriers,Delhi,Cochin,1,11188.0,555,18,5,2019,13,15,22,30,18,5,2019
Jet Airways,Kolkata,Banglore,1,14151.0,505,18,5,2019,9,35,18,0,18,5,2019
Jet Airways,Delhi,Cochin,1,14714.0,660,6,1,2019,8,0,19,0,6,1,2019
Jet Airways,Banglore,Delhi,0,7229.0,180,4,6,2019,7,10,10,10,4,6,2019
Jet Airways,Delhi,Cochin,1,12242.0,1165,27,3,2019,9,0,4,25,28,3,2019
Jet Airways,Banglore,Delhi,1,9134.0,325,15,3,2019,7,0,12,25,15,3,2019
IndiGo,Banglore,Delhi,0,3943.0,170,5,1,2019,22,10,1,0,5,2,2019
Air India,Banglore,Delhi,0,6961.0,165,6,1,2019,10,0,12,45,6,1,2019
Jet Airways,Mumbai,Hyderabad,2,23843.0,500,3,12,2019,8,15,16,35,3,12,2019
SpiceJet,Chennai,Kolkata,0,3597.0,135,24,5,2019,9,45,12,0,24,5,2019
Multiple carriers,Delhi,Cochin,1,7408.0,480,27,6,2019,13,0,21,0,27,6,2019
SpiceJet,Banglore,Delhi,0,3257.0,160,27,5,2019,5,55,8,35,27,5,2019
SpiceJet,Mumbai,Hyderabad,0,1965.0,90,5,6,2019,5,45,7,15,5,6,2019
Multiple carriers,Delhi,Cochin,1,9100.0,755,27,3,2019,6,40,19,15,27,3,2019
Air India,Mumbai,Hyderabad,0,3100.0,75,18,6,2019,19,30,20,45,18,6,2019
Jet Airways,Banglore,Delhi,1,26890.0,625,3,1,2019,8,0,18,25,3,1,2019
Jet Airways,Banglore,Delhi,0,8016.0,180,24,6,2019,17,45,20,45,24,6,2019
Air India,Kolkata,Banglore,1,12173.0,1435,24,3,2019,20,30,20,25,25,3,2019
IndiGo,Delhi,Cochin,1,8784.0,965,27,5,2019,4,55,21,0,27,5,2019
IndiGo,Delhi,Cochin,1,5298.0,320,5,9,2019,6,50,12,10,5,9,2019
Jet Airways,Banglore,Delhi,1,11087.0,1475,3,9,2019,8,55,9,30,13,3,2019
SpiceJet,Delhi,Cochin,1,5409.0,295,6,9,2019,17,55,22,50,6,9,2019
GoAir,Delhi,Cochin,1,5842.0,370,5,1,2019,7,25,13,35,5,1,2019
Jet Airways,Mumbai,Hyderabad,0,2228.0,90,18,3,2019,15,50,17,20,18,3,2019
SpiceJet,Chennai,Kolkata,0,3543.0,140,5,6,2019,17,45,20,5,5,6,2019
IndiGo,Kolkata,Banglore,1,7228.0,315,21,5,2019,21,0,2,15,22,5,2019
IndiGo,Delhi,Cochin,1,6287.0,425,15,4,2019,5,5,12,10,15,4,2019
Multiple carriers,Delhi,Cochin,1,13377.0,750,27,6,2019,13,0,1,30,28,6,2019
IndiGo,Kolkata,Banglore,0,6985.0,165,3,3,2019,17,15,20,0,3,3,2019
Air India,Delhi,Cochin,1,8372.0,375,6,3,2019,13,0,19,15,6,3,2019
Air India,Kolkata,Banglore,2,14687.0,1200,21,5,2019,9,25,5,25,22,5,2019
Jet Airways,Delhi,Cochin,0,9564.0,195,3,9,2019,11,0,14,15,3,9,2019
Vistara,Mumbai,Hyderabad,1,12080.0,480,3,12,2019,8,45,16,45,3,12,2019
Multiple carriers,Delhi,Cochin,2,18275.0,460,6,3,2019,17,50,1,30,6,4,2019
IndiGo,Delhi,Cochin,1,6093.0,810,6,6,2019,7,30,21,0,6,6,2019
Jet Airways,Delhi,Cochin,2,14861.0,1365,3,9,2019,5,40,4,25,3,10,2019
IndiGo,Kolkata,Banglore,0,4804.0,155,18,5,2019,11,30,14,5,18,5,2019
Jet Airways,Kolkata,Banglore,1,9314.0,1365,5,1,2019,20,25,19,10,5,2,2019
Multiple carriers,Delhi,Cochin,1,9794.0,615,5,9,2019,8,45,19,0,5,9,2019
Jet Airways,Delhi,Cochin,2,13029.0,810,21,5,2019,5,30,19,0,21,5,2019
SpiceJet,Kolkata,Banglore,0,3841.0,150,6,3,2019,17,10,19,40,6,3,2019
Jet Airways,Banglore,Delhi,1,12284.0,315,18,3,2019,8,0,13,15,18,3,2019
Jet Airways,Delhi,Cochin,1,14714.0,395,6,9,2019,21,50,4,25,6,10,2019
Jet Airways,Kolkata,Banglore,1,7064.0,965,4,1,2019,6,30,22,35,4,1,2019
Jet Airways,Banglore,Delhi,0,5198.0,180,18,5,2019,7,10,10,10,18,5,2019
Jet Airways,Kolkata,Banglore,1,14781.0,590,15,5,2019,6,30,16,20,15,5,2019
Air India,Delhi,Cochin,2,13381.0,1380,24,6,2019,20,15,19,15,25,6,2019
Air India,Delhi,Cochin,0,6094.0,170,6,1,2019,5,10,8,0,6,1,2019
IndiGo,Delhi,Cochin,1,5298.0,320,6,1,2019,6,50,12,10,6,1,2019
Multiple carriers,Delhi,Cochin,1,7408.0,660,27,6,2019,10,0,21,0,27,6,2019
Jet Airways,Kolkata,Banglore,1,14388.0,890,5,12,2019,21,10,12,0,13,5,2019
Air India,Delhi,Cochin,2,9443.0,1410,24,6,2019,19,45,19,15,25,6,2019
Air India,Delhi,Cochin,2,11762.0,2170,3,3,2019,7,5,19,15,3,4,2019
Air India,Delhi,Cochin,1,7480.0,1255,27,6,2019,12,30,9,25,28,6,2019
IndiGo,Delhi,Cochin,0,5406.0,195,15,3,2019,5,35,8,50,15,3,2019
Jet Airways,Delhi,Cochin,0,9564.0,195,6,12,2019,11,0,14,15,6,12,2019
Jet Airways,Delhi,Cochin,2,10368.0,560,6,9,2019,9,40,19,0,6,9,2019
IndiGo,Delhi,Cochin,1,5636.0,315,5,9,2019,7,15,12,30,5,9,2019
SpiceJet,Mumbai,Hyderabad,0,1965.0,90,5,9,2019,22,45,0,15,5,10,2019
Jet Airways,Kolkata,Banglore,1,12739.0,450,6,12,2019,21,10,4,40,13,6,2019
IndiGo,Kolkata,Banglore,0,4148.0,155,3,12,2019,14,20,16,55,3,12,2019
IndiGo,Delhi,Cochin,1,7191.0,860,5,9,2019,6,40,21,0,5,9,2019
Jet Airways,Delhi,Cochin,1,10262.0,1280,6,6,2019,7,5,4,25,6,7,2019
Vistara,Kolkata,Banglore,1,12312.0,630,24,3,2019,9,55,20,25,24,3,2019
Jet Airways,Delhi,Cochin,1,10262.0,1485,6,3,2019,18,15,19,0,6,4,2019
Jet Airways,Delhi,Cochin,0,9564.0,195,15,6,2019,11,0,14,15,15,6,2019
Jet Airways,Kolkata,Banglore,1,13759.0,1335,24,3,2019,6,30,4,45,25,3,2019
Vistara,Kolkata,Banglore,1,8610.0,1640,5,6,2019,17,0,20,20,5,7,2019
Jet Airways,Delhi,Cochin,1,14714.0,360,15,6,2019,13,0,19,0,15,6,2019
IndiGo,Banglore,Delhi,0,4823.0,170,6,3,2019,8,30,11,20,6,3,2019
Air Asia,Delhi,Cochin,1,6451.0,470,27,5,2019,7,55,15,45,27,5,2019
Jet Airways,Delhi,Cochin,1,16079.0,300,21,5,2019,14,0,19,0,21,5,2019
Jet Airways,Delhi,Cochin,0,7202.0,195,6,1,2019,11,0,14,15,6,1,2019
IndiGo,Banglore,Delhi,0,4944.0,170,24,3,2019,23,30,2,20,22,3,2019
SpiceJet,Banglore,Delhi,0,3625.0,160,6,1,2019,5,55,8,35,6,1,2019
Jet Airways,Kolkata,Banglore,1,9663.0,1315,5,9,2019,14,5,12,0,5,10,2019
Multiple carriers,Delhi,Cochin,1,9794.0,520,15,5,2019,10,20,19,0,15,5,2019
SpiceJet,Mumbai,Hyderabad,0,2437.0,90,5,1,2019,13,15,14,45,5,1,2019
Multiple carriers,Delhi,Cochin,1,13377.0,930,15,6,2019,10,0,1,30,16,6,2019
Jet Airways,Kolkata,Banglore,1,8586.0,520,6,6,2019,20,0,4,40,6,7,2019
Jet Airways,Banglore,Delhi,1,19225.0,380,3,6,2019,8,55,15,15,3,6,2019
Jet Airways,Delhi,Cochin,1,15554.0,335,18,5,2019,22,50,4,25,19,5,2019
Jet Airways,Kolkata,Banglore,1,12121.0,750,5,1,2019,9,35,22,5,5,1,2019
IndiGo,Banglore,Delhi,0,3943.0,170,27,5,2019,10,10,13,0,27,5,2019
Jet Airways,Banglore,Delhi,1,13555.0,695,18,3,2019,21,25,9,0,16,3,2019
IndiGo,Banglore,Delhi,0,4990.0,185,21,6,2019,18,15,21,20,21,6,2019
Air India,Delhi,Cochin,1,8854.0,1590,3,6,2019,20,30,23,0,3,7,2019
Multiple carriers,Delhi,Cochin,1,7878.0,540,27,5,2019,7,10,16,10,27,5,2019
Vistara,Banglore,Delhi,0,8028.0,165,3,3,2019,9,50,12,35,3,3,2019
Jet Airways,Kolkata,Banglore,1,8586.0,800,5,9,2019,18,55,8,15,5,10,2019
Air India,Kolkata,Banglore,2,15164.0,1215,5,1,2019,17,30,13,45,5,2,2019
Jet Airways,Banglore,Delhi,1,12284.0,495,18,3,2019,7,0,15,15,18,3,2019
Jet Airways,Mumbai,Hyderabad,0,4995.0,85,21,6,2019,7,5,8,30,21,6,2019
Multiple carriers,Delhi,Cochin,1,10051.0,630,27,5,2019,8,45,19,15,27,5,2019
Jet Airways,Kolkata,Banglore,1,9663.0,1200,21,5,2019,14,5,10,5,22,5,2019
Air India,Kolkata,Banglore,2,14424.0,1345,5,1,2019,7,0,5,25,5,2,2019
Jet Airways,Delhi,Cochin,1,14714.0,540,15,6,2019,10,0,19,0,15,6,2019
Air India,Mumbai,Hyderabad,0,3100.0,90,24,5,2019,13,55,15,25,24,5,2019
IndiGo,Delhi,Cochin,1,6493.0,320,6,6,2019,17,5,22,25,6,6,2019
Jet Airways,Kolkata,Banglore,1,14571.0,1025,6,6,2019,6,30,23,35,6,6,2019
Jet Airways,Delhi,Cochin,2,10368.0,810,15,6,2019,5,30,19,0,15,6,2019
Jet Airways,Delhi,Cochin,1,14714.0,805,6,3,2019,15,0,4,25,6,4,2019
SpiceJet,Chennai,Kolkata,0,3543.0,135,18,5,2019,8,20,10,35,18,5,2019
Air Asia,Kolkata,Banglore,1,6810.0,710,6,6,2019,7,35,19,25,6,6,2019
SpiceJet,Kolkata,Banglore,0,5201.0,150,24,3,2019,9,0,11,30,24,3,2019
Multiple carriers,Delhi,Cochin,1,13377.0,480,24,6,2019,17,30,1,30,25,6,2019
Multiple carriers Premium economy,Delhi,Cochin,1,14629.0,680,21,3,2019,7,30,18,50,21,3,2019
IndiGo,Delhi,Cochin,1,6093.0,810,4,9,2019,7,30,21,0,4,9,2019
Multiple carriers,Delhi,Cochin,3,15419.0,835,6,12,2019,11,35,1,30,13,6,2019
Air India,Kolkata,Banglore,2,13484.0,1255,21,5,2019,16,50,13,45,22,5,2019
Air India,Delhi,Cochin,1,8372.0,640,18,5,2019,21,0,7,40,19,5,2019
Air India,Banglore,Delhi,2,8534.0,1625,15,3,2019,8,15,11,20,16,3,2019
Jet Airways,Banglore,Delhi,0,4030.0,180,15,5,2019,17,45,20,45,15,5,2019
Jet Airways,Delhi,Cochin,2,13292.0,1130,24,6,2019,9,35,4,25,25,6,2019
Jet Airways,Delhi,Cochin,2,13014.0,1375,24,6,2019,5,30,4,25,25,6,2019
Air India,Delhi,Cochin,1,16754.0,675,3,9,2019,8,0,19,15,3,9,2019
IndiGo,Kolkata,Banglore,0,6565.0,160,3,1,2019,17,15,19,55,3,1,2019
Jet Airways,Delhi,Cochin,1,16079.0,1210,27,5,2019,22,50,19,0,28,5,2019
Jet Airways,Delhi,Cochin,2,11507.0,910,5,9,2019,21,25,12,35,5,10,2019
Vistara,Mumbai,Hyderabad,1,12395.0,1555,3,6,2019,7,30,9,25,3,7,2019
IndiGo,Banglore,Delhi,1,22153.0,300,3,1,2019,19,35,0,35,3,2,2019
Jet Airways,Delhi,Cochin,2,10919.0,1790,27,6,2019,6,45,12,35,28,6,2019
Jet Airways,Kolkata,Banglore,1,13759.0,455,24,3,2019,21,10,4,45,25,3,2019
Air India,Delhi,Cochin,0,6094.0,170,18,4,2019,5,10,8,0,18,4,2019
Air India,Kolkata,Banglore,2,11542.0,1700,21,5,2019,9,25,13,45,22,5,2019
Jet Airways,Delhi,Cochin,2,13376.0,1300,6,9,2019,6,45,4,25,6,10,2019
Jet Airways,Banglore,Delhi,1,25735.0,1365,3,1,2019,11,40,10,25,3,2,2019
Jet Airways,Banglore,Delhi,1,17471.0,1450,3,6,2019,22,50,23,0,3,7,2019
Jet Airways,Kolkata,Banglore,1,10844.0,425,6,9,2019,16,30,23,35,6,9,2019
Air India,Delhi,Cochin,1,8372.0,760,6,3,2019,19,0,7,40,6,4,2019
IndiGo,Chennai,Kolkata,0,3858.0,145,15,6,2019,11,35,14,0,15,6,2019
IndiGo,Banglore,Delhi,0,5694.0,165,15,3,2019,1,30,4,15,15,3,2019
Jet Airways,Delhi,Cochin,1,17234.0,1475,3,3,2019,18,15,18,50,3,4,2019
Jet Airways,Delhi,Cochin,2,11546.0,1140,4,9,2019,9,25,4,25,4,10,2019
Vistara,Banglore,Delhi,0,8028.0,160,3,3,2019,7,0,9,40,3,3,2019
Jet Airways,Banglore,Delhi,0,8016.0,180,15,6,2019,19,50,22,50,15,6,2019
Air India,Kolkata,Banglore,1,10413.0,1435,24,5,2019,20,30,20,25,25,5,2019
Air India,Banglore,Delhi,2,11948.0,665,3,12,2019,11,5,22,10,3,12,2019
Jet Airways,Mumbai,Hyderabad,0,3205.0,90,4,1,2019,10,20,11,50,4,1,2019
IndiGo,Banglore,Delhi,0,4423.0,170,18,5,2019,13,0,15,50,18,5,2019
Vistara,Banglore,Delhi,0,4878.0,160,24,3,2019,7,0,9,40,24,3,2019
IndiGo,Delhi,Cochin,1,5912.0,310,15,4,2019,17,5,22,15,15,4,2019
Air India,Kolkata,Banglore,2,11411.0,1625,5,12,2019,5,50,8,55,13,5,2019
Multiple carriers,Delhi,Cochin,1,7618.0,840,24,6,2019,7,0,21,0,24,6,2019
Jet Airways,Banglore,Delhi,0,7229.0,175,4,12,2019,15,15,18,10,4,12,2019
IndiGo,Delhi,Cochin,1,6147.0,290,27,6,2019,15,10,20,0,27,6,2019
Jet Airways,Delhi,Cochin,2,14237.0,600,15,6,2019,18,25,4,25,16,6,2019
IndiGo,Delhi,Cochin,1,6101.0,355,21,3,2019,7,45,13,40,21,3,2019
Air India,Kolkata,Banglore,2,12324.0,765,21,5,2019,16,50,5,35,22,5,2019
Vistara,Banglore,Delhi,1,18387.0,915,3,1,2019,6,40,21,55,3,1,2019
Jet Airways,Delhi,Cochin,1,10262.0,745,6,3,2019,16,0,4,25,6,4,2019
Jet Airways,Delhi,Cochin,1,10262.0,600,15,6,2019,9,0,19,0,15,6,2019
Jet Airways,Banglore,Delhi,0,7229.0,180,21,4,2019,7,10,10,10,21,4,2019
Air Asia,Kolkata,Banglore,0,3807.0,150,27,6,2019,22,50,1,20,28,6,2019
Multiple carriers,Delhi,Cochin,1,7695.0,620,21,3,2019,15,15,1,35,22,3,2019
Air India,Kolkata,Banglore,2,12723.0,1625,18,5,2019,5,50,8,55,19,5,2019
SpiceJet,Mumbai,Hyderabad,0,2175.0,90,15,5,2019,13,15,14,45,15,5,2019
IndiGo,Delhi,Cochin,1,6628.0,975,27,5,2019,9,15,1,30,28,5,2019
Jet Airways,Delhi,Cochin,2,13376.0,830,6,12,2019,14,35,4,25,13,6,2019
IndiGo,Kolkata,Banglore,0,4148.0,155,27,3,2019,15,10,17,45,27,3,2019
Jet Airways,Delhi,Cochin,2,9254.0,1380,27,3,2019,5,25,4,25,28,3,2019
Jet Airways,Banglore,Delhi,0,8016.0,185,24,6,2019,18,55,22,0,24,6,2019
Jet Airways,Banglore,Delhi,0,4030.0,180,5,1,2019,17,45,20,45,5,1,2019
Jet Airways,Banglore,Delhi,0,5198.0,180,5,12,2019,17,45,20,45,5,12,2019
Air Asia,Kolkata,Banglore,0,4409.0,150,15,4,2019,19,55,22,25,15,4,2019
Air India,Mumbai,Hyderabad,0,10082.0,90,3,1,2019,13,55,15,25,3,1,2019
Jet Airways,Kolkata,Banglore,1,9663.0,1200,18,5,2019,14,5,10,5,19,5,2019
SpiceJet,Banglore,Delhi,0,3971.0,160,4,3,2019,5,55,8,35,4,3,2019
IndiGo,Chennai,Kolkata,0,6297.0,140,15,3,2019,7,55,10,15,15,3,2019
SpiceJet,Banglore,Delhi,0,3573.0,160,5,9,2019,5,55,8,35,5,9,2019
Jet Airways,Kolkata,Banglore,1,10844.0,510,21,5,2019,14,5,22,35,21,5,2019
IndiGo,Banglore,Delhi,0,4423.0,165,27,4,2019,6,5,8,50,27,4,2019
Jet Airways,Banglore,Delhi,1,19225.0,435,3,6,2019,14,5,21,20,3,6,2019
IndiGo,Chennai,Kolkata,0,6297.0,145,3,12,2019,22,5,0,30,13,3,2019
SpiceJet,Kolkata,Banglore,0,3849.0,140,3,6,2019,22,20,0,40,3,7,2019
Multiple carriers,Delhi,Cochin,1,15078.0,450,3,6,2019,8,0,15,30,3,6,2019
IndiGo,Kolkata,Banglore,1,4205.0,265,5,12,2019,19,20,23,45,5,12,2019
Air India,Banglore,Delhi,0,5228.0,170,27,5,2019,13,20,16,10,27,5,2019
Multiple carriers,Delhi,Cochin,1,7408.0,840,6,6,2019,7,0,21,0,6,6,2019
Jet Airways,Banglore,Delhi,0,7229.0,175,6,9,2019,11,10,14,5,6,9,2019
Jet Airways,Delhi,Cochin,2,10919.0,830,15,6,2019,14,35,4,25,16,6,2019
Jet Airways,Banglore,Delhi,0,4544.0,175,5,1,2019,15,15,18,10,5,1,2019
Jet Airways,Delhi,Cochin,1,6540.0,1225,21,3,2019,8,0,4,25,22,3,2019
Jet Airways,Delhi,Cochin,2,9483.0,1420,21,3,2019,19,10,18,50,22,3,2019
Jet Airways,Delhi,Cochin,1,16079.0,540,21,5,2019,10,0,19,0,21,5,2019
Multiple carriers,Delhi,Cochin,1,13377.0,435,6,1,2019,18,15,1,30,6,2,2019
IndiGo,Banglore,Delhi,0,4823.0,175,6,3,2019,18,55,21,50,6,3,2019
Jet Airways,Kolkata,Banglore,1,14151.0,1075,15,5,2019,17,0,10,55,16,5,2019
GoAir,Kolkata,Banglore,1,6095.0,495,5,9,2019,23,30,7,45,5,10,2019
Air India,Delhi,Cochin,1,12029.0,555,27,5,2019,10,0,19,15,27,5,2019
Air India,Kolkata,Banglore,1,4437.0,965,4,6,2019,19,0,11,5,4,7,2019
IndiGo,Banglore,Delhi,0,3419.0,165,27,6,2019,1,30,4,15,27,6,2019
IndiGo,Banglore,Delhi,0,3943.0,170,4,1,2019,10,10,13,0,4,1,2019
Multiple carriers,Delhi,Cochin,1,13542.0,695,21,3,2019,14,0,1,35,22,3,2019
Air India,Delhi,Cochin,1,7174.0,320,27,6,2019,17,40,23,0,27,6,2019
IndiGo,Mumbai,Hyderabad,0,7417.0,85,3,9,2019,9,10,10,35,3,9,2019
Jet Airways,Delhi,Cochin,2,16704.0,900,5,9,2019,13,25,4,25,5,10,2019
Air India,Kolkata,Banglore,0,4435.0,155,18,3,2019,20,45,23,20,18,3,2019
Air India,Kolkata,Banglore,2,11432.0,1210,21,5,2019,9,25,5,35,22,5,2019
Air Asia,Banglore,Delhi,0,3383.0,170,21,6,2019,23,55,2,45,22,6,2019
IndiGo,Kolkata,Banglore,0,4804.0,155,21,4,2019,4,40,7,15,21,4,2019
Air Asia,Banglore,Delhi,0,3383.0,170,27,5,2019,4,55,7,45,27,5,2019
IndiGo,Kolkata,Banglore,1,6991.0,320,24,5,2019,15,10,20,30,24,5,2019
Air India,Delhi,Cochin,2,10441.0,2295,5,9,2019,5,0,19,15,5,10,2019
IndiGo,Delhi,Cochin,1,5073.0,265,21,3,2019,7,35,12,0,21,3,2019
Multiple carriers,Delhi,Cochin,1,7695.0,915,21,3,2019,10,20,1,35,22,3,2019
Air India,Delhi,Cochin,1,7480.0,765,24,5,2019,20,40,9,25,25,5,2019
Jet Airways,Delhi,Cochin,1,10262.0,1505,6,9,2019,11,30,12,35,6,10,2019
Jet Airways,Banglore,Delhi,1,13817.0,750,3,12,2019,22,55,11,25,13,3,2019
Jet Airways,Kolkata,Banglore,1,13067.0,575,21,5,2019,9,35,19,10,21,5,2019
SpiceJet,Mumbai,Hyderabad,0,1965.0,90,6,6,2019,13,15,14,45,6,6,2019
IndiGo,Delhi,Cochin,1,6674.0,560,6,6,2019,6,50,16,10,6,6,2019
Air India,Mumbai,Hyderabad,2,16172.0,710,3,12,2019,5,5,16,55,3,12,2019
Multiple carriers,Delhi,Cochin,1,7268.0,385,24,6,2019,12,50,19,15,24,6,2019
Jet Airways,Banglore,Delhi,1,17524.0,315,15,3,2019,7,0,12,15,15,3,2019
Multiple carriers,Delhi,Cochin,1,7888.0,450,21,5,2019,18,0,1,30,22,5,2019
IndiGo,Mumbai,Hyderabad,0,2754.0,90,6,6,2019,19,5,20,35,6,6,2019
Air India,Banglore,Delhi,3,10573.0,715,3,3,2019,12,0,23,55,3,3,2019
Multiple carriers,Delhi,Cochin,1,11789.0,440,6,9,2019,11,40,19,0,6,9,2019
Jet Airways,Kolkata,Banglore,1,13067.0,1365,5,6,2019,20,25,19,10,5,7,2019
IndiGo,Banglore,Delhi,0,4238.0,165,24,3,2019,0,40,3,25,24,3,2019
Multiple carriers,Delhi,Cochin,1,9794.0,690,21,5,2019,7,30,19,0,21,5,2019
Air India,Delhi,Cochin,2,7615.0,1580,21,3,2019,7,5,9,25,22,3,2019
Jet Airways,Delhi,Cochin,2,11664.0,2525,21,3,2019,10,20,4,25,23,3,2019
Jet Airways,Kolkata,Banglore,1,7064.0,800,4,1,2019,6,30,19,50,4,1,2019
IndiGo,Kolkata,Banglore,1,3809.0,265,15,4,2019,19,20,23,45,15,4,2019
SpiceJet,Kolkata,Banglore,0,3841.0,150,18,6,2019,17,10,19,40,18,6,2019
Multiple carriers,Delhi,Cochin,1,6795.0,830,27,5,2019,11,40,1,30,28,5,2019
IndiGo,Kolkata,Banglore,1,4565.0,290,24,4,2019,15,15,20,5,24,4,2019
IndiGo,Delhi,Cochin,1,12351.0,420,3,9,2019,18,35,1,35,3,10,2019
IndiGo,Delhi,Cochin,0,5021.0,195,18,3,2019,21,5,0,20,19,3,2019
Air India,Delhi,Cochin,2,10467.0,1220,21,5,2019,13,5,9,25,22,5,2019
Air India,Banglore,Delhi,0,6121.0,165,15,4,2019,17,0,19,45,15,4,2019
SpiceJet,Chennai,Kolkata,0,6300.0,140,15,3,2019,17,45,20,5,15,3,2019
Air Asia,Banglore,Delhi,0,10715.0,170,3,1,2019,5,50,8,40,3,1,2019
Air India,Kolkata,Banglore,0,5510.0,150,24,5,2019,14,15,16,45,24,5,2019
Jet Airways,Banglore,Delhi,0,6144.0,185,5,3,2019,18,55,22,0,5,3,2019
Jet Airways,Delhi,Cochin,2,19329.0,1475,3,6,2019,19,10,19,45,3,7,2019
Air India,Mumbai,Hyderabad,2,13253.0,1840,3,6,2019,12,45,19,25,3,7,2019
Jet Airways,Kolkata,Banglore,1,13941.0,800,5,12,2019,6,30,19,50,5,12,2019
IndiGo,Kolkata,Banglore,0,4488.0,155,4,1,2019,20,20,22,55,4,1,2019
SpiceJet,Kolkata,Banglore,0,3841.0,155,6,3,2019,6,55,9,30,6,3,2019
Multiple carriers,Delhi,Cochin,1,7575.0,470,15,5,2019,11,25,19,15,15,5,2019
Air India,Delhi,Cochin,2,9968.0,1595,27,5,2019,16,40,19,15,28,5,2019
Jet Airways,Delhi,Cochin,2,15129.0,1775,5,9,2019,13,25,19,0,5,10,2019
IndiGo,Kolkata,Banglore,1,4864.0,330,5,6,2019,7,10,12,40,5,6,2019
Air India,Delhi,Cochin,1,7480.0,965,6,3,2019,17,20,9,25,6,4,2019
Multiple carriers,Delhi,Cochin,1,15867.0,710,3,6,2019,7,0,18,50,3,6,2019
Jet Airways,Kolkata,Banglore,1,13067.0,750,21,5,2019,9,35,22,5,21,5,2019
Air India,Kolkata,Banglore,1,8366.0,905,5,9,2019,16,50,7,55,5,10,2019
Air India,Delhi,Cochin,2,21571.0,1820,3,3,2019,12,55,19,15,3,4,2019
Air Asia,Banglore,Delhi,0,4282.0,170,5,12,2019,4,55,7,45,5,12,2019
Air India,Delhi,Cochin,2,13591.0,1580,5,9,2019,16,55,19,15,5,10,2019
Vistara,Kolkata,Banglore,1,7927.0,1625,4,1,2019,20,20,23,25,4,2,2019
Jet Airways,Delhi,Cochin,1,14714.0,1680,6,3,2019,15,0,19,0,6,4,2019
Jet Airways,Banglore,Delhi,1,11087.0,1275,3,12,2019,18,55,16,10,13,3,2019
Air India,Delhi,Cochin,1,28322.0,1660,3,1,2019,4,0,7,40,3,2,2019
Jet Airways,Kolkata,Banglore,1,9314.0,1570,5,1,2019,17,0,19,10,5,2,2019
IndiGo,Delhi,Cochin,1,7060.0,290,6,9,2019,15,10,20,0,6,9,2019
IndiGo,Chennai,Kolkata,0,7900.0,145,3,1,2019,11,35,14,0,3,1,2019
Jet Airways,Mumbai,Hyderabad,0,5678.0,85,24,6,2019,2,55,4,20,24,6,2019
IndiGo,Kolkata,Banglore,1,4860.0,275,24,4,2019,19,35,0,10,25,4,2019
SpiceJet,Mumbai,Hyderabad,0,2017.0,90,5,1,2019,5,45,7,15,5,1,2019
IndiGo,Kolkata,Banglore,1,5069.0,290,6,12,2019,8,10,13,0,6,12,2019
Vistara,Kolkata,Banglore,1,9397.0,1655,6,9,2019,7,10,10,45,6,10,2019
IndiGo,Delhi,Cochin,1,5073.0,300,4,6,2019,10,35,15,35,4,6,2019
Air India,Kolkata,Banglore,3,15145.0,1040,24,3,2019,5,55,23,15,24,3,2019
Multiple carriers,Delhi,Cochin,1,8099.0,600,24,6,2019,9,15,19,15,24,6,2019
Air India,Banglore,Delhi,1,14594.0,480,3,6,2019,11,50,19,50,3,6,2019
IndiGo,Delhi,Cochin,0,4729.0,185,27,3,2019,14,30,17,35,27,3,2019
IndiGo,Kolkata,Banglore,0,4804.0,155,21,5,2019,22,15,0,50,22,5,2019
Jet Airways,Delhi,Cochin,2,19644.0,440,27,5,2019,11,40,19,0,27,5,2019
Air India,Delhi,Cochin,2,8656.0,1410,27,3,2019,19,45,19,15,28,3,2019
Jet Airways,Delhi,Cochin,2,13014.0,1615,6,9,2019,9,40,12,35,6,10,2019
IndiGo,Delhi,Cochin,1,6442.0,570,27,3,2019,6,40,16,10,27,3,2019
Jet Airways,Delhi,Cochin,1,12373.0,1415,5,9,2019,13,0,12,35,5,10,2019
Jet Airways,Kolkata,Banglore,1,10539.0,1730,6,6,2019,9,35,14,25,6,7,2019
Jet Airways,Kolkata,Banglore,1,10844.0,800,21,5,2019,20,0,9,20,22,5,2019
Vistara,Kolkata,Banglore,1,8452.0,965,6,6,2019,17,0,9,5,6,7,2019
IndiGo,Delhi,Cochin,1,7144.0,835,18,5,2019,8,35,22,30,18,5,2019
SpiceJet,Banglore,Delhi,0,5126.0,170,3,9,2019,20,30,23,20,3,9,2019
Multiple carriers,Delhi,Cochin,1,6795.0,390,6,12,2019,19,0,1,30,13,6,2019
Jet Airways,Kolkata,Banglore,1,8586.0,775,5,12,2019,21,10,10,5,13,5,2019
SpiceJet,Kolkata,Banglore,0,4439.0,145,18,5,2019,9,0,11,25,18,5,2019
SpiceJet,Banglore,Delhi,0,6205.0,175,15,3,2019,9,35,12,30,15,3,2019
IndiGo,Banglore,Delhi,0,4284.0,175,5,6,2019,0,30,3,25,5,6,2019
Jet Airways,Kolkata,Banglore,1,14571.0,425,6,6,2019,16,30,23,35,6,6,2019
Air Asia,Kolkata,Banglore,0,3807.0,150,4,6,2019,19,55,22,25,4,6,2019
SpiceJet,Kolkata,Banglore,0,3850.0,160,3,6,2019,6,55,9,35,3,6,2019
SpiceJet,Kolkata,Banglore,1,8479.0,435,18,5,2019,11,35,18,50,18,5,2019
Multiple carriers,Delhi,Cochin,1,8073.0,720,18,5,2019,9,0,21,0,18,5,2019
IndiGo,Banglore,Delhi,0,3943.0,170,6,1,2019,13,0,15,50,6,1,2019
IndiGo,Chennai,Kolkata,0,4332.0,145,5,9,2019,11,35,14,0,5,9,2019
SpiceJet,Kolkata,Banglore,0,4174.0,150,27,4,2019,17,10,19,40,27,4,2019
Air India,Banglore,Delhi,1,14594.0,1265,3,1,2019,11,50,8,55,3,2,2019
Jet Airways,Delhi,Cochin,2,11507.0,810,6,3,2019,5,30,19,0,6,3,2019
Multiple carriers,Delhi,Cochin,1,6093.0,920,15,6,2019,7,10,22,30,15,6,2019
IndiGo,Banglore,Delhi,0,8033.0,175,24,3,2019,18,25,21,20,24,3,2019
IndiGo,Banglore,Delhi,0,4823.0,180,27,6,2019,16,55,19,55,27,6,2019
Jet Airways,Delhi,Cochin,2,13292.0,910,6,3,2019,21,25,12,35,6,4,2019
Multiple carriers,Delhi,Cochin,1,9526.0,455,15,6,2019,11,40,19,15,15,6,2019
SpiceJet,Kolkata,Banglore,0,3815.0,140,21,3,2019,22,20,0,40,22,3,2019
IndiGo,Chennai,Kolkata,0,3597.0,140,27,6,2019,13,15,15,35,27,6,2019
Jet Airways,Delhi,Cochin,2,13376.0,830,15,6,2019,14,35,4,25,16,6,2019
SpiceJet,Mumbai,Hyderabad,0,2017.0,90,5,9,2019,5,45,7,15,5,9,2019
Air India,Kolkata,Banglore,2,11853.0,955,24,3,2019,9,25,1,20,25,3,2019
Jet Airways,Delhi,Cochin,1,10262.0,360,6,12,2019,13,0,19,0,6,12,2019
SpiceJet,Chennai,Kolkata,0,3859.0,155,24,3,2019,9,30,12,5,24,3,2019
Air India,Kolkata,Banglore,2,12744.0,1345,6,9,2019,7,0,5,25,6,10,2019
Multiple carriers,Delhi,Cochin,2,18485.0,460,6,1,2019,17,50,1,30,6,2,2019
Air India,Kolkata,Banglore,2,13227.0,1385,5,6,2019,9,50,8,55,5,7,2019
IndiGo,Chennai,Kolkata,0,3597.0,140,21,6,2019,19,35,21,55,21,6,2019
IndiGo,Kolkata,Banglore,0,4804.0,150,5,12,2019,15,15,17,45,5,12,2019
IndiGo,Banglore,Delhi,0,4423.0,165,15,6,2019,6,5,8,50,15,6,2019
Jet Airways,Delhi,Cochin,1,10262.0,1295,6,9,2019,15,0,12,35,6,10,2019
SpiceJet,Chennai,Kolkata,0,3543.0,135,5,6,2019,9,45,12,0,5,6,2019
IndiGo,Kolkata,Banglore,0,4174.0,160,4,12,2019,21,25,0,5,13,4,2019
SpiceJet,Delhi,Cochin,1,7084.0,375,3,9,2019,16,35,22,50,3,9,2019
Air India,Kolkata,Banglore,2,14960.0,1385,15,5,2019,9,50,8,55,16,5,2019
Jet Airways,Kolkata,Banglore,1,13339.0,590,24,3,2019,6,30,16,20,24,3,2019
Jet Airways,Banglore,Delhi,0,7229.0,180,4,12,2019,8,20,11,20,4,12,2019
IndiGo,Delhi,Cochin,1,6818.0,665,18,5,2019,5,5,16,10,18,5,2019
Jet Airways,Delhi,Cochin,2,13376.0,1300,6,6,2019,6,45,4,25,6,7,2019
IndiGo,Delhi,Cochin,1,6316.0,630,6,9,2019,15,0,1,30,6,10,2019
Air India,Delhi,Cochin,0,5201.0,185,18,6,2019,18,5,21,10,18,6,2019
IndiGo,Delhi,Cochin,1,10958.0,305,18,5,2019,23,30,4,35,19,5,2019
IndiGo,Chennai,Kolkata,0,3858.0,145,21,6,2019,11,35,14,0,21,6,2019
Jet Airways,Delhi,Cochin,1,10262.0,360,6,9,2019,13,0,19,0,6,9,2019
Air India,Kolkata,Banglore,1,8996.0,245,24,5,2019,9,10,13,15,24,5,2019
Jet Airways,Delhi,Cochin,2,8098.0,2315,27,3,2019,5,10,19,45,28,3,2019
SpiceJet,Chennai,Kolkata,0,3543.0,135,5,1,2019,8,20,10,35,5,1,2019
Multiple carriers,Delhi,Cochin,1,10529.0,690,24,5,2019,7,30,19,0,24,5,2019
Jet Airways,Delhi,Cochin,1,7438.0,995,21,3,2019,2,15,18,50,21,3,2019
Jet Airways,Delhi,Cochin,1,12373.0,865,5,9,2019,14,0,4,25,5,10,2019
IndiGo,Banglore,Delhi,0,4823.0,175,27,5,2019,7,10,10,5,27,5,2019
Jet Airways,Banglore,Delhi,0,5769.0,180,21,6,2019,8,20,11,20,21,6,2019
Multiple carriers,Delhi,Cochin,1,9042.0,380,21,3,2019,7,0,13,20,21,3,2019
Air India,Delhi,Cochin,1,4697.0,965,4,6,2019,17,20,9,25,4,7,2019
Jet Airways,Kolkata,Banglore,1,10844.0,345,5,9,2019,14,5,19,50,5,9,2019
Air Asia,Banglore,Delhi,0,8420.0,170,6,9,2019,4,55,7,45,6,9,2019
Multiple carriers,Delhi,Cochin,1,7563.0,540,3,6,2019,7,10,16,10,3,6,2019
Air India,Delhi,Cochin,1,7480.0,765,15,5,2019,20,40,9,25,16,5,2019
Jet Airways,Banglore,Delhi,0,4030.0,175,5,6,2019,11,10,14,5,5,6,2019
Multiple carriers,Delhi,Cochin,1,6513.0,920,6,12,2019,7,10,22,30,6,12,2019
Jet Airways,Kolkata,Banglore,1,8355.0,435,6,9,2019,10,20,17,35,6,9,2019
Multiple carriers,Delhi,Cochin,2,16655.0,625,21,5,2019,15,5,1,30,22,5,2019
Jet Airways,Kolkata,Banglore,1,10844.0,750,18,5,2019,5,45,18,15,18,5,2019
SpiceJet,Kolkata,Banglore,0,3873.0,150,21,6,2019,17,10,19,40,21,6,2019
IndiGo,Kolkata,Banglore,0,5224.0,150,6,9,2019,15,15,17,45,6,9,2019
Jet Airways,Kolkata,Banglore,1,10844.0,1170,15,5,2019,16,30,12,0,16,5,2019
IndiGo,Kolkata,Banglore,0,4778.0,170,3,3,2019,5,30,8,20,3,3,2019
Jet Airways,Delhi,Cochin,1,16289.0,1320,3,9,2019,20,50,18,50,3,10,2019
Air India,Delhi,Cochin,0,5674.0,170,18,3,2019,5,10,8,0,18,3,2019
Air India,Mumbai,Hyderabad,2,12854.0,1795,3,12,2019,6,0,11,55,13,3,2019
Air India,Banglore,Delhi,1,8425.0,785,3,9,2019,22,0,11,5,13,3,2019
Jet Airways,Delhi,Cochin,2,9328.0,2240,21,3,2019,5,30,18,50,22,3,2019
Multiple carriers,Delhi,Cochin,1,17057.0,795,3,3,2019,2,15,15,30,3,3,2019
Jet Airways,Banglore,Delhi,0,7229.0,180,5,3,2019,19,50,22,50,5,3,2019
IndiGo,Delhi,Cochin,1,14871.0,570,3,3,2019,11,30,21,0,3,3,2019
Jet Airways,Delhi,Cochin,2,14300.0,1845,27,6,2019,12,15,19,0,28,6,2019
Jet Airways,Kolkata,Banglore,1,8529.0,730,6,12,2019,21,10,9,20,13,6,2019
Multiple carriers,Delhi,Cochin,1,10877.0,845,6,9,2019,4,55,19,0,6,9,2019
IndiGo,Kolkata,Banglore,1,5386.0,280,21,5,2019,17,35,22,15,21,5,2019
Multiple carriers,Delhi,Cochin,1,11622.0,485,27,3,2019,10,45,18,50,27,3,2019
Multiple carriers,Delhi,Cochin,1,10197.0,910,27,5,2019,3,50,19,0,27,5,2019
Air Asia,Delhi,Cochin,1,8028.0,345,21,5,2019,16,45,22,30,21,5,2019
IndiGo,Mumbai,Hyderabad,0,2754.0,90,6,1,2019,12,0,13,30,6,1,2019
Air India,Banglore,Delhi,1,6781.0,790,3,3,2019,8,15,21,25,3,3,2019
SpiceJet,Kolkata,Banglore,0,3841.0,150,21,5,2019,17,10,19,40,21,5,2019
Multiple carriers,Delhi,Cochin,1,8266.0,535,6,6,2019,10,20,19,15,6,6,2019
IndiGo,Banglore,Delhi,0,6144.0,175,24,3,2019,7,10,10,5,24,3,2019
Jet Airways,Banglore,Delhi,0,4544.0,175,24,4,2019,11,10,14,5,24,4,2019
Jet Airways,Delhi,Cochin,2,14441.0,425,6,3,2019,5,30,12,35,6,3,2019
Air India,Mumbai,Hyderabad,0,3100.0,80,6,12,2019,21,5,22,25,6,12,2019
Jet Airways,Kolkata,Banglore,1,13067.0,1080,18,5,2019,20,25,14,25,19,5,2019
Jet Airways,Kolkata,Banglore,1,8529.0,1720,6,12,2019,18,55,23,35,13,6,2019
IndiGo,Delhi,Cochin,1,6442.0,455,15,5,2019,8,35,16,10,15,5,2019
Multiple carriers,Delhi,Cochin,1,6480.0,640,27,6,2019,10,20,21,0,27,6,2019
Air India,Banglore,Delhi,1,11003.0,1490,3,3,2019,10,30,11,20,3,7,2019
Vistara,Banglore,Delhi,0,4668.0,170,6,12,2019,21,0,23,50,6,12,2019
Jet Airways,Kolkata,Banglore,1,13941.0,1330,5,9,2019,6,30,4,40,5,10,2019
Vistara,Kolkata,Banglore,1,8820.0,700,5,12,2019,7,10,18,50,5,12,2019
Air India,Delhi,Cochin,1,9064.0,315,3,9,2019,17,45,23,0,3,9,2019
Jet Airways,Kolkata,Banglore,1,10844.0,685,6,6,2019,8,25,19,50,6,6,2019
Jet Airways,Delhi,Cochin,2,15129.0,810,18,5,2019,5,30,19,0,18,5,2019
Multiple carriers,Delhi,Cochin,1,6513.0,540,5,9,2019,7,10,16,10,5,9,2019
Jet Airways,Kolkata,Banglore,1,14676.0,395,6,9,2019,17,0,23,35,6,9,2019
IndiGo,Banglore,Delhi,0,4823.0,175,18,5,2019,7,10,10,5,18,5,2019
IndiGo,Kolkata,Banglore,0,4174.0,150,4,12,2019,15,15,17,45,4,12,2019
Jet Airways,Delhi,Cochin,2,19172.0,750,3,9,2019,15,55,4,25,3,10,2019
SpiceJet,Banglore,Delhi,0,4423.0,160,4,12,2019,5,55,8,35,4,12,2019
SpiceJet,Kolkata,Banglore,0,3873.0,155,6,12,2019,6,55,9,30,6,12,2019
IndiGo,Delhi,Cochin,1,7189.0,345,6,3,2019,21,50,3,35,6,4,2019
Jet Airways,Kolkata,Banglore,1,13731.0,1330,6,6,2019,6,30,4,40,6,7,2019
Jet Airways,Kolkata,Banglore,1,14151.0,1520,5,12,2019,9,35,10,55,13,5,2019
Air India,Chennai,Kolkata,0,4667.0,135,21,5,2019,11,40,13,55,21,5,2019
Jet Airways,Delhi,Cochin,2,8834.0,1995,21,3,2019,19,10,4,25,23,3,2019
Jet Airways,Kolkata,Banglore,1,11467.0,1365,5,1,2019,20,25,19,10,5,2,2019
Vistara,Mumbai,Hyderabad,1,12395.0,480,3,6,2019,8,45,16,45,3,6,2019
Multiple carriers,Delhi,Cochin,1,7858.0,460,21,5,2019,17,15,0,55,22,5,2019
IndiGo,Kolkata,Banglore,0,4804.0,155,24,5,2019,20,20,22,55,24,5,2019
Jet Airways,Kolkata,Banglore,1,13469.0,800,6,9,2019,20,25,9,45,6,10,2019
IndiGo,Delhi,Cochin,0,7673.0,185,3,6,2019,14,30,17,35,3,6,2019
Jet Airways,Kolkata,Banglore,1,14151.0,1500,6,9,2019,17,0,18,0,6,10,2019
Jet Airways,Delhi,Cochin,1,10262.0,1295,24,6,2019,15,0,12,35,25,6,2019
Jet Airways,Delhi,Cochin,2,13014.0,1615,24,6,2019,9,40,12,35,25,6,2019
Jet Airways,Delhi,Cochin,1,12373.0,360,5,9,2019,13,0,19,0,5,9,2019
Jet Airways,Delhi,Cochin,1,11399.0,540,18,5,2019,10,0,19,0,18,5,2019
SpiceJet,Banglore,Delhi,0,3971.0,170,5,6,2019,9,30,12,20,5,6,2019
Multiple carriers,Delhi,Cochin,1,6007.0,900,27,6,2019,6,0,21,0,27,6,2019
Air India,Banglore,Delhi,1,6383.0,745,15,3,2019,10,30,22,55,15,3,2019
IndiGo,Banglore,Delhi,0,5740.0,170,5,12,2019,8,30,11,20,5,12,2019
SpiceJet,Mumbai,Hyderabad,0,1965.0,90,15,6,2019,13,15,14,45,15,6,2019
Multiple carriers,Delhi,Cochin,2,5935.0,850,21,3,2019,7,10,21,20,21,3,2019
IndiGo,Kolkata,Banglore,0,4174.0,165,4,6,2019,9,35,12,20,4,6,2019
IndiGo,Delhi,Cochin,1,7738.0,515,21,3,2019,4,45,13,20,21,3,2019
Air India,Delhi,Cochin,2,10441.0,1275,24,5,2019,22,0,19,15,25,5,2019
Air India,Mumbai,Hyderabad,0,3100.0,80,15,3,2019,21,5,22,25,15,3,2019
Jet Airways,Delhi,Cochin,1,14714.0,1530,6,6,2019,17,30,19,0,6,7,2019
Vistara,Kolkata,Banglore,1,9135.0,1550,6,9,2019,17,0,18,50,6,10,2019
Air India,Kolkata,Banglore,1,7893.0,1540,4,1,2019,16,50,18,30,4,2,2019
Jet Airways,Kolkata,Banglore,1,12121.0,395,5,6,2019,17,0,23,35,5,6,2019
Air India,Delhi,Cochin,0,6094.0,180,6,9,2019,14,10,17,10,6,9,2019
IndiGo,Banglore,Delhi,0,4423.0,170,6,9,2019,10,10,13,0,6,9,2019
Jet Airways,Banglore,Delhi,1,7832.0,665,21,3,2019,20,35,7,40,19,3,2019
Vistara,Banglore,Delhi,0,5403.0,170,4,3,2019,11,30,14,20,4,3,2019
SpiceJet,Kolkata,Banglore,0,3841.0,145,4,1,2019,9,0,11,25,4,1,2019
Jet Airways,Delhi,Cochin,2,11093.0,1060,21,3,2019,10,45,4,25,22,3,2019
Jet Airways,Banglore,Delhi,0,7229.0,180,24,4,2019,19,50,22,50,24,4,2019
IndiGo,Banglore,Delhi,0,4823.0,180,27,5,2019,16,55,19,55,27,5,2019
Jet Airways,Kolkata,Banglore,1,11467.0,575,5,1,2019,9,35,19,10,5,1,2019
IndiGo,Kolkata,Banglore,1,6111.0,330,5,1,2019,7,10,12,40,5,1,2019
Jet Airways,Kolkata,Banglore,1,8066.0,1075,5,9,2019,17,0,10,55,5,10,2019
IndiGo,Delhi,Cochin,1,7258.0,975,27,3,2019,4,45,21,0,27,3,2019
Air India,Delhi,Cochin,0,4729.0,170,27,3,2019,5,10,8,0,27,3,2019
Multiple carriers,Delhi,Cochin,1,15135.0,580,3,6,2019,9,10,18,50,3,6,2019
Air India,Kolkata,Banglore,2,12718.0,955,24,5,2019,9,25,1,20,25,5,2019
Jet Airways,Mumbai,Hyderabad,0,5678.0,85,18,6,2019,2,55,4,20,18,6,2019
IndiGo,Delhi,Cochin,1,5298.0,320,24,6,2019,6,50,12,10,24,6,2019
Jet Airways,Banglore,Delhi,1,14815.0,785,3,6,2019,11,40,0,45,3,7,2019
Jet Airways,Delhi,Cochin,2,13014.0,1375,24,6,2019,5,30,4,25,25,6,2019
SpiceJet,Kolkata,Banglore,0,4491.0,145,18,5,2019,9,0,11,25,18,5,2019
Multiple carriers,Delhi,Cochin,1,11421.0,510,27,3,2019,10,20,18,50,27,3,2019
Jet Airways,Banglore,Delhi,1,12284.0,1420,18,3,2019,8,0,7,40,16,3,2019
Jet Airways,Banglore,Delhi,0,7229.0,165,5,12,2019,6,0,8,45,5,12,2019
IndiGo,Banglore,Delhi,0,4823.0,175,15,4,2019,7,10,10,5,15,4,2019
Jet Airways,Delhi,Cochin,1,12898.0,450,27,6,2019,20,55,4,25,28,6,2019
Multiple carriers,Delhi,Cochin,1,13587.0,835,27,6,2019,7,5,21,0,27,6,2019
Jet Airways,Delhi,Cochin,1,12373.0,1165,18,5,2019,9,0,4,25,19,5,2019
Multiple carriers,Delhi,Cochin,1,5999.0,910,21,3,2019,7,10,22,20,21,3,2019
Air India,Kolkata,Banglore,2,10907.0,610,18,5,2019,8,20,18,30,18,5,2019
Jet Airways,Kolkata,Banglore,1,14151.0,690,6,6,2019,9,35,21,5,6,6,2019
IndiGo,Banglore,Delhi,0,4591.0,170,5,12,2019,23,30,2,20,13,5,2019
Jet Airways,Banglore,Delhi,1,19225.0,375,3,6,2019,14,5,20,20,3,6,2019
Jet Airways,Kolkata,Banglore,1,9663.0,1315,5,6,2019,14,5,12,0,5,7,2019
Jet Airways,Kolkata,Banglore,1,10844.0,705,5,1,2019,6,30,18,15,5,1,2019
Multiple carriers,Delhi,Cochin,1,13727.0,480,5,9,2019,13,0,21,0,5,9,2019
Jet Airways,Kolkata,Banglore,1,14151.0,690,18,5,2019,9,35,21,5,18,5,2019
Jet Airways,Delhi,Cochin,1,10262.0,1100,27,6,2019,18,15,12,35,28,6,2019
SpiceJet,Kolkata,Banglore,0,3873.0,145,6,12,2019,9,0,11,25,6,12,2019
Jet Airways,Delhi,Cochin,2,13014.0,535,24,6,2019,19,30,4,25,25,6,2019
Air India,Kolkata,Banglore,0,5510.0,150,21,6,2019,14,15,16,45,21,6,2019
Jet Airways,Delhi,Cochin,2,17282.0,1060,3,9,2019,10,45,4,25,3,10,2019
Multiple carriers,Delhi,Cochin,2,6653.0,695,27,3,2019,9,45,21,20,27,3,2019
IndiGo,Delhi,Cochin,1,12214.0,315,3,3,2019,9,55,15,10,3,3,2019
Air India,Mumbai,Hyderabad,0,3625.0,90,5,1,2019,13,55,15,25,5,1,2019
IndiGo,Banglore,Delhi,0,6860.0,180,3,3,2019,8,30,11,30,3,3,2019
GoAir,Delhi,Cochin,1,3876.0,540,24,6,2019,10,35,19,35,24,6,2019
Vistara,Banglore,Delhi,0,5613.0,165,27,4,2019,19,30,22,15,27,4,2019
Air India,Delhi,Cochin,2,8971.0,1545,27,3,2019,5,55,7,40,28,3,2019
Jet Airways,Banglore,Delhi,0,4030.0,180,21,5,2019,19,50,22,50,21,5,2019
IndiGo,Delhi,Cochin,1,8075.0,635,27,3,2019,15,0,1,35,28,3,2019
Multiple carriers,Delhi,Cochin,1,7005.0,900,15,6,2019,6,0,21,0,15,6,2019
IndiGo,Kolkata,Banglore,0,4778.0,165,3,6,2019,22,10,0,55,3,7,2019
Vistara,Chennai,Kolkata,0,3687.0,135,5,9,2019,7,5,9,20,5,9,2019
Jet Airways,Delhi,Cochin,1,10262.0,1015,6,9,2019,11,30,4,25,6,10,2019
Air India,Delhi,Cochin,2,15113.0,1545,3,3,2019,5,55,7,40,3,4,2019
IndiGo,Delhi,Cochin,1,6979.0,895,5,6,2019,10,35,1,30,5,7,2019
Multiple carriers,Delhi,Cochin,1,6717.0,545,21,3,2019,7,5,16,10,21,3,2019
Jet Airways,Banglore,Delhi,1,16736.0,845,3,6,2019,8,55,23,0,3,6,2019
Air India,Banglore,Delhi,1,7192.0,480,15,3,2019,11,50,19,50,15,3,2019
IndiGo,Kolkata,Banglore,1,4226.0,250,15,4,2019,6,20,10,30,15,4,2019
Multiple carriers,Delhi,Cochin,1,9627.0,630,21,5,2019,8,30,19,0,21,5,2019
Jet Airways,Delhi,Cochin,1,4757.0,1005,4,3,2019,2,15,19,0,4,3,2019
Jet Airways,Kolkata,Banglore,1,14571.0,510,24,5,2019,14,5,22,35,24,5,2019
Air Asia,Kolkata,Banglore,1,5162.0,220,4,1,2019,6,50,10,30,4,1,2019
Jet Airways,Kolkata,Banglore,1,10844.0,1430,18,5,2019,16,30,16,20,19,5,2019
SpiceJet,Kolkata,Banglore,0,3815.0,150,21,3,2019,9,0,11,30,21,3,2019
Jet Airways,Banglore,Delhi,1,17261.0,1310,3,6,2019,11,40,9,30,3,7,2019
Jet Airways,Banglore,Delhi,1,16736.0,615,3,6,2019,21,25,7,40,3,7,2019
SpiceJet,Kolkata,Banglore,0,3841.0,145,21,6,2019,9,0,11,25,21,6,2019
Jet Airways,Kolkata,Banglore,1,10844.0,400,24,5,2019,14,5,20,45,24,5,2019
IndiGo,Delhi,Cochin,1,6838.0,615,21,3,2019,10,45,21,0,21,3,2019
Air India,Kolkata,Banglore,1,6612.0,1515,5,12,2019,12,0,13,15,13,5,2019
Air India,Banglore,Delhi,0,8851.0,170,3,9,2019,13,20,16,10,3,9,2019
Vistara,Mumbai,Hyderabad,1,12395.0,670,3,6,2019,8,45,19,55,3,6,2019
Air Asia,Banglore,Delhi,0,4282.0,170,24,6,2019,4,55,7,45,24,6,2019
Jet Airways,Kolkata,Banglore,1,14781.0,800,21,5,2019,20,0,9,20,22,5,2019
Multiple carriers,Delhi,Cochin,1,9646.0,765,6,12,2019,9,45,22,30,6,12,2019
IndiGo,Delhi,Cochin,1,6628.0,630,27,5,2019,15,0,1,30,28,5,2019
Vistara,Banglore,Delhi,0,4668.0,160,18,6,2019,7,0,9,40,18,6,2019
Multiple carriers,Delhi,Cochin,1,16863.0,455,3,6,2019,18,0,1,35,3,7,2019
Multiple carriers,Delhi,Cochin,1,12192.0,720,6,9,2019,7,0,19,0,6,9,2019
Jet Airways,Delhi,Cochin,1,12719.0,1570,21,3,2019,2,15,4,25,22,3,2019
Jet Airways,Delhi,Cochin,1,12898.0,885,21,5,2019,21,50,12,35,22,5,2019
Jet Airways,Delhi,Cochin,1,10262.0,1395,6,3,2019,19,45,19,0,6,4,2019
SpiceJet,Kolkata,Banglore,1,7804.0,330,24,5,2019,15,55,21,25,24,5,2019
IndiGo,Kolkata,Banglore,0,4174.0,155,18,4,2019,4,40,7,15,18,4,2019
IndiGo,Mumbai,Hyderabad,0,2227.0,95,27,6,2019,20,5,21,40,27,6,2019
Jet Airways,Banglore,Delhi,1,11087.0,610,18,3,2019,22,50,9,0,16,3,2019
Multiple carriers,Delhi,Cochin,1,11667.0,650,21,3,2019,8,0,18,50,21,3,2019
Air India,Delhi,Cochin,0,7931.0,185,3,6,2019,18,5,21,10,3,6,2019
IndiGo,Chennai,Kolkata,0,5277.0,140,6,12,2019,22,5,0,25,13,6,2019
Jet Airways,Kolkata,Banglore,1,13626.0,705,6,12,2019,6,30,18,15,6,12,2019
Jet Airways,Delhi,Cochin,1,12373.0,610,18,5,2019,18,15,4,25,19,5,2019
Jet Airways,Kolkata,Banglore,1,10031.0,700,24,3,2019,6,30,18,10,24,3,2019
Jet Airways,Kolkata,Banglore,1,10844.0,1695,5,12,2019,16,30,20,45,13,5,2019
GoAir,Delhi,Cochin,1,6591.0,540,5,9,2019,10,35,19,35,5,9,2019
Jet Airways,Delhi,Cochin,1,5406.0,1485,4,1,2019,18,15,19,0,4,2,2019
Jet Airways,Kolkata,Banglore,1,10844.0,1150,15,5,2019,21,10,16,20,16,5,2019
SpiceJet,Mumbai,Hyderabad,0,2017.0,90,27,5,2019,22,45,0,15,28,5,2019
Jet Airways,Delhi,Cochin,1,12373.0,1595,5,9,2019,10,0,12,35,5,10,2019
Air India,Delhi,Cochin,1,8669.0,735,6,6,2019,7,0,19,15,6,6,2019
Air Asia,Delhi,Cochin,1,6151.0,470,27,3,2019,7,55,15,45,27,3,2019
Multiple carriers,Delhi,Cochin,1,10348.0,765,18,5,2019,9,45,22,30,18,5,2019
Jet Airways,Banglore,Delhi,0,8016.0,160,24,3,2019,19,55,22,35,24,3,2019
IndiGo,Banglore,Delhi,0,4823.0,170,6,12,2019,8,30,11,20,6,12,2019
Air India,Kolkata,Banglore,0,5510.0,150,21,5,2019,14,15,16,45,21,5,2019
Air India,Mumbai,Hyderabad,0,3100.0,80,18,3,2019,6,20,7,40,18,3,2019
Jet Airways,Delhi,Cochin,1,10262.0,1485,27,6,2019,18,15,19,0,28,6,2019
Jet Airways,Delhi,Cochin,1,14714.0,450,6,1,2019,11,30,19,0,6,1,2019
Jet Airways,Delhi,Cochin,1,10262.0,540,15,6,2019,10,0,19,0,15,6,2019
Air India,Banglore,Delhi,0,6961.0,170,18,6,2019,17,0,19,50,18,6,2019
IndiGo,Delhi,Cochin,1,6206.0,480,27,5,2019,17,30,1,30,28,5,2019
Air India,Banglore,Delhi,2,7904.0,880,15,3,2019,8,15,22,55,15,3,2019
Jet Airways,Delhi,Cochin,2,12819.0,1045,27,6,2019,19,10,12,35,28,6,2019
Jet Airways,Delhi,Cochin,1,10262.0,885,15,6,2019,21,50,12,35,16,6,2019
IndiGo,Banglore,Delhi,0,4591.0,165,21,4,2019,1,30,4,15,21,4,2019
Jet Airways,Delhi,Cochin,2,10368.0,1615,24,6,2019,9,40,12,35,25,6,2019
Multiple carriers,Delhi,Cochin,1,11142.0,730,5,9,2019,7,5,19,15,5,9,2019
Air India,Delhi,Cochin,0,4729.0,170,4,6,2019,5,10,8,0,4,6,2019
Multiple carriers,Delhi,Cochin,1,9424.0,750,5,9,2019,13,0,1,30,5,10,2019
Multiple carriers,Delhi,Cochin,1,15136.0,390,3,6,2019,9,0,15,30,3,6,2019
Air India,Delhi,Cochin,2,12199.0,865,18,5,2019,17,15,7,40,19,5,2019
Jet Airways,Delhi,Cochin,1,10262.0,1015,6,12,2019,11,30,4,25,13,6,2019
IndiGo,Delhi,Cochin,0,4729.0,195,4,3,2019,14,20,17,35,4,3,2019
SpiceJet,Kolkata,Banglore,0,3841.0,150,6,9,2019,17,10,19,40,6,9,2019
Jet Airways,Kolkata,Banglore,1,14388.0,865,18,5,2019,18,55,9,20,19,5,2019
IndiGo,Mumbai,Hyderabad,0,2754.0,90,27,6,2019,2,35,4,5,27,6,2019
Air India,Banglore,Delhi,2,12358.0,1545,3,3,2019,8,50,10,35,3,7,2019
Air India,Kolkata,Banglore,2,6117.0,1170,15,5,2019,9,10,4,40,16,5,2019
Jet Airways,Delhi,Cochin,2,15129.0,1375,24,5,2019,5,30,4,25,25,5,2019
Jet Airways,Kolkata,Banglore,1,14388.0,665,15,5,2019,21,10,8,15,16,5,2019
Air India,Delhi,Cochin,1,7480.0,1255,24,6,2019,12,30,9,25,25,6,2019
Multiple carriers,Delhi,Cochin,1,10791.0,395,27,6,2019,6,0,12,35,27,6,2019
Jet Airways,Delhi,Cochin,1,12452.0,1280,27,3,2019,7,5,4,25,28,3,2019
IndiGo,Kolkata,Banglore,1,4226.0,235,21,5,2019,19,55,23,50,21,5,2019
Vistara,Banglore,Delhi,0,5403.0,170,15,4,2019,21,0,23,50,15,4,2019
Multiple carriers,Delhi,Cochin,1,9646.0,765,6,1,2019,9,45,22,30,6,1,2019
Air Asia,Banglore,Delhi,0,4282.0,170,6,3,2019,4,55,7,45,6,3,2019
Multiple carriers,Delhi,Cochin,1,7845.0,395,27,3,2019,8,55,15,30,27,3,2019
IndiGo,Chennai,Kolkata,0,3384.0,140,21,3,2019,19,35,21,55,21,3,2019
IndiGo,Banglore,Delhi,0,4823.0,175,5,6,2019,18,55,21,50,5,6,2019
IndiGo,Chennai,Kolkata,0,3597.0,140,15,6,2019,19,35,21,55,15,6,2019
Multiple carriers,Delhi,Cochin,1,13587.0,720,15,6,2019,9,0,21,0,15,6,2019
Air Asia,Delhi,Cochin,1,13474.0,865,3,3,2019,16,45,7,10,3,4,2019
IndiGo,Chennai,Kolkata,0,3384.0,135,21,3,2019,13,20,15,35,21,3,2019
Jet Airways,Delhi,Cochin,2,15129.0,810,27,5,2019,5,30,19,0,27,5,2019
Jet Airways,Kolkata,Banglore,1,8586.0,1545,21,5,2019,6,30,8,15,22,5,2019
IndiGo,Banglore,Delhi,0,4591.0,170,6,9,2019,23,30,2,20,6,10,2019
Jet Airways,Delhi,Cochin,2,13882.0,1490,27,6,2019,11,45,12,35,28,6,2019
Multiple carriers,Delhi,Cochin,1,18286.0,755,3,3,2019,13,0,1,35,3,4,2019
Air Asia,Kolkata,Banglore,1,5192.0,710,15,5,2019,7,35,19,25,15,5,2019
Jet Airways,Delhi,Cochin,2,11118.0,1615,27,6,2019,9,40,12,35,28,6,2019
IndiGo,Delhi,Cochin,1,14871.0,530,3,3,2019,6,40,15,30,3,3,2019
Air India,Kolkata,Banglore,2,15107.0,1165,24,5,2019,10,0,5,25,25,5,2019
Air India,Delhi,Cochin,1,8669.0,735,6,12,2019,7,0,19,15,6,12,2019
GoAir,Kolkata,Banglore,1,5171.0,455,4,1,2019,16,40,0,15,4,2,2019
Jet Airways,Kolkata,Banglore,1,8529.0,1170,6,12,2019,16,30,12,0,13,6,2019
Jet Airways,Delhi,Cochin,1,7438.0,320,27,3,2019,23,5,4,25,28,3,2019
IndiGo,Delhi,Cochin,1,6206.0,500,6,9,2019,17,10,1,30,6,10,2019
Air India,Banglore,Delhi,0,7171.0,165,6,9,2019,17,0,19,45,6,9,2019
Jet Airways,Kolkata,Banglore,1,14151.0,1730,6,9,2019,9,35,14,25,6,10,2019
Jet Airways,Kolkata,Banglore,1,14939.0,800,6,9,2019,18,55,8,15,6,10,2019
Jet Airways,Banglore,Delhi,1,25735.0,1425,3,1,2019,11,40,11,25,3,2,2019
Jet Airways,Delhi,Cochin,2,13882.0,1140,6,12,2019,9,25,4,25,13,6,2019
Vistara,Kolkata,Banglore,1,9555.0,1350,18,5,2019,20,20,18,50,19,5,2019
IndiGo,Kolkata,Banglore,0,4804.0,155,27,4,2019,20,20,22,55,27,4,2019
Vistara,Chennai,Kolkata,0,6627.0,135,15,3,2019,7,5,9,20,15,3,2019
Jet Airways,Kolkata,Banglore,1,8586.0,330,5,12,2019,6,30,12,0,5,12,2019
IndiGo,Kolkata,Banglore,0,4804.0,155,5,9,2019,22,15,0,50,5,10,2019
Air India,Banglore,Delhi,2,17135.0,2345,3,1,2019,8,50,23,55,3,2,2019
Jet Airways,Delhi,Cochin,1,15554.0,540,5,9,2019,10,0,19,0,5,9,2019
IndiGo,Delhi,Cochin,1,6838.0,750,27,5,2019,8,30,21,0,27,5,2019
IndiGo,Delhi,Cochin,1,8258.0,265,3,3,2019,7,35,12,0,3,3,2019
GoAir,Delhi,Cochin,1,8213.0,535,3,6,2019,10,25,19,20,3,6,2019
Multiple carriers,Delhi,Cochin,1,12192.0,720,6,6,2019,7,0,19,0,6,6,2019
Multiple carriers,Delhi,Cochin,1,14848.0,555,6,3,2019,10,0,19,15,6,3,2019
IndiGo,Kolkata,Banglore,0,4148.0,155,21,3,2019,15,10,17,45,21,3,2019
Jet Airways,Kolkata,Banglore,1,10844.0,960,6,6,2019,20,0,12,0,6,7,2019
Jet Airways,Kolkata,Banglore,1,10844.0,1660,18,5,2019,18,55,22,35,19,5,2019
Multiple carriers,Delhi,Cochin,1,6795.0,390,24,6,2019,19,0,1,30,25,6,2019
Jet Airways,Kolkata,Banglore,1,14781.0,730,15,5,2019,16,30,4,40,16,5,2019
IndiGo,Delhi,Cochin,1,6582.0,315,27,6,2019,7,15,12,30,27,6,2019
SpiceJet,Banglore,Delhi,0,3919.0,170,24,4,2019,9,30,12,20,24,4,2019
Multiple carriers,Delhi,Cochin,1,9646.0,765,27,6,2019,9,45,22,30,27,6,2019
SpiceJet,Banglore,Delhi,1,7744.0,485,3,1,2019,15,35,23,40,3,1,2019
Jet Airways,Delhi,Cochin,2,11733.0,1615,6,6,2019,9,40,12,35,6,7,2019
Jet Airways,Delhi,Cochin,1,10262.0,1165,15,6,2019,9,0,4,25,16,6,2019
Jet Airways,Banglore,Delhi,1,17524.0,390,3,12,2019,5,45,12,15,3,12,2019
SpiceJet,Mumbai,Hyderabad,0,3603.0,85,3,9,2019,22,45,0,10,3,10,2019
Multiple carriers,Delhi,Cochin,1,7564.0,705,18,5,2019,7,30,19,15,18,5,2019
Multiple carriers,Delhi,Cochin,1,7005.0,640,6,9,2019,10,20,21,0,6,9,2019
IndiGo,Delhi,Cochin,1,14871.0,985,3,3,2019,9,10,1,35,3,4,2019
Air Asia,Banglore,Delhi,0,4282.0,170,18,4,2019,4,55,7,45,18,4,2019
Jet Airways,Delhi,Cochin,2,15129.0,810,27,5,2019,23,5,12,35,28,5,2019
Air Asia,Delhi,Cochin,1,6752.0,340,24,6,2019,16,45,22,25,24,6,2019
Air India,Delhi,Cochin,0,6094.0,230,21,5,2019,14,5,17,55,21,5,2019
IndiGo,Mumbai,Hyderabad,0,3175.0,90,5,1,2019,16,55,18,25,5,1,2019
Multiple carriers,Delhi,Cochin,1,8266.0,630,27,6,2019,8,45,19,15,27,6,2019
GoAir,Banglore,Delhi,0,6722.0,165,4,12,2019,20,55,23,40,4,12,2019
SpiceJet,Kolkata,Banglore,0,3873.0,155,24,6,2019,6,55,9,30,24,6,2019
Air India,Mumbai,Hyderabad,0,2575.0,90,4,3,2019,13,55,15,25,4,3,2019
Multiple carriers,Delhi,Cochin,1,7787.0,755,21,5,2019,6,40,19,15,21,5,2019
IndiGo,Delhi,Cochin,1,9257.0,345,3,3,2019,2,0,7,45,3,3,2019
Jet Airways,Banglore,Delhi,0,4030.0,185,5,12,2019,18,55,22,0,5,12,2019
SpiceJet,Banglore,Delhi,0,4991.0,175,5,3,2019,21,10,0,5,5,4,2019
IndiGo,Delhi,Cochin,1,9861.0,350,21,3,2019,7,30,13,20,21,3,2019
IndiGo,Banglore,Delhi,1,10406.0,285,15,3,2019,16,50,21,35,15,3,2019
Jet Airways,Banglore,Delhi,0,7229.0,175,6,9,2019,15,15,18,10,6,9,2019
Multiple carriers,Delhi,Cochin,1,7670.0,735,15,5,2019,8,45,21,0,15,5,2019
Jet Airways,Delhi,Cochin,2,14300.0,505,24,6,2019,20,0,4,25,25,6,2019
Vistara,Kolkata,Banglore,1,8452.0,1655,15,5,2019,7,10,10,45,16,5,2019
SpiceJet,Kolkata,Banglore,0,3873.0,150,4,6,2019,14,55,17,25,4,6,2019
SpiceJet,Kolkata,Banglore,1,6853.0,520,6,9,2019,8,35,17,15,6,9,2019
Jet Airways,Banglore,Delhi,0,7229.0,175,4,6,2019,11,10,14,5,4,6,2019
Jet Airways,Banglore,Delhi,0,7229.0,180,15,4,2019,19,50,22,50,15,4,2019
Jet Airways,Delhi,Cochin,1,14714.0,1040,6,3,2019,19,15,12,35,6,4,2019
IndiGo,Kolkata,Banglore,0,4804.0,155,6,12,2019,17,15,19,50,6,12,2019
IndiGo,Kolkata,Banglore,1,11465.0,295,5,9,2019,9,20,14,15,5,9,2019
IndiGo,Banglore,Delhi,0,4591.0,170,21,4,2019,23,30,2,20,22,4,2019
IndiGo,Delhi,Cochin,1,6628.0,975,6,9,2019,9,15,1,30,6,10,2019
IndiGo,Delhi,Cochin,1,8025.0,345,3,6,2019,2,0,7,45,3,6,2019
Air Asia,Delhi,Cochin,1,6152.0,470,6,12,2019,7,55,15,45,6,12,2019
IndiGo,Banglore,Delhi,0,3943.0,170,4,3,2019,10,10,13,0,4,3,2019
Vistara,Kolkata,Banglore,1,9187.0,1655,6,6,2019,7,10,10,45,6,7,2019
Vistara,Kolkata,Banglore,1,9187.0,865,21,5,2019,20,20,10,45,22,5,2019
Air India,Kolkata,Banglore,2,15164.0,1665,5,1,2019,10,0,13,45,5,2,2019
Multiple carriers,Delhi,Cochin,1,10276.0,385,3,6,2019,9,45,16,10,3,6,2019
Multiple carriers,Delhi,Cochin,1,12192.0,910,6,1,2019,3,50,19,0,6,1,2019
Air Asia,Kolkata,Banglore,1,5554.0,215,24,3,2019,19,55,23,30,24,3,2019
Air India,Delhi,Cochin,1,6377.0,735,27,3,2019,7,0,19,15,27,3,2019
IndiGo,Delhi,Cochin,1,6232.0,305,21,3,2019,20,30,1,35,22,3,2019
IndiGo,Delhi,Cochin,1,6496.0,295,5,9,2019,5,10,10,5,5,9,2019
IndiGo,Banglore,Delhi,0,4823.0,185,24,6,2019,18,15,21,20,24,6,2019
IndiGo,Kolkata,Banglore,1,6116.0,220,6,6,2019,19,35,23,15,6,6,2019
Jet Airways,Kolkata,Banglore,1,7757.0,1335,5,9,2019,20,0,18,15,5,10,2019
Multiple carriers,Delhi,Cochin,1,8266.0,630,21,5,2019,8,45,19,15,21,5,2019
SpiceJet,Kolkata,Banglore,0,3873.0,155,21,5,2019,6,55,9,30,21,5,2019
Jet Airways,Kolkata,Banglore,1,11841.0,775,15,5,2019,21,10,10,5,16,5,2019
IndiGo,Kolkata,Banglore,0,4804.0,155,24,5,2019,15,30,18,5,24,5,2019
IndiGo,Banglore,Delhi,0,3943.0,170,6,1,2019,10,10,13,0,6,1,2019
Multiple carriers,Delhi,Cochin,1,15898.0,465,27,5,2019,11,30,19,15,27,5,2019
Jet Airways,Kolkata,Banglore,1,14151.0,1685,15,5,2019,17,0,21,5,16,5,2019
Jet Airways,Delhi,Cochin,1,10577.0,745,6,9,2019,16,0,4,25,6,10,2019
Air India,Banglore,Delhi,0,4441.0,165,4,3,2019,6,10,8,55,4,3,2019
Jet Airways,Delhi,Cochin,1,5177.0,1505,4,6,2019,11,30,12,35,4,7,2019
Air India,Kolkata,Banglore,0,4460.0,155,4,1,2019,20,45,23,20,4,1,2019
Multiple carriers,Delhi,Cochin,1,13727.0,780,18,5,2019,8,0,21,0,18,5,2019
Jet Airways,Delhi,Cochin,1,14714.0,1235,6,3,2019,16,0,12,35,6,4,2019
Jet Airways,Delhi,Cochin,2,10588.0,1295,6,6,2019,21,25,19,0,6,7,2019
Jet Airways,Delhi,Cochin,1,7438.0,590,21,3,2019,9,0,18,50,21,3,2019
Air India,Delhi,Cochin,1,12677.0,765,3,6,2019,20,40,9,25,3,7,2019
Jet Airways,Delhi,Cochin,1,14714.0,1485,6,6,2019,18,15,19,0,6,7,2019
IndiGo,Mumbai,Hyderabad,0,2754.0,90,24,6,2019,12,0,13,30,24,6,2019
IndiGo,Delhi,Cochin,2,6494.0,825,21,3,2019,7,35,21,20,21,3,2019
IndiGo,Banglore,Delhi,1,5607.0,260,15,3,2019,16,15,20,35,15,3,2019
Jet Airways,Banglore,Delhi,1,25735.0,1350,3,1,2019,22,50,21,20,3,2,2019
IndiGo,Banglore,Delhi,0,4823.0,175,5,3,2019,7,10,10,5,5,3,2019
Air India,Mumbai,Hyderabad,0,2050.0,80,21,3,2019,21,5,22,25,21,3,2019
Air India,Banglore,Delhi,1,12127.0,865,3,12,2019,8,50,23,15,3,12,2019
Multiple carriers,Delhi,Cochin,1,13377.0,435,6,12,2019,18,15,1,30,13,6,2019
Jet Airways,Banglore,Delhi,0,7229.0,180,5,6,2019,19,50,22,50,5,6,2019
Vistara,Delhi,Cochin,0,6216.0,190,24,4,2019,6,0,9,10,24,4,2019
Air India,Delhi,Cochin,0,8456.0,185,6,9,2019,18,5,21,10,6,9,2019
Jet Airways,Delhi,Cochin,2,15129.0,1045,18,5,2019,19,10,12,35,19,5,2019
Jet Airways,Banglore,Delhi,1,13817.0,885,3,12,2019,16,55,7,40,13,3,2019
GoAir,Delhi,Cochin,1,6296.0,370,5,6,2019,7,25,13,35,5,6,2019
Air India,Kolkata,Banglore,0,5170.0,150,21,3,2019,14,15,16,45,21,3,2019
SpiceJet,Banglore,Delhi,0,3919.0,175,24,5,2019,21,10,0,5,25,5,2019
IndiGo,Banglore,Delhi,0,4823.0,175,4,3,2019,7,10,10,5,4,3,2019
Jet Airways,Delhi,Cochin,1,10262.0,1105,24,6,2019,10,0,4,25,25,6,2019
Jet Airways,Delhi,Cochin,2,13882.0,1350,6,9,2019,14,5,12,35,6,10,2019
Multiple carriers,Delhi,Cochin,1,13587.0,480,6,6,2019,13,0,21,0,6,6,2019
Jet Airways,Delhi,Cochin,1,11848.0,1685,3,9,2019,0,20,4,25,3,10,2019
Air India,Mumbai,Hyderabad,1,11678.0,825,3,6,2019,10,0,23,45,3,6,2019
IndiGo,Banglore,Delhi,0,4823.0,175,18,5,2019,18,25,21,20,18,5,2019
SpiceJet,Banglore,Delhi,0,3919.0,175,15,4,2019,21,10,0,5,16,4,2019
Vistara,Chennai,Kolkata,0,11982.0,140,6,12,2019,17,45,20,5,6,12,2019
Jet Airways,Kolkata,Banglore,1,10703.0,505,5,1,2019,9,35,18,0,5,1,2019
Jet Airways,Kolkata,Banglore,1,10844.0,1720,18,5,2019,18,55,23,35,19,5,2019
Jet Airways,Kolkata,Banglore,1,10844.0,1495,15,5,2019,18,55,19,50,16,5,2019
IndiGo,Mumbai,Hyderabad,0,3175.0,90,27,6,2019,16,55,18,25,27,6,2019
Air India,Delhi,Cochin,1,9929.0,675,6,1,2019,8,0,19,15,6,1,2019
Jet Airways,Banglore,Delhi,1,19225.0,305,3,6,2019,14,5,19,10,3,6,2019
SpiceJet,Mumbai,Hyderabad,0,2017.0,90,24,5,2019,5,45,7,15,24,5,2019
Jet Airways,Banglore,Delhi,1,7832.0,1475,21,3,2019,11,40,12,15,19,3,2019
Jet Airways,Kolkata,Banglore,1,9663.0,1610,5,1,2019,6,30,9,20,5,2,2019
Multiple carriers,Delhi,Cochin,1,7005.0,560,6,9,2019,11,40,21,0,6,9,2019
IndiGo,Mumbai,Hyderabad,0,3175.0,90,5,12,2019,2,35,4,5,5,12,2019
Air India,Kolkata,Banglore,1,5006.0,1485,4,1,2019,14,35,15,20,4,2,2019
Multiple carriers,Delhi,Cochin,1,9526.0,630,15,6,2019,8,45,19,15,15,6,2019
Jet Airways,Delhi,Cochin,2,13292.0,810,6,6,2019,5,30,19,0,6,6,2019
IndiGo,Delhi,Cochin,1,6058.0,345,5,9,2019,21,50,3,35,5,10,2019
Air India,Delhi,Cochin,3,10493.0,1585,24,6,2019,5,15,7,40,25,6,2019
Jet Airways,Kolkata,Banglore,1,10844.0,365,6,9,2019,16,30,22,35,6,9,2019
Jet Airways,Kolkata,Banglore,1,10953.0,690,4,1,2019,9,35,21,5,4,1,2019
Jet Airways,Kolkata,Banglore,1,10844.0,960,21,5,2019,20,0,12,0,22,5,2019
Jet Airways,Kolkata,Banglore,1,10539.0,800,6,6,2019,20,25,9,45,6,7,2019
Jet Airways,Delhi,Cochin,2,13292.0,1375,15,6,2019,5,30,4,25,16,6,2019
Vistara,Delhi,Cochin,0,6741.0,190,18,5,2019,6,0,9,10,18,5,2019
Jet Airways,Kolkata,Banglore,1,14571.0,800,6,6,2019,20,0,9,20,6,7,2019
Jet Airways,Kolkata,Banglore,1,14781.0,590,5,9,2019,8,25,18,15,5,9,2019
IndiGo,Mumbai,Hyderabad,0,3838.0,90,18,5,2019,16,55,18,25,18,5,2019
Air India,Delhi,Cochin,0,5201.0,230,18,6,2019,14,5,17,55,18,6,2019
Air Asia,Delhi,Cochin,1,8759.0,470,6,9,2019,7,55,15,45,6,9,2019
GoAir,Delhi,Cochin,1,6195.0,355,24,4,2019,7,0,12,55,24,4,2019
Air India,Mumbai,Hyderabad,0,3100.0,75,15,3,2019,19,30,20,45,15,3,2019
SpiceJet,Delhi,Cochin,1,5975.0,295,18,5,2019,17,55,22,50,18,5,2019
Jet Airways,Kolkata,Banglore,1,10844.0,570,6,9,2019,14,5,23,35,6,9,2019
Jet Airways,Delhi,Cochin,1,16079.0,450,27,5,2019,20,55,4,25,28,5,2019
SpiceJet,Chennai,Kolkata,0,3543.0,135,27,5,2019,8,20,10,35,27,5,2019
SpiceJet,Kolkata,Banglore,0,3841.0,150,5,3,2019,17,10,19,40,5,3,2019
Jet Airways,Delhi,Cochin,1,10262.0,1040,15,6,2019,19,15,12,35,16,6,2019
Jet Airways,Kolkata,Banglore,1,12692.0,840,6,12,2019,9,35,23,35,6,12,2019
IndiGo,Chennai,Kolkata,0,3850.0,140,6,1,2019,7,55,10,15,6,1,2019
Jet Airways,Delhi,Cochin,1,12373.0,1225,18,5,2019,8,0,4,25,19,5,2019
Air India,Mumbai,Hyderabad,0,3100.0,90,21,3,2019,13,55,15,25,21,3,2019
Vistara,Banglore,Delhi,0,4878.0,165,18,5,2019,19,30,22,15,18,5,2019
Jet Airways,Delhi,Cochin,2,15129.0,1430,5,9,2019,19,10,19,0,5,10,2019
Multiple carriers Premium economy,Delhi,Cochin,1,9845.0,725,21,3,2019,8,55,21,0,21,3,2019
IndiGo,Banglore,Delhi,0,4077.0,165,5,1,2019,1,30,4,15,5,1,2019
Multiple carriers,Delhi,Cochin,1,9315.0,690,21,5,2019,7,30,19,0,21,5,2019
Jet Airways,Kolkata,Banglore,1,14781.0,570,5,9,2019,14,5,23,35,5,9,2019
Air India,Mumbai,Hyderabad,2,17327.0,5,3,6,2019,16,50,16,55,3,6,2019
Air India,Banglore,Delhi,0,9481.0,170,3,9,2019,17,0,19,50,3,9,2019
Jet Airways,Delhi,Cochin,2,8938.0,2315,27,3,2019,5,10,19,45,28,3,2019
Jet Airways,Kolkata,Banglore,1,14388.0,330,5,9,2019,6,30,12,0,5,9,2019
Air India,Delhi,Cochin,1,5704.0,1590,21,3,2019,20,30,23,0,22,3,2019
GoAir,Banglore,Delhi,0,3898.0,175,6,9,2019,7,45,10,40,6,9,2019
Jet Airways,Mumbai,Hyderabad,0,5678.0,90,27,3,2019,2,55,4,25,27,3,2019
IndiGo,Delhi,Cochin,1,6937.0,265,3,9,2019,7,35,12,0,3,9,2019
IndiGo,Mumbai,Hyderabad,0,2754.0,85,21,3,2019,19,5,20,30,21,3,2019
SpiceJet,Mumbai,Hyderabad,0,2647.0,85,15,3,2019,22,45,0,10,16,3,2019
IndiGo,Kolkata,Banglore,1,4226.0,240,21,5,2019,6,20,10,20,21,5,2019
GoAir,Banglore,Delhi,0,4239.0,175,18,5,2019,7,45,10,40,18,5,2019
IndiGo,Delhi,Cochin,1,9165.0,305,27,6,2019,23,30,4,35,28,6,2019
Jet Airways,Banglore,Delhi,0,18308.0,160,3,1,2019,19,55,22,35,3,1,2019
Multiple carriers,Delhi,Cochin,1,14486.0,505,21,3,2019,7,5,15,30,21,3,2019
Air Asia,Banglore,Delhi,0,4282.0,170,4,9,2019,4,55,7,45,4,9,2019
Multiple carriers,Delhi,Cochin,1,13587.0,780,27,6,2019,8,0,21,0,27,6,2019
Multiple carriers,Delhi,Cochin,1,13587.0,570,6,3,2019,11,30,21,0,6,3,2019
Jet Airways,Delhi,Cochin,1,6645.0,1225,27,3,2019,8,0,4,25,28,3,2019
SpiceJet,Banglore,Delhi,0,4423.0,160,15,4,2019,5,55,8,35,15,4,2019
Air India,Banglore,Delhi,2,11518.0,1800,18,3,2019,17,25,23,25,16,3,2019
Jet Airways,Kolkata,Banglore,1,13759.0,890,24,3,2019,13,55,4,45,25,3,2019
SpiceJet,Banglore,Delhi,0,3625.0,160,18,6,2019,5,55,8,35,18,6,2019
IndiGo,Kolkata,Banglore,0,4148.0,170,15,3,2019,5,30,8,20,15,3,2019
Vistara,Banglore,Delhi,0,5613.0,155,24,4,2019,17,0,19,35,24,4,2019
Air India,Kolkata,Banglore,2,14298.0,1440,5,6,2019,10,0,10,0,5,7,2019
Jet Airways,Banglore,Delhi,1,7832.0,800,21,3,2019,8,0,21,20,21,3,2019
IndiGo,Delhi,Cochin,1,6442.0,575,21,5,2019,8,35,18,10,21,5,2019
Jet Airways,Mumbai,Hyderabad,0,5678.0,85,4,1,2019,2,55,4,20,4,1,2019
Jet Airways,Kolkata,Banglore,1,7064.0,585,4,1,2019,18,55,4,40,4,2,2019
Jet Airways,Kolkata,Banglore,1,14151.0,1005,18,5,2019,17,0,9,45,19,5,2019
GoAir,Banglore,Delhi,0,3419.0,165,24,6,2019,20,55,23,40,24,6,2019
Jet Airways,Delhi,Cochin,1,15554.0,660,3,9,2019,17,25,4,25,3,10,2019
Air India,Banglore,Delhi,1,13859.0,495,18,3,2019,0,30,8,45,18,3,2019
SpiceJet,Kolkata,Banglore,0,3847.0,140,15,3,2019,22,20,0,40,16,3,2019
GoAir,Banglore,Delhi,1,7657.0,265,3,9,2019,15,50,20,15,3,9,2019
Air India,Delhi,Cochin,2,13547.0,1475,5,9,2019,7,5,7,40,5,10,2019
Jet Airways,Banglore,Delhi,0,7229.0,180,27,5,2019,7,10,10,10,27,5,2019
Jet Airways,Delhi,Cochin,2,13376.0,1300,15,6,2019,6,45,4,25,16,6,2019
IndiGo,Mumbai,Hyderabad,0,2227.0,95,18,6,2019,20,5,21,40,18,6,2019
SpiceJet,Banglore,Delhi,0,3971.0,160,21,6,2019,5,55,8,35,21,6,2019
IndiGo,Delhi,Cochin,1,6628.0,975,27,6,2019,9,15,1,30,28,6,2019
Jet Airways,Kolkata,Banglore,1,13584.0,775,5,6,2019,21,10,10,5,5,7,2019
SpiceJet,Kolkata,Banglore,0,4148.0,160,21,3,2019,6,55,9,35,21,3,2019
Jet Airways,Kolkata,Banglore,1,14571.0,705,6,9,2019,6,30,18,15,6,9,2019
SpiceJet,Kolkata,Banglore,0,3841.0,140,21,5,2019,22,20,0,40,22,5,2019
Jet Airways,Banglore,Delhi,0,5198.0,165,4,12,2019,6,0,8,45,4,12,2019
Air Asia,Banglore,Delhi,0,3383.0,170,24,4,2019,4,55,7,45,24,4,2019
Jet Airways,Delhi,Cochin,0,7202.0,195,6,6,2019,11,0,14,15,6,6,2019
IndiGo,Delhi,Cochin,0,5021.0,195,4,3,2019,21,5,0,20,4,4,2019
GoAir,Banglore,Delhi,0,4239.0,165,5,3,2019,20,55,23,40,5,3,2019
Jet Airways,Delhi,Cochin,2,15129.0,1025,27,5,2019,19,30,12,35,28,5,2019
Vistara,Banglore,Delhi,0,21520.0,160,3,1,2019,7,0,9,40,3,1,2019
IndiGo,Delhi,Cochin,0,7673.0,195,3,3,2019,5,35,8,50,3,3,2019
IndiGo,Banglore,Delhi,0,4823.0,170,18,6,2019,20,0,22,50,18,6,2019
Jet Airways,Delhi,Cochin,1,15190.0,715,6,1,2019,7,5,19,0,6,1,2019
Jet Airways,Kolkata,Banglore,1,14781.0,850,18,5,2019,8,25,22,35,18,5,2019
IndiGo,Kolkata,Banglore,0,4804.0,155,18,5,2019,15,30,18,5,18,5,2019
Jet Airways,Delhi,Cochin,1,10262.0,1415,6,1,2019,13,0,12,35,6,2,2019
IndiGo,Delhi,Cochin,1,7503.0,705,15,5,2019,9,15,21,0,15,5,2019
Jet Airways,Banglore,Delhi,0,8016.0,175,15,6,2019,11,10,14,5,15,6,2019
IndiGo,Mumbai,Hyderabad,0,4049.0,90,6,9,2019,6,25,7,55,6,9,2019
Air India,Banglore,Delhi,1,12389.0,425,3,3,2019,5,50,12,55,3,3,2019
SpiceJet,Chennai,Kolkata,0,3597.0,140,5,12,2019,17,45,20,5,5,12,2019
Multiple carriers,Delhi,Cochin,1,13727.0,840,15,5,2019,11,30,1,30,16,5,2019
Jet Airways,Mumbai,Hyderabad,0,5678.0,85,5,1,2019,2,55,4,20,5,1,2019
Multiple carriers,Delhi,Cochin,1,7670.0,640,5,9,2019,10,20,21,0,5,9,2019
Jet Airways,Kolkata,Banglore,1,10844.0,570,18,5,2019,14,5,23,35,18,5,2019
Jet Airways,Kolkata,Banglore,1,7064.0,1545,4,1,2019,16,30,18,15,4,2,2019
Multiple carriers,Delhi,Cochin,1,8930.0,720,6,3,2019,9,0,21,0,6,3,2019
Air Asia,Banglore,Delhi,0,4282.0,170,4,1,2019,4,55,7,45,4,1,2019
IndiGo,Banglore,Delhi,0,4823.0,170,21,6,2019,8,30,11,20,21,6,2019
Jet Airways,Delhi,Cochin,1,12373.0,1280,5,9,2019,7,5,4,25,5,10,2019
Jet Airways,Banglore,Delhi,1,11087.0,800,3,9,2019,7,0,20,20,3,9,2019
Jet Airways,Delhi,Cochin,1,16079.0,395,6,3,2019,21,50,4,25,6,4,2019
IndiGo,Delhi,Cochin,0,5601.0,195,6,12,2019,5,35,8,50,6,12,2019
SpiceJet,Mumbai,Hyderabad,0,2753.0,90,6,9,2019,5,45,7,15,6,9,2019
Jet Airways,Delhi,Cochin,1,12898.0,335,27,6,2019,22,50,4,25,28,6,2019
Multiple carriers,Delhi,Cochin,1,15603.0,480,3,6,2019,13,0,21,0,3,6,2019
IndiGo,Kolkata,Banglore,0,4174.0,165,4,12,2019,9,35,12,20,4,12,2019
IndiGo,Banglore,Delhi,0,6144.0,175,24,3,2019,20,0,22,55,24,3,2019
Jet Airways,Kolkata,Banglore,1,14781.0,590,5,6,2019,8,25,18,15,5,6,2019
IndiGo,Delhi,Cochin,1,6195.0,345,15,6,2019,21,50,3,35,16,6,2019
Jet Airways,Kolkata,Banglore,1,8586.0,1545,5,6,2019,6,30,8,15,5,7,2019
IndiGo,Banglore,Delhi,0,11934.0,170,3,1,2019,22,20,1,10,3,2,2019
Air India,Kolkata,Banglore,2,14424.0,1345,15,5,2019,7,0,5,25,16,5,2019
Jet Airways,Delhi,Cochin,1,18581.0,715,24,6,2019,7,5,19,0,24,6,2019
Jet Airways,Kolkata,Banglore,1,13941.0,450,5,12,2019,21,10,4,40,13,5,2019
Jet Airways,Banglore,Delhi,0,7229.0,185,5,6,2019,18,55,22,0,5,6,2019
SpiceJet,Kolkata,Banglore,0,3873.0,155,15,5,2019,6,55,9,30,15,5,2019
Jet Airways,Delhi,Cochin,1,14714.0,450,6,12,2019,11,30,19,0,6,12,2019
Air Asia,Kolkata,Banglore,2,11245.0,450,24,3,2019,15,25,22,55,24,3,2019
IndiGo,Delhi,Cochin,1,6104.0,845,27,5,2019,11,25,1,30,28,5,2019
IndiGo,Delhi,Cochin,1,7094.0,885,3,6,2019,7,35,22,20,3,6,2019
Jet Airways,Kolkata,Banglore,1,10031.0,1335,24,3,2019,6,30,4,45,25,3,2019
Jet Airways,Kolkata,Banglore,1,13941.0,375,18,5,2019,5,45,12,0,18,5,2019
Multiple carriers,Delhi,Cochin,1,7198.0,390,24,6,2019,19,0,1,30,25,6,2019
SpiceJet,Banglore,Delhi,0,3873.0,175,24,3,2019,9,35,12,30,24,3,2019
Air India,Kolkata,Banglore,0,5747.0,150,3,12,2019,14,15,16,45,3,12,2019
Air India,Mumbai,Hyderabad,0,3100.0,75,15,6,2019,19,30,20,45,15,6,2019
Air India,Kolkata,Banglore,1,8996.0,245,5,6,2019,9,10,13,15,5,6,2019
Multiple carriers,Delhi,Cochin,1,9103.0,505,15,5,2019,10,35,19,0,15,5,2019
Jet Airways,Banglore,Delhi,1,31825.0,890,3,1,2019,18,40,9,30,3,2,2019
Jet Airways,Kolkata,Banglore,1,14781.0,1055,15,5,2019,16,30,10,5,16,5,2019
Jet Airways,Banglore,Delhi,0,7229.0,180,18,5,2019,8,20,11,20,18,5,2019
IndiGo,Banglore,Delhi,0,10067.0,170,3,1,2019,23,30,2,20,3,2,2019
Jet Airways,Delhi,Cochin,2,10909.0,1125,4,9,2019,9,40,4,25,4,10,2019
IndiGo,Kolkata,Banglore,0,4804.0,155,27,4,2019,15,30,18,5,27,4,2019
Jet Airways,Mumbai,Hyderabad,0,4050.0,85,6,1,2019,2,55,4,20,6,1,2019
Jet Airways,Kolkata,Banglore,1,14151.0,1630,15,5,2019,20,25,23,35,16,5,2019
SpiceJet,Kolkata,Banglore,0,3841.0,155,6,1,2019,6,55,9,30,6,1,2019
Jet Airways,Kolkata,Banglore,1,14781.0,345,5,9,2019,14,5,19,50,5,9,2019
Vistara,Kolkata,Banglore,1,9870.0,385,6,9,2019,17,0,23,25,6,9,2019
Air India,Delhi,Cochin,1,8907.0,570,27,5,2019,13,30,23,0,27,5,2019
Jet Airways,Banglore,Delhi,1,26890.0,530,3,1,2019,22,50,7,40,3,2,2019
GoAir,Delhi,Cochin,1,6195.0,355,15,4,2019,7,0,12,55,15,4,2019
Jet Airways,Banglore,Delhi,1,7832.0,305,21,3,2019,14,5,19,10,21,3,2019
Multiple carriers Premium economy,Delhi,Cochin,1,11269.0,395,21,3,2019,8,55,15,30,21,3,2019
Vistara,Banglore,Delhi,0,5613.0,155,24,3,2019,16,0,18,35,24,3,2019
IndiGo,Banglore,Delhi,0,4284.0,175,5,1,2019,0,30,3,25,5,1,2019
Vistara,Banglore,Delhi,0,4668.0,170,5,6,2019,21,0,23,50,5,6,2019
Air India,Delhi,Cochin,1,15197.0,675,3,3,2019,8,0,19,15,3,3,2019
Jet Airways,Kolkata,Banglore,1,9899.0,475,6,12,2019,8,25,16,20,6,12,2019
GoAir,Delhi,Cochin,1,3948.0,540,27,6,2019,10,35,19,35,27,6,2019
Jet Airways,Banglore,Delhi,1,10405.0,1400,15,3,2019,8,55,8,15,16,3,2019
Multiple carriers,Delhi,Cochin,3,15419.0,835,6,9,2019,11,35,1,30,6,10,2019
Multiple carriers,Delhi,Cochin,1,15135.0,625,3,3,2019,8,25,18,50,3,3,2019
Multiple carriers Premium economy,Delhi,Cochin,1,13369.0,395,21,3,2019,6,0,12,35,21,3,2019
Jet Airways,Delhi,Cochin,2,18804.0,440,27,6,2019,11,40,19,0,27,6,2019
Air Asia,Delhi,Cochin,1,6751.0,625,5,9,2019,20,45,7,10,5,10,2019
Air India,Kolkata,Banglore,1,10203.0,745,5,9,2019,20,30,8,55,5,10,2019
Jet Airways,Banglore,Delhi,1,27992.0,860,3,1,2019,7,0,21,20,3,1,2019
Air India,Delhi,Cochin,2,12488.0,725,6,12,2019,7,10,19,15,6,12,2019
Jet Airways,Banglore,Delhi,0,5198.0,180,4,12,2019,7,10,10,10,4,12,2019
Jet Airways,Banglore,Delhi,0,7229.0,180,5,1,2019,17,45,20,45,5,1,2019
Air India,Kolkata,Banglore,2,12723.0,1045,6,12,2019,5,50,23,15,6,12,2019
Air India,Mumbai,Hyderabad,2,13169.0,1630,3,6,2019,6,0,9,10,3,7,2019
Air India,Kolkata,Banglore,2,8366.0,535,15,5,2019,9,25,18,20,15,5,2019
Multiple carriers,Delhi,Cochin,1,7670.0,900,5,9,2019,6,0,21,0,5,9,2019
Jet Airways,Banglore,Delhi,0,7229.0,165,4,1,2019,6,0,8,45,4,1,2019
Vistara,Banglore,Delhi,0,4668.0,170,6,1,2019,21,0,23,50,6,1,2019
Air Asia,Delhi,Cochin,1,8327.0,660,3,9,2019,20,10,7,10,3,10,2019
Jet Airways,Delhi,Cochin,1,12898.0,940,21,5,2019,20,55,12,35,22,5,2019
IndiGo,Kolkata,Banglore,1,4226.0,240,5,6,2019,6,20,10,20,5,6,2019
Jet Airways,Delhi,Cochin,1,10262.0,1425,27,6,2019,19,15,19,0,28,6,2019
Multiple carriers,Delhi,Cochin,1,10678.0,845,24,6,2019,4,55,19,0,24,6,2019
Air India,Delhi,Cochin,2,8052.0,865,21,3,2019,17,15,7,40,22,3,2019
GoAir,Banglore,Delhi,0,3898.0,175,24,3,2019,11,40,14,35,24,3,2019
Air Asia,Kolkata,Banglore,0,3807.0,155,6,12,2019,10,20,12,55,6,12,2019
IndiGo,Delhi,Cochin,1,6838.0,705,6,3,2019,9,15,21,0,6,3,2019
Jet Airways,Delhi,Cochin,2,13014.0,810,24,6,2019,5,30,19,0,24,6,2019
IndiGo,Kolkata,Banglore,0,5224.0,150,4,12,2019,14,25,16,55,4,12,2019
Multiple carriers,Delhi,Cochin,1,13377.0,750,6,6,2019,13,0,1,30,6,7,2019
GoAir,Delhi,Cochin,1,6633.0,355,21,5,2019,7,0,12,55,21,5,2019
Air Asia,Kolkata,Banglore,1,5192.0,955,24,5,2019,7,35,23,30,24,5,2019
IndiGo,Banglore,Delhi,0,4591.0,170,18,4,2019,22,10,1,0,19,4,2019
Air India,Kolkata,Banglore,0,4880.0,155,5,12,2019,20,45,23,20,5,12,2019
Jet Airways,Banglore,Delhi,0,7229.0,180,27,4,2019,17,45,20,45,27,4,2019
Jet Airways,Delhi,Cochin,1,12373.0,520,5,9,2019,19,45,4,25,5,10,2019
Air India,Delhi,Cochin,0,6094.0,180,27,4,2019,14,10,17,10,27,4,2019
Jet Airways,Delhi,Cochin,1,10262.0,940,6,12,2019,20,55,12,35,13,6,2019
Jet Airways,Delhi,Cochin,2,15439.0,440,4,9,2019,11,40,19,0,4,9,2019
IndiGo,Banglore,Delhi,0,4077.0,170,5,6,2019,23,30,2,20,5,7,2019
GoAir,Banglore,Delhi,0,4632.0,165,18,5,2019,20,55,23,40,18,5,2019
Jet Airways,Kolkata,Banglore,1,12692.0,505,6,6,2019,9,35,18,0,6,6,2019
IndiGo,Kolkata,Banglore,1,3480.0,265,24,4,2019,19,20,23,45,24,4,2019
Multiple carriers,Delhi,Cochin,2,19360.0,460,18,5,2019,17,50,1,30,19,5,2019
Jet Airways,Banglore,Delhi,1,9134.0,1235,15,3,2019,11,40,8,15,16,3,2019
Multiple carriers,Delhi,Cochin,1,13587.0,420,24,6,2019,14,0,21,0,24,6,2019
Jet Airways,Delhi,Cochin,1,15554.0,1530,5,9,2019,17,30,19,0,5,10,2019
Jet Airways,Banglore,Delhi,0,7229.0,160,3,9,2019,19,55,22,35,3,9,2019
IndiGo,Delhi,Cochin,1,7514.0,825,3,6,2019,8,35,22,20,3,6,2019
Multiple carriers,Delhi,Cochin,1,13587.0,780,6,6,2019,8,0,21,0,6,6,2019
Jet Airways,Banglore,Delhi,0,7229.0,180,6,9,2019,7,10,10,10,6,9,2019
Jet Airways,Delhi,Cochin,1,10262.0,1570,6,1,2019,2,15,4,25,6,2,2019
IndiGo,Delhi,Cochin,1,14871.0,810,3,3,2019,7,30,21,0,3,3,2019
Multiple carriers,Delhi,Cochin,1,10529.0,615,27,5,2019,8,45,19,0,27,5,2019
IndiGo,Delhi,Cochin,1,6442.0,895,6,12,2019,7,35,22,30,6,12,2019
IndiGo,Kolkata,Banglore,1,5170.0,290,21,5,2019,15,15,20,5,21,5,2019
IndiGo,Delhi,Cochin,1,6442.0,895,15,5,2019,7,35,22,30,15,5,2019
IndiGo,Banglore,Delhi,0,3419.0,175,27,5,2019,0,30,3,25,27,5,2019
Jet Airways,Banglore,Delhi,1,17261.0,830,3,6,2019,20,35,10,25,3,7,2019
SpiceJet,Chennai,Kolkata,0,3543.0,135,24,6,2019,8,20,10,35,24,6,2019
Air Asia,Banglore,Delhi,0,3383.0,165,5,12,2019,11,10,13,55,5,12,2019
Air India,Delhi,Cochin,2,9181.0,1275,24,6,2019,22,0,19,15,25,6,2019
Jet Airways,Banglore,Delhi,1,11087.0,990,3,12,2019,18,55,11,25,13,3,2019
Jet Airways,Banglore,Delhi,0,7229.0,180,18,4,2019,7,10,10,10,18,4,2019
Multiple carriers,Delhi,Cochin,1,11249.0,870,3,9,2019,4,45,19,15,3,9,2019
Jet Airways,Banglore,Delhi,1,16736.0,960,3,6,2019,7,0,23,0,3,6,2019
Jet Airways,Delhi,Cochin,1,10262.0,655,24,6,2019,17,30,4,25,25,6,2019
Jet Airways,Delhi,Cochin,1,10262.0,300,6,1,2019,14,0,19,0,6,1,2019
Jet Airways,Mumbai,Hyderabad,0,5678.0,85,15,5,2019,2,55,4,20,15,5,2019
Multiple carriers,Delhi,Cochin,1,8307.0,390,21,3,2019,9,0,15,30,21,3,2019
Air India,Delhi,Cochin,1,7690.0,965,18,5,2019,17,20,9,25,19,5,2019
Jet Airways,Delhi,Cochin,2,16704.0,1390,18,5,2019,13,25,12,35,19,5,2019
Air India,Delhi,Cochin,1,10315.0,1660,3,9,2019,4,0,7,40,3,10,2019
Jet Airways,Delhi,Cochin,2,15129.0,1615,27,5,2019,9,40,12,35,28,5,2019
Air India,Kolkata,Banglore,1,12173.0,1555,24,3,2019,7,0,8,55,25,3,2019
Air India,Kolkata,Banglore,1,4227.0,965,4,3,2019,19,0,11,5,4,4,2019
IndiGo,Banglore,Delhi,0,3943.0,165,6,12,2019,6,5,8,50,6,12,2019
Jet Airways,Banglore,Delhi,0,7229.0,175,6,1,2019,11,10,14,5,6,1,2019
Vistara,Kolkata,Banglore,1,8610.0,790,15,5,2019,7,10,20,20,15,5,2019
IndiGo,Banglore,Delhi,0,7303.0,175,3,9,2019,7,10,10,5,3,9,2019
Jet Airways,Banglore,Delhi,1,10972.0,780,18,3,2019,18,40,7,40,16,3,2019
Multiple carriers,Delhi,Cochin,1,7670.0,640,18,5,2019,10,20,21,0,18,5,2019
Air India,Delhi,Cochin,1,8372.0,555,15,5,2019,10,0,19,15,15,5,2019
IndiGo,Delhi,Cochin,1,6628.0,630,6,1,2019,15,0,1,30,6,2,2019
Jet Airways,Delhi,Cochin,1,10262.0,1415,6,9,2019,13,0,12,35,6,10,2019
Jet Airways,Kolkata,Banglore,1,14178.0,1010,24,5,2019,16,30,9,20,25,5,2019
Jet Airways,Delhi,Cochin,2,8518.0,820,27,3,2019,5,10,18,50,27,3,2019
Jet Airways,Delhi,Cochin,2,13376.0,1320,24,6,2019,14,35,12,35,25,6,2019
Vistara,Kolkata,Banglore,1,8452.0,1065,6,12,2019,17,0,10,45,13,6,2019
Jet Airways,Delhi,Cochin,1,18371.0,620,24,6,2019,2,15,12,35,24,6,2019
SpiceJet,Mumbai,Hyderabad,0,1965.0,90,4,3,2019,13,15,14,45,4,3,2019
Jet Airways,Delhi,Cochin,2,10368.0,1025,6,1,2019,19,30,12,35,6,2,2019
Jet Airways,Kolkata,Banglore,1,11467.0,1295,5,6,2019,20,25,18,0,5,7,2019
Jet Airways,Kolkata,Banglore,1,14781.0,730,5,9,2019,16,30,4,40,5,10,2019
Air India,Mumbai,Hyderabad,1,9535.0,780,3,6,2019,20,15,9,15,3,7,2019
Air India,Mumbai,Hyderabad,0,2050.0,80,4,3,2019,21,5,22,25,4,3,2019
Jet Airways,Delhi,Cochin,2,10368.0,535,6,12,2019,19,30,4,25,13,6,2019
Jet Airways,Kolkata,Banglore,1,10031.0,850,24,3,2019,8,25,22,35,24,3,2019
SpiceJet,Kolkata,Banglore,0,4491.0,145,21,4,2019,9,0,11,25,21,4,2019
Jet Airways,Banglore,Delhi,0,7229.0,180,15,5,2019,17,45,20,45,15,5,2019
SpiceJet,Banglore,Delhi,1,11401.0,475,3,3,2019,10,20,18,15,3,3,2019
IndiGo,Chennai,Kolkata,0,3597.0,140,27,6,2019,14,45,17,5,27,6,2019
Vistara,Kolkata,Banglore,1,7927.0,965,6,12,2019,17,0,9,5,13,6,2019
SpiceJet,Kolkata,Banglore,0,4174.0,145,5,1,2019,9,0,11,25,5,1,2019
Air India,Kolkata,Banglore,1,10203.0,555,5,1,2019,7,0,16,15,5,1,2019
Vistara,Kolkata,Banglore,1,8610.0,790,5,9,2019,7,10,20,20,5,9,2019
Jet Airways,Banglore,Delhi,0,5769.0,175,6,12,2019,15,15,18,10,6,12,2019
IndiGo,Kolkata,Banglore,0,5644.0,155,5,1,2019,11,30,14,5,5,1,2019
Jet Airways,Banglore,Delhi,0,5769.0,180,6,3,2019,7,10,10,10,6,3,2019
Jet Airways,Banglore,Delhi,0,7229.0,165,15,5,2019,6,0,8,45,15,5,2019
IndiGo,Kolkata,Banglore,1,4226.0,240,6,9,2019,6,20,10,20,6,9,2019
IndiGo,Banglore,Delhi,1,4588.0,300,3,9,2019,12,5,17,5,3,9,2019
Jet Airways,Mumbai,Hyderabad,0,4995.0,90,21,5,2019,10,20,11,50,21,5,2019
Jet Airways,Delhi,Cochin,1,5406.0,1145,4,1,2019,17,30,12,35,4,2,2019
SpiceJet,Kolkata,Banglore,0,3873.0,150,24,6,2019,17,10,19,40,24,6,2019
Jet Airways,Delhi,Cochin,1,17024.0,440,3,6,2019,11,30,18,50,3,6,2019
SpiceJet,Delhi,Cochin,1,5158.0,270,6,9,2019,8,45,13,15,6,9,2019
Jet Airways,Mumbai,Hyderabad,0,8040.0,90,5,1,2019,10,20,11,50,5,1,2019
Jet Airways,Kolkata,Banglore,1,10844.0,635,18,5,2019,5,45,16,20,18,5,2019
Air India,Chennai,Kolkata,0,4667.0,135,5,12,2019,11,40,13,55,5,12,2019
Jet Airways,Mumbai,Hyderabad,0,5678.0,90,4,3,2019,19,35,21,5,4,3,2019
Air India,Kolkata,Banglore,2,12513.0,875,5,12,2019,5,50,20,25,5,12,2019
Jet Airways,Banglore,Delhi,0,8016.0,180,27,6,2019,7,10,10,10,27,6,2019
SpiceJet,Chennai,Kolkata,0,3543.0,140,6,1,2019,17,45,20,5,6,1,2019
Jet Airways,Delhi,Cochin,1,5963.0,655,21,3,2019,17,30,4,25,22,3,2019
Jet Airways,Kolkata,Banglore,1,14781.0,475,18,5,2019,8,25,16,20,18,5,2019
Jet Airways,Delhi,Cochin,1,12373.0,1655,18,5,2019,9,0,12,35,19,5,2019
Jet Airways,Mumbai,Hyderabad,0,3210.0,90,6,1,2019,19,35,21,5,6,1,2019
Jet Airways,Banglore,Delhi,1,9134.0,760,15,3,2019,5,45,18,25,15,3,2019
Jet Airways,Delhi,Cochin,2,10919.0,830,6,6,2019,14,35,4,25,6,7,2019
IndiGo,Mumbai,Hyderabad,0,4575.0,90,5,1,2019,9,10,10,40,5,1,2019
IndiGo,Delhi,Cochin,0,5601.0,195,15,6,2019,5,35,8,50,15,6,2019
Jet Airways,Kolkata,Banglore,1,14151.0,395,18,5,2019,17,0,23,35,18,5,2019
Air India,Kolkata,Banglore,2,10151.0,1195,5,6,2019,12,0,7,55,5,7,2019
Vistara,Banglore,Delhi,0,5403.0,170,18,4,2019,9,45,12,35,18,4,2019
IndiGo,Delhi,Cochin,1,6147.0,345,27,5,2019,2,0,7,45,27,5,2019
IndiGo,Kolkata,Banglore,0,4804.0,150,27,6,2019,14,25,16,55,27,6,2019
Multiple carriers,Delhi,Cochin,1,8371.0,620,27,3,2019,8,55,19,15,27,3,2019
Jet Airways,Delhi,Cochin,2,13014.0,535,6,9,2019,19,30,4,25,6,10,2019
Air Asia,Banglore,Delhi,0,3383.0,170,24,5,2019,4,55,7,45,24,5,2019
SpiceJet,Chennai,Kolkata,0,7298.0,140,3,6,2019,17,45,20,5,3,6,2019
Jet Airways,Banglore,Delhi,0,4544.0,180,4,3,2019,7,10,10,10,4,3,2019
Multiple carriers,Delhi,Cochin,1,15147.0,395,3,6,2019,8,55,15,30,3,6,2019
Multiple carriers,Delhi,Cochin,1,10782.0,900,3,9,2019,4,45,19,45,3,9,2019
IndiGo,Delhi,Cochin,1,6027.0,290,15,5,2019,15,10,20,0,15,5,2019
Jet Airways,Delhi,Cochin,2,10919.0,830,6,6,2019,14,35,4,25,6,7,2019
Air India,Delhi,Cochin,1,6681.0,1565,27,3,2019,6,10,8,15,28,3,2019
IndiGo,Banglore,Delhi,0,3943.0,170,24,6,2019,23,30,2,20,25,6,2019
Jet Airways,Delhi,Cochin,1,12898.0,885,27,5,2019,21,50,12,35,28,5,2019
IndiGo,Delhi,Cochin,1,6628.0,415,6,6,2019,18,35,1,30,6,7,2019
Air India,Delhi,Cochin,1,5022.0,1590,4,3,2019,20,30,23,0,4,4,2019
Air India,Delhi,Cochin,2,12698.0,1470,6,3,2019,7,10,7,40,6,4,2019
Air Asia,Delhi,Cochin,1,10794.0,625,6,9,2019,20,45,7,10,6,10,2019
IndiGo,Delhi,Cochin,1,6416.0,575,6,9,2019,11,25,21,0,6,9,2019
SpiceJet,Kolkata,Banglore,0,4622.0,140,3,9,2019,22,20,0,40,3,10,2019
IndiGo,Banglore,Delhi,0,3943.0,170,27,5,2019,13,0,15,50,27,5,2019
Air Asia,Kolkata,Banglore,0,4508.0,150,6,6,2019,19,55,22,25,6,6,2019
Vistara,Kolkata,Banglore,1,8452.0,930,6,12,2019,7,10,22,40,6,12,2019
Air India,Kolkata,Banglore,2,13437.0,970,5,12,2019,16,45,8,55,13,5,2019
Vistara,Chennai,Kolkata,0,11982.0,140,18,5,2019,17,45,20,5,18,5,2019
Jet Airways,Kolkata,Banglore,1,10844.0,1025,24,5,2019,18,55,12,0,25,5,2019
Jet Airways,Delhi,Cochin,2,15129.0,1125,5,9,2019,9,40,4,25,5,10,2019
Jet Airways,Delhi,Cochin,1,14714.0,300,27,6,2019,14,0,19,0,27,6,2019
IndiGo,Delhi,Cochin,1,6093.0,860,27,6,2019,6,40,21,0,27,6,2019
IndiGo,Delhi,Cochin,1,5307.0,505,4,6,2019,4,55,13,20,4,6,2019
GoAir,Delhi,Cochin,1,10188.0,310,15,5,2019,14,25,19,35,15,5,2019
Jet Airways,Kolkata,Banglore,1,14571.0,735,6,6,2019,20,0,8,15,6,7,2019
Jet Airways,Delhi,Cochin,2,10976.0,555,27,3,2019,19,10,4,25,28,3,2019
Jet Airways,Kolkata,Banglore,1,10844.0,590,24,5,2019,6,30,16,20,24,5,2019
IndiGo,Kolkata,Banglore,0,4488.0,155,4,9,2019,20,20,22,55,4,9,2019
Air India,Delhi,Cochin,1,8582.0,1215,24,5,2019,23,0,19,15,25,5,2019
Jet Airways,Delhi,Cochin,1,10262.0,1010,24,6,2019,19,45,12,35,25,6,2019
Vistara,Kolkata,Banglore,1,8662.0,1065,5,6,2019,17,0,10,45,5,7,2019
IndiGo,Banglore,Delhi,0,4777.0,165,24,3,2019,6,0,8,45,24,3,2019
Jet Airways,Mumbai,Hyderabad,0,2071.0,90,27,3,2019,15,50,17,20,27,3,2019
Jet Airways,Banglore,Delhi,1,11087.0,980,3,12,2019,22,55,15,15,13,3,2019
Air India,Banglore,Delhi,0,5228.0,170,18,4,2019,21,5,23,55,18,4,2019
Jet Airways,Kolkata,Banglore,1,12996.0,590,4,1,2019,6,30,16,20,4,1,2019
Jet Airways,Banglore,Delhi,1,16736.0,900,3,6,2019,8,0,23,0,3,6,2019
Jet Airways,Kolkata,Banglore,1,13941.0,910,5,1,2019,18,55,10,5,5,2,2019
Air India,Banglore,Delhi,1,9166.0,500,15,3,2019,13,50,22,10,15,3,2019
Air India,Delhi,Cochin,1,12677.0,1535,3,3,2019,5,15,6,50,3,4,2019
Air India,Chennai,Kolkata,0,4405.0,135,24,3,2019,11,40,13,55,24,3,2019
Jet Airways,Kolkata,Banglore,1,12121.0,840,5,6,2019,9,35,23,35,5,6,2019
Air India,Banglore,Delhi,0,6121.0,170,6,6,2019,21,5,23,55,6,6,2019
Jet Airways,Kolkata,Banglore,1,14388.0,1495,18,5,2019,8,25,9,20,19,5,2019
Jet Airways,Kolkata,Banglore,1,11467.0,870,4,1,2019,20,25,10,55,4,2,2019
Jet Airways,Banglore,Delhi,1,13817.0,780,3,12,2019,21,25,10,25,13,3,2019
Air India,Mumbai,Hyderabad,0,3100.0,75,5,6,2019,19,30,20,45,5,6,2019
Multiple carriers,Delhi,Cochin,1,8266.0,455,21,5,2019,11,40,19,15,21,5,2019
Jet Airways,Kolkata,Banglore,1,13759.0,1660,24,3,2019,19,45,23,25,25,3,2019
IndiGo,Banglore,Delhi,0,3943.0,170,6,9,2019,0,25,3,15,6,9,2019
Multiple carriers,Delhi,Cochin,1,12327.0,440,27,3,2019,18,15,1,35,28,3,2019
IndiGo,Mumbai,Hyderabad,0,4049.0,90,6,12,2019,6,25,7,55,6,12,2019
SpiceJet,Banglore,Delhi,0,3573.0,175,6,1,2019,21,10,0,5,6,2,2019
Air Asia,Kolkata,Banglore,0,4409.0,150,15,5,2019,19,55,22,25,15,5,2019
Air India,Delhi,Cochin,2,6565.0,1580,27,3,2019,7,5,9,25,28,3,2019
IndiGo,Kolkata,Banglore,0,4174.0,160,15,4,2019,21,25,0,5,16,4,2019
Jet Airways,Banglore,Delhi,0,4030.0,180,24,5,2019,7,10,10,10,24,5,2019
Air Asia,Kolkata,Banglore,0,4082.0,155,21,3,2019,10,20,12,55,21,3,2019
Air India,Kolkata,Banglore,2,6117.0,1555,24,5,2019,9,10,11,5,25,5,2019
Jet Airways,Banglore,Delhi,1,6163.0,390,21,3,2019,5,50,12,20,21,3,2019
Jet Airways,Delhi,Cochin,1,6540.0,745,27,3,2019,16,0,4,25,28,3,2019
SpiceJet,Kolkata,Banglore,1,4649.0,315,5,12,2019,15,5,20,20,5,12,2019
Jet Airways,Delhi,Cochin,1,10262.0,1270,6,9,2019,21,50,19,0,6,10,2019
Vistara,Banglore,Delhi,0,5613.0,165,4,6,2019,19,30,22,15,4,6,2019
IndiGo,Banglore,Delhi,0,6144.0,180,24,3,2019,8,30,11,30,24,3,2019
Jet Airways,Kolkata,Banglore,1,13067.0,1745,5,12,2019,17,0,22,5,13,5,2019
Vistara,Banglore,Delhi,0,7608.0,175,3,3,2019,21,10,0,5,3,7,2019
Multiple carriers,Delhi,Cochin,1,7198.0,930,6,9,2019,10,0,1,30,6,10,2019
Jet Airways,Kolkata,Banglore,1,13941.0,425,15,5,2019,16,30,23,35,15,5,2019
Jet Airways,Delhi,Cochin,2,10368.0,1125,6,9,2019,9,40,4,25,6,10,2019
SpiceJet,Chennai,Kolkata,0,3543.0,135,27,6,2019,8,20,10,35,27,6,2019
IndiGo,Kolkata,Banglore,0,4462.0,160,27,3,2019,20,25,23,5,27,3,2019
Air India,Kolkata,Banglore,2,8005.0,470,24,3,2019,5,50,13,40,24,3,2019
Jet Airways,Kolkata,Banglore,1,7064.0,1660,4,1,2019,18,55,22,35,4,2,2019
Jet Airways,Kolkata,Banglore,1,12121.0,1480,5,1,2019,20,25,21,5,5,2,2019
Air India,Delhi,Cochin,2,8918.0,435,5,9,2019,12,0,19,15,5,9,2019
Air India,Kolkata,Banglore,1,8891.0,745,5,12,2019,9,25,21,50,5,12,2019
Air India,Kolkata,Banglore,1,10203.0,375,5,1,2019,10,0,16,15,5,1,2019
Multiple carriers,Delhi,Cochin,1,8073.0,480,15,5,2019,13,0,21,0,15,5,2019
IndiGo,Delhi,Cochin,1,11237.0,370,3,3,2019,16,10,22,20,3,3,2019
Jet Airways,Delhi,Cochin,2,13376.0,1300,6,12,2019,6,45,4,25,13,6,2019
Multiple carriers,Delhi,Cochin,1,6513.0,920,6,9,2019,7,10,22,30,6,9,2019
Jet Airways,Kolkata,Banglore,1,13731.0,585,24,5,2019,18,55,4,40,25,5,2019
Jet Airways,Kolkata,Banglore,1,7064.0,1430,4,1,2019,20,0,19,50,4,2,2019
Jet Airways,Banglore,Delhi,1,16736.0,805,3,6,2019,5,45,19,10,3,6,2019
Jet Airways,Kolkata,Banglore,1,8586.0,845,15,5,2019,20,0,10,5,16,5,2019
Multiple carriers,Delhi,Cochin,1,11789.0,780,15,6,2019,6,0,19,0,15,6,2019
IndiGo,Kolkata,Banglore,0,5224.0,155,24,5,2019,11,30,14,5,24,5,2019
IndiGo,Delhi,Cochin,0,6834.0,195,15,5,2019,21,5,0,20,16,5,2019
IndiGo,Delhi,Cochin,1,6316.0,570,15,6,2019,16,0,1,30,16,6,2019
Jet Airways,Delhi,Cochin,2,11869.0,1925,21,3,2019,10,45,18,50,22,3,2019
Air Asia,Kolkata,Banglore,0,4384.0,150,3,6,2019,22,50,1,20,3,7,2019
IndiGo,Kolkata,Banglore,0,5644.0,150,21,4,2019,14,25,16,55,21,4,2019
Air India,Delhi,Cochin,2,19681.0,1380,3,9,2019,20,15,19,15,3,10,2019
Multiple carriers,Delhi,Cochin,1,13377.0,930,6,6,2019,10,0,1,30,6,7,2019
Multiple carriers,Delhi,Cochin,2,10090.0,695,3,9,2019,9,45,21,20,3,9,2019
Jet Airways,Mumbai,Hyderabad,2,20845.0,1380,3,6,2019,17,50,16,50,3,7,2019
Vistara,Banglore,Delhi,0,4878.0,155,24,6,2019,17,0,19,35,24,6,2019
IndiGo,Mumbai,Hyderabad,0,2227.0,90,6,1,2019,21,20,22,50,6,1,2019
IndiGo,Delhi,Cochin,1,6442.0,515,18,5,2019,7,35,16,10,18,5,2019
SpiceJet,Banglore,Delhi,0,3257.0,175,27,5,2019,21,10,0,5,28,5,2019
Jet Airways,Banglore,Delhi,0,7229.0,165,15,6,2019,6,0,8,45,15,6,2019
Air India,Kolkata,Banglore,2,15164.0,1035,5,1,2019,20,30,13,45,5,2,2019
IndiGo,Banglore,Delhi,0,10067.0,170,24,3,2019,10,10,13,0,24,3,2019
Air India,Delhi,Cochin,0,5674.0,180,15,3,2019,14,10,17,10,15,3,2019
Jet Airways,Banglore,Delhi,1,20800.0,1220,3,1,2019,14,5,10,25,3,2,2019
IndiGo,Delhi,Cochin,1,7144.0,940,18,5,2019,6,50,22,30,18,5,2019
Air India,Delhi,Cochin,0,6094.0,170,27,5,2019,5,10,8,0,27,5,2019
Jet Airways,Mumbai,Hyderabad,0,4050.0,90,18,5,2019,10,20,11,50,18,5,2019
SpiceJet,Chennai,Kolkata,0,3859.0,135,24,6,2019,9,45,12,0,24,6,2019
Jet Airways,Delhi,Cochin,2,11664.0,1950,21,3,2019,10,20,18,50,22,3,2019
Multiple carriers,Delhi,Cochin,2,7731.0,850,3,6,2019,7,10,21,20,3,6,2019
Jet Airways,Kolkata,Banglore,1,12692.0,575,6,12,2019,9,35,19,10,6,12,2019
Air India,Delhi,Cochin,2,11307.0,1210,18,5,2019,13,15,9,25,19,5,2019
Jet Airways,Kolkata,Banglore,1,8586.0,450,6,9,2019,21,10,4,40,6,10,2019
IndiGo,Banglore,Delhi,1,5746.0,245,21,3,2019,11,20,15,25,21,3,2019
Multiple carriers,Delhi,Cochin,1,13378.0,675,21,3,2019,8,0,19,15,21,3,2019
Air India,Banglore,Delhi,0,7486.0,165,24,3,2019,17,0,19,45,24,3,2019
SpiceJet,Chennai,Kolkata,0,7298.0,155,3,6,2019,9,30,12,5,3,6,2019
Multiple carriers,Delhi,Cochin,1,7005.0,560,6,12,2019,11,40,21,0,6,12,2019
IndiGo,Kolkata,Banglore,0,4804.0,155,5,12,2019,17,15,19,50,5,12,2019
IndiGo,Delhi,Cochin,1,16162.0,490,3,9,2019,4,45,12,55,3,9,2019
IndiGo,Banglore,Delhi,0,3419.0,175,24,4,2019,0,30,3,25,24,4,2019
Air Asia,Kolkata,Banglore,2,5192.0,500,5,1,2019,15,10,23,30,5,1,2019
Air Asia,Kolkata,Banglore,0,4409.0,155,15,4,2019,10,20,12,55,15,4,2019
Jet Airways,Banglore,Delhi,0,7229.0,180,18,4,2019,8,20,11,20,18,4,2019
IndiGo,Banglore,Delhi,1,5397.0,295,15,3,2019,16,55,21,50,15,3,2019
Jet Airways,Delhi,Cochin,1,6542.0,300,15,4,2019,14,0,19,0,15,4,2019
GoAir,Delhi,Cochin,1,5281.0,535,27,3,2019,10,25,19,20,27,3,2019
Multiple carriers,Delhi,Cochin,1,8266.0,385,6,6,2019,12,50,19,15,6,6,2019
Jet Airways,Delhi,Cochin,1,10262.0,300,6,12,2019,14,0,19,0,6,12,2019
Vistara,Kolkata,Banglore,1,11105.0,1445,24,3,2019,20,20,20,25,25,3,2019
Jet Airways,Banglore,Delhi,0,4544.0,180,4,3,2019,8,20,11,20,4,3,2019
Air India,Kolkata,Banglore,0,4960.0,150,3,6,2019,14,15,16,45,3,6,2019
Jet Airways,Banglore,Delhi,1,16736.0,1210,3,6,2019,8,55,5,5,3,7,2019
Multiple carriers,Delhi,Cochin,1,13377.0,930,6,1,2019,10,0,1,30,6,2,2019
SpiceJet,Mumbai,Hyderabad,0,2227.0,90,18,5,2019,13,15,14,45,18,5,2019
Air India,Mumbai,Hyderabad,0,3100.0,80,15,3,2019,6,20,7,40,15,3,2019
Air India,Mumbai,Hyderabad,0,3100.0,80,6,9,2019,21,5,22,25,6,9,2019
SpiceJet,Kolkata,Banglore,0,3873.0,155,18,5,2019,6,55,9,30,18,5,2019
IndiGo,Mumbai,Hyderabad,0,5232.0,90,3,3,2019,20,5,21,35,3,3,2019
Jet Airways,Banglore,Delhi,0,3359.0,185,27,5,2019,18,55,22,0,27,5,2019
IndiGo,Banglore,Delhi,0,6144.0,175,24,3,2019,7,10,10,5,24,3,2019
IndiGo,Delhi,Cochin,1,7725.0,265,3,6,2019,7,35,12,0,3,6,2019
Air India,Banglore,Delhi,0,4441.0,170,24,3,2019,21,5,23,55,24,3,2019
Air India,Delhi,Cochin,3,10703.0,2280,27,6,2019,5,15,19,15,28,6,2019
Jet Airways,Kolkata,Banglore,1,8529.0,775,6,12,2019,21,10,10,5,13,6,2019
Multiple carriers,Delhi,Cochin,1,14973.0,560,3,3,2019,4,0,13,20,3,3,2019
Jet Airways,Kolkata,Banglore,1,14571.0,685,24,5,2019,8,25,19,50,24,5,2019
SpiceJet,Banglore,Delhi,0,3257.0,175,6,3,2019,21,10,0,5,6,4,2019
Jet Airways,Banglore,Delhi,1,11087.0,365,18,3,2019,16,55,23,0,18,3,2019
SpiceJet,Kolkata,Banglore,0,3873.0,155,4,1,2019,6,55,9,30,4,1,2019
SpiceJet,Banglore,Delhi,0,4423.0,170,15,4,2019,9,30,12,20,15,4,2019
Air India,Delhi,Cochin,2,11753.0,1245,6,3,2019,10,55,7,40,6,4,2019
Jet Airways,Kolkata,Banglore,1,14571.0,425,24,5,2019,16,30,23,35,24,5,2019
Multiple carriers,Delhi,Cochin,1,8475.0,900,6,3,2019,6,0,21,0,6,3,2019
Jet Airways,Kolkata,Banglore,1,13941.0,845,5,1,2019,20,0,10,5,5,2,2019
Jet Airways,Delhi,Cochin,1,16079.0,1395,21,5,2019,19,45,19,0,22,5,2019
Multiple carriers,Delhi,Cochin,1,13399.0,890,3,6,2019,4,0,18,50,3,6,2019
Air India,Delhi,Cochin,2,9653.0,1595,6,6,2019,16,40,19,15,6,7,2019
Jet Airways,Delhi,Cochin,1,14714.0,540,6,6,2019,10,0,19,0,6,6,2019
Air Asia,Banglore,Delhi,0,3383.0,165,18,6,2019,11,10,13,55,18,6,2019
Jet Airways,Banglore,Delhi,1,22270.0,1090,3,1,2019,14,5,8,15,3,2,2019
Vistara,Chennai,Kolkata,0,5944.0,135,3,3,2019,7,5,9,20,3,3,2019
Jet Airways,Kolkata,Banglore,1,9663.0,800,5,12,2019,18,55,8,15,13,5,2019
Multiple carriers,Delhi,Cochin,1,7740.0,560,6,1,2019,11,40,21,0,6,1,2019
Air India,Kolkata,Banglore,1,7211.0,1605,4,1,2019,20,30,23,15,4,2,2019
Jet Airways,Banglore,Delhi,0,7229.0,185,4,1,2019,18,55,22,0,4,1,2019
IndiGo,Kolkata,Banglore,0,4174.0,155,4,6,2019,11,30,14,5,4,6,2019
Air India,Kolkata,Banglore,0,5170.0,150,15,3,2019,14,15,16,45,15,3,2019
Multiple carriers,Delhi,Cochin,1,15135.0,580,3,3,2019,9,10,18,50,3,3,2019
SpiceJet,Kolkata,Banglore,1,4649.0,315,4,9,2019,15,5,20,20,4,9,2019
Vistara,Banglore,Delhi,0,4668.0,160,5,1,2019,7,0,9,40,5,1,2019
Air India,Delhi,Cochin,1,7480.0,765,6,12,2019,20,40,9,25,13,6,2019
Air India,Banglore,Delhi,0,6121.0,165,18,4,2019,17,0,19,45,18,4,2019
Jet Airways,Delhi,Cochin,2,15129.0,1195,27,5,2019,23,5,19,0,28,5,2019
Air India,Kolkata,Banglore,1,7452.0,675,5,6,2019,9,50,21,5,5,6,2019
Jet Airways,Kolkata,Banglore,1,10539.0,1520,6,6,2019,9,35,10,55,6,7,2019
IndiGo,Banglore,Delhi,0,7648.0,170,3,3,2019,22,20,1,10,3,7,2019
SpiceJet,Banglore,Delhi,0,3925.0,175,24,3,2019,9,35,12,30,24,3,2019
IndiGo,Chennai,Kolkata,0,3597.0,140,15,6,2019,13,15,15,35,15,6,2019
Jet Airways,Kolkata,Banglore,1,8586.0,910,5,1,2019,18,55,10,5,5,2,2019
Air India,Delhi,Cochin,2,13591.0,1580,27,6,2019,16,55,19,15,28,6,2019
Multiple carriers,Delhi,Cochin,1,9646.0,545,6,1,2019,7,5,16,10,6,1,2019
Vistara,Banglore,Delhi,0,4668.0,170,5,6,2019,9,45,12,35,5,6,2019
Air India,Kolkata,Banglore,1,10203.0,625,5,9,2019,10,0,20,25,5,9,2019
Air India,Banglore,Delhi,1,7932.0,385,24,3,2019,6,55,13,20,24,3,2019
Air India,Kolkata,Banglore,1,7893.0,905,4,1,2019,16,50,7,55,4,2,2019
Jet Airways,Delhi,Cochin,2,13029.0,810,5,9,2019,5,30,19,0,5,9,2019
Jet Airways,Delhi,Cochin,1,10262.0,1655,6,12,2019,9,0,12,35,13,6,2019
IndiGo,Kolkata,Banglore,1,3574.0,265,6,12,2019,19,20,23,45,6,12,2019
Air Asia,Delhi,Cochin,1,8759.0,870,6,3,2019,7,55,22,25,6,3,2019
Jet Airways,Banglore,Delhi,1,13502.0,1420,3,3,2019,8,0,7,40,3,7,2019
Air India,Kolkata,Banglore,1,6528.0,1440,18,5,2019,14,35,14,35,19,5,2019
Jet Airways,Delhi,Cochin,1,6017.0,800,27,3,2019,15,5,4,25,28,3,2019
Vistara,Banglore,Delhi,0,5613.0,165,4,9,2019,19,30,22,15,4,9,2019
Jet Airways,Mumbai,Hyderabad,0,8040.0,90,27,6,2019,8,45,10,15,27,6,2019
IndiGo,Banglore,Delhi,0,5694.0,170,24,3,2019,4,0,6,50,24,3,2019
Jet Airways,Delhi,Cochin,1,12898.0,1530,21,5,2019,17,30,19,0,22,5,2019
Air Asia,Kolkata,Banglore,1,5192.0,710,6,12,2019,7,35,19,25,6,12,2019
Jet Airways,Delhi,Cochin,1,14714.0,1680,6,1,2019,15,0,19,0,6,2,2019
Jet Airways,Banglore,Delhi,1,13817.0,1035,3,12,2019,5,45,23,0,3,12,2019
Jet Airways,Delhi,Cochin,1,14714.0,600,15,6,2019,9,0,19,0,15,6,2019
IndiGo,Chennai,Kolkata,0,3597.0,140,5,12,2019,19,35,21,55,5,12,2019
Air India,Banglore,Delhi,0,6121.0,170,5,9,2019,13,20,16,10,5,9,2019
Air India,Kolkata,Banglore,2,11642.0,765,6,9,2019,16,50,5,35,6,10,2019
Jet Airways,Delhi,Cochin,1,15764.0,745,3,6,2019,16,0,4,25,3,7,2019
IndiGo,Kolkata,Banglore,0,4804.0,155,6,1,2019,4,40,7,15,6,1,2019
Air India,Delhi,Cochin,2,13223.0,500,27,5,2019,10,55,19,15,27,5,2019
IndiGo,Chennai,Kolkata,0,3858.0,145,24,6,2019,11,35,14,0,24,6,2019
Multiple carriers,Delhi,Cochin,1,6795.0,910,6,3,2019,10,20,1,30,6,4,2019
Air Asia,Delhi,Cochin,1,8327.0,330,3,9,2019,16,45,22,15,3,9,2019
Air India,Delhi,Cochin,1,8907.0,810,21,5,2019,9,30,23,0,21,5,2019
IndiGo,Kolkata,Banglore,1,7095.0,320,6,9,2019,15,10,20,30,6,9,2019
Air India,Delhi,Cochin,1,6902.0,640,21,3,2019,21,0,7,40,22,3,2019
Jet Airways,Delhi,Cochin,2,13029.0,1025,21,5,2019,19,30,12,35,22,5,2019
Air India,Delhi,Cochin,1,8372.0,555,5,9,2019,10,0,19,15,5,9,2019
Jet Airways,Kolkata,Banglore,1,10844.0,685,24,5,2019,8,25,19,50,24,5,2019
Air Asia,Kolkata,Banglore,0,4384.0,150,3,6,2019,19,35,22,5,3,6,2019
Jet Airways,Kolkata,Banglore,1,12121.0,750,15,5,2019,9,35,22,5,15,5,2019
Jet Airways,Kolkata,Banglore,1,11467.0,1730,21,5,2019,9,35,14,25,22,5,2019
IndiGo,Banglore,Delhi,0,6860.0,175,3,3,2019,20,0,22,55,3,3,2019
Air India,Delhi,Cochin,1,11241.0,555,15,6,2019,10,0,19,15,15,6,2019
Jet Airways,Kolkata,Banglore,1,13759.0,1495,24,3,2019,19,45,20,40,25,3,2019
IndiGo,Kolkata,Banglore,1,4226.0,220,5,1,2019,19,35,23,15,5,1,2019
IndiGo,Delhi,Cochin,1,9274.0,570,5,9,2019,16,0,1,30,5,10,2019
Multiple carriers,Delhi,Cochin,1,12192.0,660,27,6,2019,8,0,19,0,27,6,2019
IndiGo,Kolkata,Banglore,0,4804.0,165,6,9,2019,9,35,12,20,6,9,2019
Jet Airways,Delhi,Cochin,1,10262.0,1505,27,6,2019,11,30,12,35,28,6,2019
Jet Airways,Delhi,Cochin,1,10262.0,1415,15,6,2019,13,0,12,35,16,6,2019
IndiGo,Mumbai,Hyderabad,0,3175.0,90,6,9,2019,16,55,18,25,6,9,2019
Jet Airways,Delhi,Cochin,1,12898.0,1145,27,5,2019,17,30,12,35,28,5,2019
Jet Airways,Delhi,Cochin,0,9564.0,195,21,6,2019,11,0,14,15,21,6,2019
Jet Airways,Delhi,Cochin,2,12819.0,1775,27,6,2019,13,25,19,0,28,6,2019
Air India,Kolkata,Banglore,2,15187.0,1365,24,3,2019,9,10,7,55,25,3,2019
Air India,Kolkata,Banglore,2,12802.0,1700,24,5,2019,9,25,13,45,25,5,2019
IndiGo,Kolkata,Banglore,0,4804.0,155,6,3,2019,9,35,12,10,6,3,2019
SpiceJet,Chennai,Kolkata,0,6300.0,140,3,9,2019,17,45,20,5,3,9,2019
SpiceJet,Kolkata,Banglore,0,3873.0,150,27,5,2019,17,10,19,40,27,5,2019
IndiGo,Kolkata,Banglore,0,5224.0,155,6,1,2019,17,15,19,50,6,1,2019
Air India,Banglore,Delhi,0,5228.0,170,15,4,2019,21,5,23,55,15,4,2019
Air India,Mumbai,Hyderabad,1,8065.0,1440,3,12,2019,9,15,9,15,13,3,2019
Air India,Banglore,Delhi,0,4441.0,170,4,3,2019,21,5,23,55,4,3,2019
Multiple carriers,Delhi,Cochin,1,7354.0,520,6,3,2019,10,35,19,15,6,3,2019
Air India,Delhi,Cochin,0,6094.0,170,21,5,2019,5,10,8,0,21,5,2019
Jet Airways,Kolkata,Banglore,1,7064.0,960,4,1,2019,20,0,12,0,4,2,2019
Jet Airways,Delhi,Cochin,2,13292.0,1130,6,9,2019,9,35,4,25,6,10,2019
Jet Airways,Delhi,Cochin,2,13376.0,1320,6,12,2019,14,35,12,35,13,6,2019
Jet Airways,Delhi,Cochin,2,7791.0,1925,21,3,2019,10,45,18,50,22,3,2019
Air India,Delhi,Cochin,1,7480.0,1255,6,12,2019,12,30,9,25,13,6,2019
IndiGo,Kolkata,Banglore,1,5069.0,290,15,5,2019,8,10,13,0,15,5,2019
SpiceJet,Banglore,Delhi,0,3257.0,170,18,6,2019,9,30,12,20,18,6,2019
Multiple carriers,Delhi,Cochin,1,34273.0,760,5,9,2019,12,50,1,30,5,10,2019
Jet Airways,Delhi,Cochin,2,16704.0,1430,18,5,2019,19,10,19,0,19,5,2019
Air India,Kolkata,Banglore,2,11432.0,895,5,9,2019,8,20,23,15,5,9,2019
Air India,Mumbai,Hyderabad,0,4307.0,80,3,12,2019,21,5,22,25,3,12,2019
Jet Airways,Delhi,Cochin,2,13029.0,1025,27,5,2019,19,30,12,35,28,5,2019
Air India,Mumbai,Hyderabad,0,3100.0,85,21,5,2019,15,0,16,25,21,5,2019
Jet Airways,Kolkata,Banglore,1,10031.0,1610,24,3,2019,19,45,22,35,25,3,2019
SpiceJet,Kolkata,Banglore,0,3841.0,155,6,6,2019,6,55,9,30,6,6,2019
Jet Airways,Banglore,Delhi,0,4030.0,180,15,5,2019,19,50,22,50,15,5,2019
Air India,Delhi,Cochin,2,10441.0,1275,15,6,2019,22,0,19,15,16,6,2019
Air India,Kolkata,Banglore,3,14221.0,2115,24,3,2019,12,0,23,15,25,3,2019
Jet Airways,Delhi,Cochin,1,10262.0,450,6,3,2019,11,30,19,0,6,3,2019
Jet Airways,Banglore,Delhi,0,7229.0,175,15,4,2019,11,10,14,5,15,4,2019
IndiGo,Banglore,Delhi,0,8033.0,170,24,3,2019,13,0,15,50,24,3,2019
IndiGo,Delhi,Cochin,1,6818.0,425,15,6,2019,5,5,12,10,15,6,2019
Multiple carriers,Delhi,Cochin,1,7485.0,735,21,5,2019,8,45,21,0,21,5,2019
SpiceJet,Banglore,Delhi,0,3971.0,170,6,3,2019,9,30,12,20,6,3,2019
SpiceJet,Chennai,Kolkata,0,3597.0,140,15,5,2019,17,45,20,5,15,5,2019
Jet Airways,Mumbai,Hyderabad,0,5678.0,90,18,3,2019,2,55,4,25,18,3,2019
Air India,Kolkata,Banglore,1,8366.0,1350,24,5,2019,9,25,7,55,25,5,2019
Air India,Delhi,Cochin,2,11753.0,500,6,6,2019,10,55,19,15,6,6,2019
SpiceJet,Kolkata,Banglore,0,3841.0,140,24,6,2019,22,20,0,40,25,6,2019
Vistara,Kolkata,Banglore,1,9345.0,385,15,5,2019,17,0,23,25,15,5,2019
Air India,Kolkata,Banglore,2,15107.0,1105,6,6,2019,14,30,8,55,6,7,2019
Multiple carriers,Delhi,Cochin,1,9646.0,925,6,6,2019,7,5,22,30,6,6,2019
Jet Airways,Delhi,Cochin,1,10262.0,1280,6,9,2019,7,5,4,25,6,10,2019
Jet Airways,Delhi,Cochin,2,8456.0,555,27,3,2019,19,10,4,25,28,3,2019
SpiceJet,Kolkata,Banglore,0,3841.0,140,6,9,2019,22,20,0,40,6,10,2019
Multiple carriers,Delhi,Cochin,1,12537.0,375,27,3,2019,7,5,13,20,27,3,2019
IndiGo,Kolkata,Banglore,0,4804.0,155,6,6,2019,9,35,12,10,6,6,2019
Multiple carriers,Delhi,Cochin,1,7005.0,640,6,6,2019,10,20,21,0,6,6,2019
Multiple carriers,Delhi,Cochin,1,13587.0,835,15,6,2019,7,5,21,0,15,6,2019
Jet Airways,Mumbai,Hyderabad,0,4050.0,85,5,12,2019,7,5,8,30,5,12,2019
IndiGo,Kolkata,Banglore,0,4148.0,165,21,3,2019,9,35,12,20,21,3,2019
IndiGo,Chennai,Kolkata,0,3850.0,145,5,1,2019,5,15,7,40,5,1,2019
IndiGo,Banglore,Delhi,0,4591.0,165,27,4,2019,1,30,4,15,27,4,2019
Jet Airways,Banglore,Delhi,0,8016.0,180,18,6,2019,17,45,20,45,18,6,2019
IndiGo,Kolkata,Banglore,0,4804.0,150,18,5,2019,15,15,17,45,18,5,2019
Jet Airways,Kolkata,Banglore,1,13941.0,1590,18,5,2019,5,45,8,15,19,5,2019
IndiGo,Delhi,Cochin,1,7006.0,860,21,5,2019,6,40,21,0,21,5,2019
Air India,Kolkata,Banglore,3,14015.0,805,5,12,2019,9,50,23,15,5,12,2019
Jet Airways,Banglore,Delhi,1,11087.0,525,3,12,2019,22,55,7,40,13,3,2019
IndiGo,Delhi,Cochin,1,5647.0,320,3,9,2019,6,40,12,0,3,9,2019
IndiGo,Delhi,Cochin,1,8745.0,305,21,5,2019,23,30,4,35,22,5,2019
Jet Airways,Banglore,Delhi,0,8016.0,165,6,1,2019,6,0,8,45,6,1,2019
Jet Airways,Delhi,Cochin,0,7202.0,195,6,9,2019,11,0,14,15,6,9,2019
Jet Airways,Delhi,Cochin,1,5963.0,1610,21,3,2019,16,0,18,50,22,3,2019
Multiple carriers,Delhi,Cochin,1,9646.0,765,6,6,2019,9,45,22,30,6,6,2019
Air India,Mumbai,Hyderabad,0,3100.0,90,21,6,2019,13,55,15,25,21,6,2019
IndiGo,Kolkata,Banglore,0,4148.0,155,3,9,2019,15,20,17,55,3,9,2019
IndiGo,Banglore,Delhi,0,4823.0,175,5,1,2019,18,25,21,20,5,1,2019
SpiceJet,Kolkata,Banglore,0,3841.0,150,4,6,2019,17,10,19,40,4,6,2019
Jet Airways,Delhi,Cochin,2,13014.0,560,6,3,2019,9,40,19,0,6,3,2019
Jet Airways,Delhi,Cochin,1,10262.0,1570,6,9,2019,2,15,4,25,6,10,2019
Air India,Mumbai,Hyderabad,0,2575.0,80,27,3,2019,21,5,22,25,27,3,2019
Jet Airways,Banglore,Delhi,1,19225.0,435,3,6,2019,8,0,15,15,3,6,2019
IndiGo,Kolkata,Banglore,0,4174.0,155,4,6,2019,20,20,22,55,4,6,2019
GoAir,Delhi,Cochin,1,7870.0,310,6,6,2019,14,25,19,35,6,6,2019
Air India,Delhi,Cochin,1,7934.0,375,21,3,2019,13,0,19,15,21,3,2019
Jet Airways,Delhi,Cochin,2,11360.0,485,21,3,2019,10,45,18,50,21,3,2019
IndiGo,Delhi,Cochin,1,6442.0,560,27,6,2019,6,50,16,10,27,6,2019
Jet Airways,Delhi,Cochin,1,10262.0,450,6,3,2019,20,55,4,25,6,4,2019
Multiple carriers,Delhi,Cochin,1,6732.0,465,27,3,2019,11,30,19,15,27,3,2019
Vistara,Banglore,Delhi,0,4668.0,170,6,9,2019,9,45,12,35,6,9,2019
IndiGo,Delhi,Cochin,1,6258.0,345,21,4,2019,2,0,7,45,21,4,2019
Multiple carriers,Delhi,Cochin,1,16108.0,730,15,6,2019,7,5,19,15,15,6,2019
IndiGo,Delhi,Cochin,1,14871.0,400,3,6,2019,6,40,13,20,3,6,2019
Air Asia,Banglore,Delhi,0,4483.0,170,4,9,2019,23,55,2,45,4,10,2019
Jet Airways,Kolkata,Banglore,1,8066.0,1630,5,12,2019,20,25,23,35,13,5,2019
SpiceJet,Kolkata,Banglore,1,9946.0,435,6,9,2019,11,15,18,30,6,9,2019
IndiGo,Delhi,Cochin,1,6027.0,340,21,5,2019,15,10,20,50,21,5,2019
Jet Airways,Delhi,Cochin,1,10262.0,825,6,9,2019,22,50,12,35,6,10,2019
Jet Airways,Kolkata,Banglore,1,10844.0,1265,6,9,2019,21,10,18,15,6,10,2019
Jet Airways,Kolkata,Banglore,1,8586.0,425,15,5,2019,16,30,23,35,15,5,2019
IndiGo,Delhi,Cochin,0,6015.0,195,27,5,2019,14,25,17,40,27,5,2019
IndiGo,Banglore,Delhi,0,4990.0,170,18,4,2019,13,0,15,50,18,4,2019
Jet Airways,Kolkata,Banglore,1,10844.0,1150,5,12,2019,21,10,16,20,13,5,2019
Multiple carriers,Delhi,Cochin,1,13377.0,840,6,6,2019,11,30,1,30,6,7,2019
Air India,Delhi,Cochin,2,12257.0,1470,6,9,2019,18,45,19,15,6,10,2019
IndiGo,Kolkata,Banglore,0,4804.0,155,27,5,2019,17,15,19,50,27,5,2019
Vistara,Banglore,Delhi,1,10008.0,915,3,9,2019,6,40,21,55,3,9,2019
IndiGo,Chennai,Kolkata,0,3597.0,140,5,1,2019,19,35,21,55,5,1,2019
IndiGo,Banglore,Delhi,0,3419.0,170,5,6,2019,22,10,1,0,5,7,2019
Jet Airways,Delhi,Cochin,1,16289.0,715,27,5,2019,7,5,19,0,27,5,2019
Jet Airways,Kolkata,Banglore,1,10844.0,1170,18,5,2019,16,30,12,0,19,5,2019
Multiple carriers,Delhi,Cochin,1,9526.0,535,6,1,2019,10,20,19,15,6,1,2019
Jet Airways,Kolkata,Banglore,1,8849.0,730,4,1,2019,21,10,9,20,4,2,2019
Air India,Banglore,Delhi,0,6121.0,165,5,6,2019,6,10,8,55,5,6,2019
Jet Airways,Delhi,Cochin,2,12347.0,1465,21,3,2019,18,25,18,50,22,3,2019
Vistara,Banglore,Delhi,0,5613.0,170,18,4,2019,21,0,23,50,18,4,2019
Jet Airways,Delhi,Cochin,1,18253.0,1185,3,3,2019,23,5,18,50,3,4,2019
Multiple carriers,Delhi,Cochin,1,14848.0,555,21,5,2019,10,0,19,15,21,5,2019
Jet Airways,Mumbai,Hyderabad,0,4995.0,90,15,5,2019,10,20,11,50,15,5,2019
IndiGo,Banglore,Delhi,0,4591.0,170,6,6,2019,23,30,2,20,6,7,2019
IndiGo,Kolkata,Banglore,0,4462.0,160,18,3,2019,20,25,23,5,18,3,2019
Jet Airways,Delhi,Cochin,1,12898.0,1210,21,5,2019,22,50,19,0,22,5,2019
Jet Airways,Delhi,Cochin,1,12032.0,590,27,3,2019,9,0,18,50,27,3,2019
Jet Airways,Delhi,Cochin,2,13029.0,1125,5,9,2019,9,40,4,25,5,10,2019
SpiceJet,Chennai,Kolkata,0,3543.0,140,6,3,2019,17,45,20,5,6,3,2019
Air India,Banglore,Delhi,0,8851.0,165,3,3,2019,6,10,8,55,3,3,2019
Jet Airways,Delhi,Cochin,1,14714.0,335,6,6,2019,22,50,4,25,6,7,2019
SpiceJet,Kolkata,Banglore,0,3841.0,155,24,4,2019,6,55,9,30,24,4,2019
Multiple carriers,Delhi,Cochin,1,7531.0,455,21,3,2019,11,40,19,15,21,3,2019
Multiple carriers,Delhi,Cochin,1,7845.0,440,27,3,2019,6,0,13,20,27,3,2019
Jet Airways,Kolkata,Banglore,1,9663.0,330,5,9,2019,6,30,12,0,5,9,2019
Jet Airways,Mumbai,Hyderabad,0,5678.0,85,5,6,2019,2,55,4,20,5,6,2019
IndiGo,Banglore,Delhi,0,5780.0,165,18,5,2019,1,30,4,15,18,5,2019
SpiceJet,Kolkata,Banglore,0,3841.0,145,4,9,2019,9,0,11,25,4,9,2019
Air India,Delhi,Cochin,1,7174.0,320,24,6,2019,17,40,23,0,24,6,2019
Air India,Kolkata,Banglore,2,13616.0,1915,18,5,2019,9,25,17,20,19,5,2019
Multiple carriers,Delhi,Cochin,2,18275.0,460,27,5,2019,17,50,1,30,28,5,2019
Air India,Kolkata,Banglore,2,14482.0,1700,15,5,2019,9,25,13,45,16,5,2019
Air India,Kolkata,Banglore,2,7662.0,445,5,6,2019,5,50,13,15,5,6,2019
Air India,Delhi,Cochin,2,11281.0,1275,15,5,2019,22,0,19,15,16,5,2019
Air India,Kolkata,Banglore,1,6117.0,965,21,5,2019,19,0,11,5,22,5,2019
SpiceJet,Banglore,Delhi,0,4423.0,160,4,6,2019,5,55,8,35,4,6,2019
Air India,Kolkata,Banglore,2,9416.0,590,6,6,2019,12,0,21,50,6,6,2019
Air India,Banglore,Delhi,0,6961.0,165,21,6,2019,10,0,12,45,21,6,2019
Jet Airways,Delhi,Cochin,2,13376.0,1300,6,1,2019,6,45,4,25,6,2,2019
GoAir,Banglore,Delhi,0,4239.0,175,24,3,2019,7,45,10,40,24,3,2019
Multiple carriers,Delhi,Cochin,1,13727.0,660,15,5,2019,10,0,21,0,15,5,2019
Jet Airways,Kolkata,Banglore,1,13067.0,1285,18,5,2019,17,0,14,25,19,5,2019
Air India,Banglore,Delhi,0,6961.0,170,21,6,2019,13,20,16,10,21,6,2019
Jet Airways,Kolkata,Banglore,1,7064.0,1720,4,1,2019,18,55,23,35,4,2,2019
IndiGo,Delhi,Cochin,1,8784.0,860,21,3,2019,6,40,21,0,21,3,2019
Jet Airways,Kolkata,Banglore,1,13941.0,1215,5,1,2019,8,25,4,40,5,2,2019
Multiple carriers,Delhi,Cochin,1,15058.0,730,24,6,2019,7,5,19,15,24,6,2019
Air Asia,Delhi,Cochin,1,6451.0,625,27,6,2019,20,45,7,10,28,6,2019
Jet Airways,Delhi,Cochin,2,13014.0,810,6,6,2019,5,30,19,0,6,6,2019
GoAir,Delhi,Cochin,1,22794.0,310,3,3,2019,14,10,19,20,3,3,2019
GoAir,Delhi,Cochin,1,6922.0,540,27,4,2019,10,35,19,35,27,4,2019
Jet Airways,Banglore,Delhi,0,7229.0,175,4,12,2019,11,10,14,5,4,12,2019
Multiple carriers,Delhi,Cochin,1,13587.0,660,6,12,2019,10,0,21,0,6,12,2019
Air India,Delhi,Cochin,2,11228.0,1820,21,3,2019,12,55,19,15,22,3,2019
Air Asia,Banglore,Delhi,0,4282.0,170,5,1,2019,4,55,7,45,5,1,2019
Jet Airways,Banglore,Delhi,1,12284.0,280,18,3,2019,5,45,10,25,18,3,2019
Jet Airways,Delhi,Cochin,1,10262.0,1655,6,9,2019,9,0,12,35,6,10,2019
Vistara,Delhi,Cochin,0,6741.0,190,21,5,2019,6,0,9,10,21,5,2019
IndiGo,Banglore,Delhi,0,3943.0,170,15,6,2019,10,30,13,20,15,6,2019
Air India,Kolkata,Banglore,1,7662.0,1700,5,12,2019,16,45,21,5,13,5,2019
Jet Airways,Kolkata,Banglore,1,8586.0,1430,5,12,2019,8,25,8,15,13,5,2019
Air India,Delhi,Cochin,1,5117.0,765,27,3,2019,20,40,9,25,28,3,2019
Jet Airways,Delhi,Cochin,2,13376.0,1320,24,6,2019,14,35,12,35,25,6,2019
IndiGo,Delhi,Cochin,1,5298.0,320,15,5,2019,6,50,12,10,15,5,2019
GoAir,Banglore,Delhi,0,4632.0,175,4,9,2019,7,45,10,40,4,9,2019
Jet Airways,Delhi,Cochin,2,13014.0,535,6,1,2019,19,30,4,25,6,2,2019
IndiGo,Banglore,Delhi,0,12649.0,175,3,1,2019,21,20,0,15,3,2,2019
IndiGo,Kolkata,Banglore,1,6303.0,285,24,3,2019,8,15,13,0,24,3,2019
Multiple carriers,Delhi,Cochin,2,11560.0,485,3,9,2019,13,15,21,20,3,9,2019
IndiGo,Banglore,Delhi,0,4823.0,170,21,5,2019,8,30,11,20,21,5,2019
GoAir,Delhi,Cochin,1,7031.0,540,21,4,2019,10,35,19,35,21,4,2019
SpiceJet,Banglore,Delhi,0,4423.0,170,15,5,2019,9,30,12,20,15,5,2019
Air India,Delhi,Cochin,2,10975.0,1420,6,12,2019,9,45,9,25,13,6,2019
SpiceJet,Kolkata,Banglore,0,3873.0,140,4,9,2019,22,20,0,40,4,10,2019
Air Asia,Kolkata,Banglore,0,4107.0,150,24,4,2019,19,55,22,25,24,4,2019
Jet Airways,Banglore,Delhi,1,11087.0,1050,18,3,2019,16,55,10,25,16,3,2019
Multiple carriers,Delhi,Cochin,1,10529.0,690,15,5,2019,7,30,19,0,15,5,2019
Vistara,Banglore,Delhi,0,6138.0,160,15,3,2019,7,0,9,40,15,3,2019
Jet Airways,Banglore,Delhi,1,13817.0,980,3,12,2019,22,55,15,15,13,3,2019
Multiple carriers,Delhi,Cochin,1,6093.0,920,27,6,2019,7,10,22,30,27,6,2019
Jet Airways,Mumbai,Hyderabad,0,5678.0,85,24,3,2019,7,10,8,35,24,3,2019
Air India,Kolkata,Banglore,1,7893.0,925,4,1,2019,17,30,8,55,4,2,2019
Air India,Banglore,Delhi,0,6121.0,170,5,1,2019,13,20,16,10,5,1,2019
Jet Airways,Banglore,Delhi,0,4544.0,180,4,9,2019,17,45,20,45,4,9,2019
Jet Airways,Delhi,Cochin,1,14714.0,1005,6,3,2019,2,15,19,0,6,3,2019
Jet Airways,Kolkata,Banglore,1,14388.0,1090,18,5,2019,14,5,8,15,19,5,2019
Multiple carriers,Delhi,Cochin,1,16108.0,675,6,1,2019,8,0,19,15,6,1,2019
Multiple carriers,Delhi,Cochin,1,12402.0,720,6,3,2019,7,0,19,0,6,3,2019
Jet Airways,Kolkata,Banglore,1,12384.0,690,5,1,2019,9,35,21,5,5,1,2019
Air India,Delhi,Cochin,0,6094.0,180,24,4,2019,14,10,17,10,24,4,2019
IndiGo,Kolkata,Banglore,1,5276.0,220,6,9,2019,19,35,23,15,6,9,2019
IndiGo,Kolkata,Banglore,0,4804.0,155,24,6,2019,4,40,7,15,24,6,2019
Air India,Delhi,Cochin,2,11281.0,1275,5,1,2019,22,0,19,15,5,2,2019
Jet Airways,Delhi,Cochin,1,6068.0,650,27,3,2019,8,0,18,50,27,3,2019
Jet Airways,Banglore,Delhi,0,7229.0,180,5,12,2019,7,10,10,10,5,12,2019
IndiGo,Delhi,Cochin,1,6628.0,975,6,12,2019,9,15,1,30,13,6,2019
Jet Airways,Banglore,Delhi,1,13502.0,1055,3,6,2019,14,5,7,40,3,7,2019
Multiple carriers,Delhi,Cochin,1,14086.0,575,3,9,2019,16,0,1,35,3,10,2019
GoAir,Delhi,Cochin,1,4959.0,540,6,12,2019,10,35,19,35,6,12,2019
Jet Airways,Delhi,Cochin,1,16376.0,620,27,5,2019,2,15,12,35,27,5,2019
IndiGo,Kolkata,Banglore,0,4804.0,155,15,6,2019,22,15,0,50,16,6,2019
Jet Airways,Banglore,Delhi,1,13817.0,1035,3,12,2019,22,55,16,10,13,3,2019
Jet Airways,Banglore,Delhi,0,7229.0,175,5,1,2019,15,15,18,10,5,1,2019
SpiceJet,Chennai,Kolkata,0,3859.0,135,6,3,2019,9,45,12,0,6,3,2019
Air India,Kolkata,Banglore,2,13899.0,1165,21,5,2019,10,0,5,25,22,5,2019
IndiGo,Delhi,Cochin,1,6628.0,975,24,6,2019,9,15,1,30,25,6,2019
IndiGo,Delhi,Cochin,1,10123.0,305,15,5,2019,23,30,4,35,16,5,2019
SpiceJet,Kolkata,Banglore,0,3873.0,155,4,3,2019,6,55,9,30,4,3,2019
Jet Airways,Kolkata,Banglore,1,13339.0,1015,24,3,2019,6,30,23,25,24,3,2019
Jet Airways,Delhi,Cochin,1,14714.0,520,6,6,2019,19,45,4,25,6,7,2019
Jet Airways,Kolkata,Banglore,1,12692.0,1295,6,12,2019,20,25,18,0,13,6,2019
GoAir,Delhi,Cochin,1,5281.0,355,15,6,2019,7,0,12,55,15,6,2019
Jet Airways,Delhi,Cochin,2,10368.0,810,24,6,2019,5,30,19,0,24,6,2019
Multiple carriers,Delhi,Cochin,1,13377.0,570,27,5,2019,16,0,1,30,28,5,2019
Jet Airways,Delhi,Cochin,2,15129.0,1195,27,5,2019,23,5,19,0,28,5,2019
Air India,Banglore,Delhi,0,6961.0,165,6,6,2019,10,0,12,45,6,6,2019
Jet Airways,Kolkata,Banglore,1,10844.0,1430,24,5,2019,20,0,19,50,25,5,2019
Jet Airways,Kolkata,Banglore,1,13759.0,1235,24,3,2019,19,45,16,20,25,3,2019
Air India,Mumbai,Hyderabad,2,12119.0,2245,3,12,2019,6,0,19,25,13,3,2019
Air Asia,Kolkata,Banglore,0,3807.0,150,15,6,2019,22,50,1,20,16,6,2019
IndiGo,Banglore,Delhi,0,3943.0,170,18,5,2019,22,10,1,0,19,5,2019
Jet Airways,Kolkata,Banglore,1,13941.0,945,5,1,2019,16,30,8,15,5,2,2019
Jet Airways,Kolkata,Banglore,1,8586.0,845,24,5,2019,20,0,10,5,25,5,2019
Air India,Kolkata,Banglore,0,6245.0,150,4,1,2019,14,15,16,45,4,1,2019
Jet Airways,Kolkata,Banglore,1,13067.0,505,5,6,2019,9,35,18,0,5,6,2019
IndiGo,Delhi,Cochin,1,14871.0,425,3,6,2019,8,25,15,30,3,6,2019
Multiple carriers,Delhi,Cochin,1,13377.0,690,24,6,2019,14,0,1,30,25,6,2019
Jet Airways,Delhi,Cochin,1,12373.0,1395,5,9,2019,19,45,19,0,5,10,2019
Jet Airways,Kolkata,Banglore,1,14231.0,345,24,3,2019,13,55,19,40,24,3,2019
SpiceJet,Mumbai,Hyderabad,0,1965.0,90,5,1,2019,22,45,0,15,5,2,2019
Jet Airways,Delhi,Cochin,1,14924.0,330,6,3,2019,7,5,12,35,6,3,2019
IndiGo,Kolkata,Banglore,0,4174.0,155,4,1,2019,15,30,18,5,4,1,2019
GoAir,Delhi,Cochin,1,4725.0,355,4,3,2019,7,0,12,55,4,3,2019
Multiple carriers,Delhi,Cochin,1,17057.0,665,3,3,2019,2,15,13,20,3,3,2019
Air India,Banglore,Delhi,1,11444.0,700,3,3,2019,11,5,22,45,3,3,2019
Jet Airways,Delhi,Cochin,0,7202.0,195,6,12,2019,11,0,14,15,6,12,2019
Jet Airways,Banglore,Delhi,0,4030.0,185,15,5,2019,18,55,22,0,15,5,2019
Air India,Mumbai,Hyderabad,1,9535.0,1440,3,6,2019,9,15,9,15,3,7,2019
Jet Airways,Kolkata,Banglore,1,8586.0,1055,5,1,2019,16,30,10,5,5,2,2019
Jet Airways,Kolkata,Banglore,1,8586.0,1375,18,5,2019,5,45,4,40,19,5,2019
SpiceJet,Banglore,Delhi,0,3625.0,160,18,5,2019,5,55,8,35,18,5,2019
Multiple carriers,Delhi,Cochin,1,8055.0,900,27,3,2019,6,0,21,0,27,3,2019
Air India,Mumbai,Hyderabad,0,3100.0,80,21,3,2019,6,20,7,40,21,3,2019
IndiGo,Kolkata,Banglore,1,5699.0,280,6,9,2019,17,35,22,15,6,9,2019
Jet Airways,Delhi,Cochin,2,15129.0,535,27,5,2019,19,30,4,25,28,5,2019
Vistara,Kolkata,Banglore,1,9187.0,965,5,9,2019,17,0,9,5,5,10,2019
Air India,Delhi,Cochin,2,11732.0,1470,24,6,2019,18,45,19,15,25,6,2019
SpiceJet,Kolkata,Banglore,0,3841.0,140,4,1,2019,22,20,0,40,4,2,2019
Multiple carriers,Delhi,Cochin,1,9794.0,520,5,6,2019,10,20,19,0,5,6,2019
IndiGo,Kolkata,Banglore,1,12198.0,295,18,5,2019,9,20,14,15,18,5,2019
Jet Airways,Kolkata,Banglore,1,14571.0,775,6,6,2019,21,10,10,5,6,7,2019
IndiGo,Mumbai,Hyderabad,0,5755.0,90,3,3,2019,9,10,10,40,3,3,2019
Jet Airways,Kolkata,Banglore,1,14151.0,750,6,6,2019,9,35,22,5,6,6,2019
Vistara,Banglore,Delhi,0,5613.0,155,18,4,2019,17,0,19,35,18,4,2019
Jet Airways,Kolkata,Banglore,1,13067.0,1075,5,6,2019,17,0,10,55,5,7,2019
Jet Airways,Delhi,Cochin,1,12557.0,1475,21,3,2019,18,15,18,50,22,3,2019
Jet Airways,Delhi,Cochin,1,14714.0,450,6,3,2019,20,55,4,25,6,4,2019
Jet Airways,Banglore,Delhi,0,4544.0,175,5,3,2019,15,15,18,10,5,3,2019
Air India,Delhi,Cochin,2,10441.0,1275,6,1,2019,22,0,19,15,6,2,2019
Air Asia,Kolkata,Banglore,0,4107.0,150,4,1,2019,22,50,1,20,4,2,2019
IndiGo,Banglore,Delhi,0,4990.0,180,18,4,2019,16,55,19,55,18,4,2019
Jet Airways,Delhi,Cochin,2,12341.0,2240,21,3,2019,5,30,18,50,22,3,2019
Air India,Delhi,Cochin,2,12856.0,1410,3,3,2019,19,45,19,15,3,4,2019
Air India,Kolkata,Banglore,1,7893.0,795,4,1,2019,10,0,23,15,4,1,2019
Vistara,Delhi,Cochin,0,6688.0,175,15,3,2019,14,55,17,50,15,3,2019
Jet Airways,Delhi,Cochin,1,5963.0,590,27,3,2019,9,0,18,50,27,3,2019
IndiGo,Banglore,Delhi,0,3419.0,170,24,5,2019,22,10,1,0,25,5,2019
Jet Airways,Mumbai,Hyderabad,0,2228.0,90,21,3,2019,19,35,21,5,21,3,2019
Air India,Mumbai,Hyderabad,0,2575.0,75,24,3,2019,19,30,20,45,24,3,2019
Jet Airways,Delhi,Cochin,2,13292.0,1295,24,6,2019,21,25,19,0,25,6,2019
IndiGo,Banglore,Delhi,0,4823.0,170,5,9,2019,8,30,11,20,5,9,2019
Jet Airways,Kolkata,Banglore,1,9899.0,400,6,12,2019,14,5,20,45,6,12,2019
Air India,Kolkata,Banglore,2,14120.0,805,5,6,2019,9,50,23,15,5,6,2019
Air India,Delhi,Cochin,1,15284.0,615,3,6,2019,9,0,19,15,3,6,2019
Multiple carriers,Delhi,Cochin,1,12192.0,910,6,9,2019,3,50,19,0,6,9,2019
Air India,Kolkata,Banglore,2,13428.0,1100,24,3,2019,7,0,1,20,25,3,2019
SpiceJet,Chennai,Kolkata,0,3543.0,135,6,3,2019,8,20,10,35,6,3,2019
Jet Airways,Delhi,Cochin,1,5406.0,1595,4,1,2019,10,0,12,35,4,2,2019
Air India,Delhi,Cochin,3,12383.0,1585,6,1,2019,5,15,7,40,6,2,2019
Air India,Delhi,Cochin,1,8372.0,375,24,6,2019,13,0,19,15,24,6,2019
IndiGo,Banglore,Delhi,0,6144.0,175,3,3,2019,21,20,0,15,3,4,2019
Jet Airways,Kolkata,Banglore,1,8586.0,800,24,5,2019,18,55,8,15,25,5,2019
Air Asia,Banglore,Delhi,0,4282.0,170,5,9,2019,4,55,7,45,5,9,2019
Jet Airways,Delhi,Cochin,1,16079.0,450,21,5,2019,11,30,19,0,21,5,2019
IndiGo,Mumbai,Hyderabad,0,3175.0,90,15,3,2019,16,55,18,25,15,3,2019
Jet Airways,Delhi,Cochin,1,15764.0,925,3,6,2019,13,0,4,25,3,7,2019
IndiGo,Mumbai,Hyderabad,0,4784.0,85,3,6,2019,6,20,7,45,3,6,2019
Multiple carriers,Delhi,Cochin,1,17057.0,450,3,3,2019,8,0,15,30,3,3,2019
Jet Airways,Delhi,Cochin,2,13014.0,1375,15,6,2019,5,30,4,25,16,6,2019
Jet Airways,Delhi,Cochin,1,14714.0,1210,6,12,2019,22,50,19,0,13,6,2019
Jet Airways,Delhi,Cochin,0,9564.0,195,21,5,2019,9,50,13,5,21,5,2019
Air India,Delhi,Cochin,1,8991.0,705,6,12,2019,20,30,8,15,13,6,2019
IndiGo,Kolkata,Banglore,0,4804.0,150,15,6,2019,15,15,17,45,15,6,2019
Jet Airways,Delhi,Cochin,1,12242.0,550,27,3,2019,19,15,4,25,28,3,2019
IndiGo,Kolkata,Banglore,0,4148.0,165,21,3,2019,22,10,0,55,22,3,2019
Jet Airways,Kolkata,Banglore,1,8586.0,945,18,5,2019,16,30,8,15,19,5,2019
Jet Airways,Delhi,Cochin,1,11627.0,1105,6,3,2019,10,0,4,25,6,4,2019
Jet Airways,Kolkata,Banglore,1,7064.0,685,4,1,2019,8,25,19,50,4,1,2019
Vistara,Banglore,Delhi,1,12476.0,1665,3,3,2019,6,40,10,25,3,7,2019
Jet Airways,Delhi,Cochin,1,10262.0,925,6,1,2019,13,0,4,25,6,2,2019
Jet Airways,Mumbai,Hyderabad,0,5678.0,90,6,1,2019,10,20,11,50,6,1,2019
Air Asia,Delhi,Cochin,1,6151.0,315,27,3,2019,7,55,13,10,27,3,2019
Multiple carriers,Delhi,Cochin,1,14067.0,435,21,5,2019,18,15,1,30,22,5,2019
Air India,Kolkata,Banglore,1,11936.0,555,15,5,2019,7,0,16,15,15,5,2019
Air India,Kolkata,Banglore,1,6327.0,965,5,12,2019,19,0,11,5,13,5,2019
Jet Airways,Kolkata,Banglore,1,8529.0,1540,6,12,2019,8,25,10,5,13,6,2019
Air India,Delhi,Cochin,2,10651.0,1410,18,5,2019,19,45,19,15,19,5,2019
Vistara,Banglore,Delhi,0,4668.0,170,6,1,2019,11,30,14,20,6,1,2019
GoAir,Delhi,Cochin,1,5430.0,540,24,4,2019,10,35,19,35,24,4,2019
Jet Airways,Banglore,Delhi,0,7229.0,180,6,1,2019,17,45,20,45,6,1,2019
IndiGo,Delhi,Cochin,1,6314.0,975,21,3,2019,4,45,21,0,21,3,2019
Air Asia,Banglore,Delhi,0,7120.0,170,6,3,2019,23,55,2,45,6,4,2019
Jet Airways,Delhi,Cochin,2,15129.0,1760,18,5,2019,23,5,4,25,20,5,2019
SpiceJet,Kolkata,Banglore,0,3841.0,145,5,6,2019,9,0,11,25,5,6,2019
SpiceJet,Kolkata,Banglore,0,3841.0,150,27,4,2019,14,55,17,25,27,4,2019
Air India,Delhi,Cochin,1,7480.0,965,24,6,2019,17,20,9,25,25,6,2019
Air India,Kolkata,Banglore,2,10676.0,1390,5,6,2019,12,0,11,10,5,7,2019
IndiGo,Banglore,Delhi,0,4423.0,165,21,4,2019,6,5,8,50,21,4,2019
IndiGo,Delhi,Cochin,1,9709.0,380,21,3,2019,9,10,15,30,21,3,2019
Multiple carriers,Delhi,Cochin,1,7198.0,930,27,6,2019,10,0,1,30,28,6,2019
Multiple carriers,Delhi,Cochin,1,14848.0,730,6,6,2019,7,5,19,15,6,6,2019
SpiceJet,Mumbai,Hyderabad,0,1965.0,90,5,12,2019,5,45,7,15,5,12,2019
Jet Airways,Banglore,Delhi,1,9134.0,625,15,3,2019,8,0,18,25,15,3,2019
Multiple carriers,Delhi,Cochin,1,7485.0,760,21,5,2019,12,50,1,30,22,5,2019
IndiGo,Delhi,Cochin,1,6442.0,515,6,12,2019,7,35,16,10,6,12,2019
Jet Airways,Delhi,Cochin,2,15812.0,440,6,3,2019,11,40,19,0,6,3,2019
Air India,Delhi,Cochin,2,11185.0,1420,6,9,2019,9,45,9,25,6,10,2019
IndiGo,Mumbai,Hyderabad,0,3175.0,85,15,3,2019,12,0,13,25,15,3,2019
Vistara,Kolkata,Banglore,1,8452.0,930,21,5,2019,7,10,22,40,21,5,2019
Jet Airways,Delhi,Cochin,1,10262.0,1010,15,6,2019,19,45,12,35,16,6,2019
Air India,Banglore,Delhi,0,5228.0,170,21,5,2019,21,5,23,55,21,5,2019
Jet Airways,Kolkata,Banglore,1,9314.0,1080,5,9,2019,20,25,14,25,5,10,2019
Jet Airways,Delhi,Cochin,2,15812.0,440,6,1,2019,11,40,19,0,6,1,2019
Jet Airways,Kolkata,Banglore,1,14151.0,1075,5,12,2019,17,0,10,55,13,5,2019
SpiceJet,Banglore,Delhi,0,3625.0,170,24,5,2019,9,30,12,20,24,5,2019
Air India,Delhi,Cochin,2,10283.0,2295,3,3,2019,5,0,19,15,3,4,2019
Jet Airways,Delhi,Cochin,1,10262.0,1005,6,1,2019,2,15,19,0,6,1,2019
Jet Airways,Kolkata,Banglore,1,10844.0,590,21,5,2019,8,25,18,15,21,5,2019
Jet Airways,Kolkata,Banglore,1,12384.0,395,5,1,2019,17,0,23,35,5,1,2019
Jet Airways,Delhi,Cochin,1,11822.0,825,4,9,2019,22,50,12,35,4,10,2019
Vistara,Banglore,Delhi,1,10008.0,1665,3,9,2019,6,40,10,25,13,3,2019
IndiGo,Delhi,Cochin,1,7640.0,380,18,5,2019,16,10,22,30,18,5,2019
Jet Airways,Kolkata,Banglore,1,14781.0,345,5,1,2019,14,5,19,50,5,1,2019
SpiceJet,Banglore,Delhi,0,4377.0,175,24,3,2019,9,35,12,30,24,3,2019
IndiGo,Delhi,Cochin,1,5298.0,320,15,6,2019,6,50,12,10,15,6,2019
IndiGo,Mumbai,Hyderabad,0,2227.0,90,24,3,2019,20,5,21,35,24,3,2019
Multiple carriers,Delhi,Cochin,1,10407.0,720,27,5,2019,7,0,19,0,27,5,2019
Jet Airways,Delhi,Cochin,2,11507.0,910,27,6,2019,21,25,12,35,28,6,2019
IndiGo,Delhi,Cochin,1,5458.0,305,6,9,2019,20,25,1,30,6,10,2019
IndiGo,Banglore,Delhi,0,3943.0,170,6,12,2019,23,30,2,20,13,6,2019
Jet Airways,Delhi,Cochin,1,18550.0,440,3,3,2019,11,30,18,50,3,3,2019
Vistara,Kolkata,Banglore,1,9397.0,865,6,9,2019,20,20,10,45,6,10,2019
SpiceJet,Kolkata,Banglore,0,3841.0,155,21,5,2019,6,55,9,30,21,5,2019
Jet Airways,Banglore,Delhi,0,7229.0,180,27,4,2019,7,10,10,10,27,4,2019
IndiGo,Banglore,Delhi,0,4823.0,175,18,6,2019,18,55,21,50,18,6,2019
Jet Airways,Kolkata,Banglore,1,10844.0,1550,6,9,2019,18,55,20,45,6,10,2019
Air India,Delhi,Cochin,1,7174.0,1010,5,9,2019,6,10,23,0,5,9,2019
IndiGo,Kolkata,Banglore,0,6985.0,155,3,3,2019,15,10,17,45,3,3,2019
Jet Airways,Delhi,Cochin,2,11664.0,2300,27,3,2019,5,25,19,45,28,3,2019
Multiple carriers,Delhi,Cochin,1,8073.0,840,15,5,2019,7,0,21,0,15,5,2019
Air India,Delhi,Cochin,2,9417.0,970,6,12,2019,17,15,9,25,13,6,2019
Air India,Delhi,Cochin,1,8372.0,675,27,6,2019,8,0,19,15,27,6,2019
Multiple carriers,Delhi,Cochin,1,14408.0,795,3,9,2019,6,0,19,15,3,9,2019
Jet Airways,Mumbai,Hyderabad,0,5678.0,90,24,5,2019,19,35,21,5,24,5,2019
IndiGo,Banglore,Delhi,0,5694.0,170,21,3,2019,13,0,15,50,21,3,2019
Jet Airways,Kolkata,Banglore,1,8586.0,450,5,12,2019,21,10,4,40,13,5,2019
Jet Airways,Banglore,Delhi,1,11087.0,565,18,3,2019,22,50,8,15,16,3,2019
IndiGo,Banglore,Delhi,0,4823.0,180,27,4,2019,16,55,19,55,27,4,2019
SpiceJet,Delhi,Cochin,1,5583.0,315,6,3,2019,6,5,11,20,6,3,2019
Jet Airways,Delhi,Cochin,2,11869.0,1465,21,3,2019,18,25,18,50,22,3,2019
IndiGo,Banglore,Delhi,0,4823.0,180,24,6,2019,16,55,19,55,24,6,2019
Jet Airways,Delhi,Cochin,1,12373.0,330,5,9,2019,7,5,12,35,5,9,2019
Multiple carriers,Delhi,Cochin,1,7268.0,535,24,6,2019,10,20,19,15,24,6,2019
Jet Airways,Banglore,Delhi,1,17261.0,1110,3,6,2019,16,55,11,25,3,7,2019
Jet Airways,Delhi,Cochin,2,10368.0,1375,15,6,2019,5,30,4,25,16,6,2019
IndiGo,Chennai,Kolkata,0,3384.0,135,27,3,2019,13,20,15,35,27,3,2019
SpiceJet,Kolkata,Banglore,0,3847.0,150,27,3,2019,9,0,11,30,27,3,2019
IndiGo,Delhi,Cochin,1,6093.0,625,6,3,2019,10,35,21,0,6,3,2019
Air India,Delhi,Cochin,2,13547.0,1105,27,6,2019,13,15,7,40,28,6,2019
Air Asia,Banglore,Delhi,0,7120.0,170,6,6,2019,23,55,2,45,6,7,2019
Jet Airways Business,Delhi,Cochin,2,46490.0,500,3,3,2019,20,5,4,25,3,4,2019
Jet Airways,Delhi,Cochin,2,12872.0,1620,27,5,2019,9,35,12,35,28,5,2019
IndiGo,Kolkata,Banglore,1,4226.0,220,15,5,2019,19,35,23,15,15,5,2019
Jet Airways,Kolkata,Banglore,1,10844.0,865,24,5,2019,18,55,9,20,25,5,2019
Vistara,Banglore,Delhi,0,4668.0,170,6,9,2019,11,30,14,20,6,9,2019
Multiple carriers,Delhi,Cochin,1,29528.0,780,3,1,2019,0,20,13,20,3,1,2019
SpiceJet,Chennai,Kolkata,0,6300.0,140,3,12,2019,17,45,20,5,3,12,2019
Jet Airways,Delhi,Cochin,2,13882.0,1000,6,9,2019,11,45,4,25,6,10,2019
Vistara,Banglore,Delhi,0,4668.0,160,24,5,2019,7,0,9,40,24,5,2019
IndiGo,Kolkata,Banglore,0,4174.0,155,4,1,2019,17,15,19,50,4,1,2019
IndiGo,Mumbai,Hyderabad,0,2754.0,90,15,5,2019,12,0,13,30,15,5,2019
IndiGo,Mumbai,Hyderabad,0,2754.0,90,21,5,2019,12,0,13,30,21,5,2019
Vistara,Banglore,Delhi,0,4668.0,170,5,12,2019,9,45,12,35,5,12,2019
IndiGo,Kolkata,Banglore,0,4804.0,155,6,12,2019,15,30,18,5,6,12,2019
Air India,Delhi,Cochin,2,10756.0,1600,6,9,2019,5,0,7,40,6,10,2019
Multiple carriers,Delhi,Cochin,1,7933.0,450,6,1,2019,18,0,1,30,6,2,2019
SpiceJet,Chennai,Kolkata,0,3543.0,135,5,9,2019,9,45,12,0,5,9,2019
Jet Airways,Delhi,Cochin,2,13029.0,1125,21,5,2019,9,40,4,25,22,5,2019
Jet Airways,Kolkata,Banglore,1,13731.0,1215,6,9,2019,8,25,4,40,6,10,2019
IndiGo,Kolkata,Banglore,0,4804.0,160,27,6,2019,21,25,0,5,28,6,2019
IndiGo,Kolkata,Banglore,0,4148.0,165,3,9,2019,9,35,12,20,3,9,2019
IndiGo,Delhi,Cochin,1,5164.0,325,4,1,2019,2,0,7,25,4,1,2019
Multiple carriers,Delhi,Cochin,1,12192.0,720,27,6,2019,7,0,19,0,27,6,2019
Multiple carriers,Delhi,Cochin,1,15078.0,720,3,6,2019,9,0,21,0,3,6,2019
IndiGo,Kolkata,Banglore,1,4268.0,315,4,6,2019,15,15,20,30,4,6,2019
Jet Airways,Banglore,Delhi,0,5769.0,175,24,6,2019,11,10,14,5,24,6,2019
Jet Airways,Banglore,Delhi,1,26890.0,570,3,1,2019,8,55,18,25,3,1,2019
SpiceJet,Kolkata,Banglore,0,3815.0,150,15,3,2019,17,15,19,45,15,3,2019
Jet Airways,Kolkata,Banglore,1,9663.0,1155,24,5,2019,14,5,9,20,25,5,2019
IndiGo,Banglore,Delhi,0,4823.0,175,4,3,2019,18,25,21,20,4,3,2019
IndiGo,Delhi,Cochin,1,13628.0,350,3,6,2019,7,30,13,20,3,6,2019
GoAir,Kolkata,Banglore,1,7451.0,495,5,6,2019,23,30,7,45,5,7,2019
Jet Airways,Banglore,Delhi,0,7229.0,180,4,1,2019,7,10,10,10,4,1,2019
Jet Airways,Delhi,Cochin,2,10368.0,1615,6,3,2019,9,40,12,35,6,4,2019
IndiGo,Chennai,Kolkata,0,3858.0,145,6,1,2019,11,35,14,0,6,1,2019
Jet Airways,Kolkata,Banglore,1,8586.0,775,21,5,2019,21,10,10,5,22,5,2019
Jet Airways,Kolkata,Banglore,1,14781.0,845,18,5,2019,5,45,19,50,18,5,2019
Air India,Delhi,Cochin,2,13039.0,865,15,5,2019,17,15,7,40,16,5,2019
Vistara,Banglore,Delhi,0,5613.0,170,21,6,2019,21,0,23,50,21,6,2019
GoAir,Banglore,Delhi,0,7305.0,175,3,9,2019,11,40,14,35,3,9,2019
Jet Airways,Delhi,Cochin,1,10262.0,610,24,6,2019,18,15,4,25,25,6,2019
Air India,Mumbai,Hyderabad,0,15385.0,75,3,1,2019,19,30,20,45,3,1,2019
Jet Airways,Kolkata,Banglore,1,11134.0,1405,24,3,2019,16,55,16,20,25,3,2019
Jet Airways,Banglore,Delhi,0,7229.0,185,4,12,2019,18,55,22,0,4,12,2019
SpiceJet,Banglore,Delhi,0,6860.0,170,3,3,2019,20,30,23,20,3,3,2019
Jet Airways,Delhi,Cochin,1,15554.0,520,3,9,2019,19,45,4,25,3,10,2019
Jet Airways,Kolkata,Banglore,1,8066.0,690,4,1,2019,9,35,21,5,4,1,2019
IndiGo,Delhi,Cochin,1,6493.0,290,6,3,2019,15,10,20,0,6,3,2019
Air India,Banglore,Delhi,2,8534.0,1795,15,3,2019,17,0,22,55,16,3,2019
Jet Airways,Delhi,Cochin,2,13344.0,425,6,6,2019,5,30,12,35,6,6,2019
Vistara,Mumbai,Hyderabad,1,12395.0,1125,3,6,2019,14,40,9,25,3,7,2019
Air India,Delhi,Cochin,2,12436.0,1820,6,3,2019,12,55,19,15,6,4,2019
IndiGo,Delhi,Cochin,1,6938.0,490,6,9,2019,14,20,22,30,6,9,2019
Air India,Kolkata,Banglore,0,4460.0,155,4,3,2019,20,45,23,20,4,3,2019
SpiceJet,Kolkata,Banglore,0,6461.0,150,24,3,2019,17,15,19,45,24,3,2019
GoAir,Delhi,Cochin,1,7870.0,310,6,12,2019,14,25,19,35,6,12,2019
Vistara,Mumbai,Hyderabad,1,12395.0,660,3,6,2019,11,55,22,55,3,6,2019
Air India,Delhi,Cochin,1,8372.0,615,27,6,2019,9,0,19,15,27,6,2019
Jet Airways,Kolkata,Banglore,1,8529.0,1690,6,12,2019,14,5,18,15,13,6,2019
Air Asia,Kolkata,Banglore,1,6857.0,220,6,9,2019,6,50,10,30,6,9,2019
Vistara,Banglore,Delhi,0,4668.0,170,5,1,2019,11,30,14,20,5,1,2019
Air India,Mumbai,Hyderabad,0,3100.0,80,5,3,2019,21,5,22,25,5,3,2019
SpiceJet,Banglore,Delhi,0,4991.0,170,27,4,2019,9,30,12,20,27,4,2019
IndiGo,Kolkata,Banglore,0,4804.0,150,5,6,2019,15,15,17,45,5,6,2019
Jet Airways,Kolkata,Banglore,1,11134.0,735,24,3,2019,8,25,20,40,24,3,2019
Multiple carriers,Delhi,Cochin,1,7363.0,515,21,3,2019,17,0,1,35,22,3,2019
IndiGo,Mumbai,Hyderabad,0,2227.0,95,4,1,2019,20,5,21,40,4,1,2019
Jet Airways,Delhi,Cochin,2,13559.0,1620,21,5,2019,9,35,12,35,22,5,2019
Multiple carriers,Delhi,Cochin,1,9646.0,765,6,9,2019,9,45,22,30,6,9,2019
IndiGo,Delhi,Cochin,1,6526.0,810,27,5,2019,7,30,21,0,27,5,2019
Jet Airways,Mumbai,Hyderabad,0,8040.0,90,24,6,2019,8,45,10,15,24,6,2019
Jet Airways,Delhi,Cochin,2,15129.0,1615,5,1,2019,9,40,12,35,5,2,2019
IndiGo,Delhi,Cochin,1,5636.0,325,21,4,2019,2,0,7,25,21,4,2019
Jet Airways,Mumbai,Hyderabad,0,5678.0,85,15,6,2019,2,55,4,20,15,6,2019
Air India,Banglore,Delhi,1,17198.0,1730,3,1,2019,13,50,18,40,3,2,2019
Multiple carriers,Delhi,Cochin,1,16287.0,705,3,9,2019,8,0,19,45,3,9,2019
IndiGo,Delhi,Cochin,1,9476.0,275,3,9,2019,5,35,10,10,3,9,2019
Air India,Kolkata,Banglore,2,13007.0,1200,6,9,2019,9,25,5,25,6,10,2019
IndiGo,Delhi,Cochin,1,7514.0,895,27,5,2019,7,35,22,30,27,5,2019
IndiGo,Kolkata,Banglore,0,5618.0,155,3,6,2019,15,10,17,45,3,6,2019
SpiceJet,Chennai,Kolkata,0,3911.0,135,5,6,2019,8,20,10,35,5,6,2019
IndiGo,Banglore,Delhi,0,4823.0,170,18,5,2019,20,0,22,50,18,5,2019
Air India,Kolkata,Banglore,2,11752.0,1700,6,9,2019,9,25,13,45,6,10,2019
Jet Airways,Kolkata,Banglore,1,14571.0,960,6,9,2019,20,0,12,0,6,10,2019
Air India,Delhi,Cochin,1,8372.0,1395,6,9,2019,20,0,19,15,6,10,2019
SpiceJet,Banglore,Delhi,0,3971.0,160,24,4,2019,5,55,8,35,24,4,2019
Jet Airways,Delhi,Cochin,1,10262.0,335,6,12,2019,22,50,4,25,13,6,2019
IndiGo,Chennai,Kolkata,0,3597.0,140,5,6,2019,13,15,15,35,5,6,2019
Air India,Delhi,Cochin,2,12436.0,1820,6,9,2019,12,55,19,15,6,10,2019
Jet Airways,Delhi,Cochin,1,14714.0,360,6,6,2019,13,0,19,0,6,6,2019
Jet Airways,Delhi,Cochin,1,12898.0,1010,21,5,2019,19,45,12,35,22,5,2019
SpiceJet,Kolkata,Banglore,1,12287.0,420,24,3,2019,11,15,18,15,24,3,2019
IndiGo,Delhi,Cochin,1,7189.0,345,21,5,2019,21,50,3,35,22,5,2019
Air India,Banglore,Delhi,0,6961.0,170,21,5,2019,17,0,19,50,21,5,2019
Air India,Kolkata,Banglore,2,15292.0,2000,24,3,2019,13,55,23,15,25,3,2019
Jet Airways,Delhi,Cochin,2,10368.0,810,6,1,2019,5,30,19,0,6,1,2019
Jet Airways,Delhi,Cochin,2,13292.0,1295,6,6,2019,21,25,19,0,6,7,2019
Air India,Delhi,Cochin,1,9064.0,1010,3,9,2019,6,10,23,0,3,9,2019
Jet Airways,Kolkata,Banglore,1,14388.0,730,18,5,2019,21,10,9,20,19,5,2019
SpiceJet,Banglore,Delhi,0,4423.0,160,6,12,2019,5,55,8,35,6,12,2019
Air India,Delhi,Cochin,2,8839.0,970,5,1,2019,17,15,9,25,5,2,2019
Vistara,Kolkata,Banglore,1,9870.0,385,24,5,2019,17,0,23,25,24,5,2019
Jet Airways,Delhi,Cochin,2,12819.0,1195,27,6,2019,23,5,19,0,28,6,2019
Multiple carriers,Delhi,Cochin,1,7670.0,390,15,5,2019,19,0,1,30,16,5,2019
Jet Airways,Kolkata,Banglore,1,8066.0,870,5,9,2019,20,25,10,55,5,10,2019
Air India,Mumbai,Hyderabad,2,16697.0,710,3,6,2019,5,5,16,55,3,6,2019
IndiGo,Delhi,Cochin,1,5684.0,630,6,12,2019,15,0,1,30,13,6,2019
Multiple carriers,Delhi,Cochin,1,11200.0,455,6,1,2019,11,25,19,0,6,1,2019
Jet Airways,Kolkata,Banglore,1,13759.0,1410,24,3,2019,21,10,20,40,25,3,2019
IndiGo,Banglore,Delhi,0,5694.0,170,24,3,2019,13,0,15,50,24,3,2019
Vistara,Banglore,Delhi,1,12371.0,1665,3,1,2019,6,40,10,25,3,2,2019
IndiGo,Delhi,Cochin,1,6573.0,570,4,9,2019,16,0,1,30,4,10,2019
GoAir,Delhi,Cochin,1,6393.0,440,3,6,2019,6,0,13,20,3,6,2019
IndiGo,Kolkata,Banglore,0,5224.0,155,6,6,2019,11,30,14,5,6,6,2019
Jet Airways,Banglore,Delhi,0,5198.0,180,5,9,2019,17,45,20,45,5,9,2019
Jet Airways,Kolkata,Banglore,1,13941.0,450,21,5,2019,21,10,4,40,22,5,2019
SpiceJet,Chennai,Kolkata,0,6300.0,155,15,3,2019,9,30,12,5,15,3,2019
Jet Airways,Delhi,Cochin,2,12609.0,1620,24,6,2019,9,35,12,35,25,6,2019
Multiple carriers,Delhi,Cochin,1,13587.0,720,6,3,2019,9,0,21,0,6,3,2019
Multiple carriers,Delhi,Cochin,1,13587.0,480,24,6,2019,13,0,21,0,24,6,2019
Jet Airways,Delhi,Cochin,1,10262.0,1595,27,6,2019,10,0,12,35,28,6,2019
Air India,Delhi,Cochin,1,16439.0,555,3,6,2019,10,0,19,15,3,6,2019
Jet Airways,Kolkata,Banglore,1,14781.0,510,21,5,2019,14,5,22,35,21,5,2019
Jet Airways,Delhi,Cochin,1,10262.0,1010,6,3,2019,19,45,12,35,6,4,2019
Jet Airways,Kolkata,Banglore,1,10844.0,1690,24,5,2019,14,5,18,15,25,5,2019
IndiGo,Banglore,Delhi,0,4823.0,175,15,6,2019,18,25,21,20,15,6,2019
Air India,Banglore,Delhi,0,5911.0,170,4,9,2019,17,0,19,50,4,9,2019
Multiple carriers,Delhi,Cochin,1,13377.0,750,24,6,2019,13,0,1,30,25,6,2019
Multiple carriers,Delhi,Cochin,1,6145.0,910,27,3,2019,7,10,22,20,27,3,2019
SpiceJet,Mumbai,Hyderabad,0,1965.0,90,27,6,2019,22,45,0,15,28,6,2019
IndiGo,Delhi,Cochin,1,6442.0,515,27,3,2019,7,35,16,10,27,3,2019
Jet Airways,Kolkata,Banglore,1,13941.0,1430,5,6,2019,16,30,16,20,5,7,2019
Air India,Delhi,Cochin,1,13002.0,1010,3,3,2019,6,10,23,0,3,3,2019
Air India,Delhi,Cochin,1,8907.0,570,24,6,2019,13,30,23,0,24,6,2019
Jet Airways,Delhi,Cochin,2,14657.0,1620,27,5,2019,9,35,12,35,28,5,2019
SpiceJet,Kolkata,Banglore,0,3873.0,140,5,6,2019,22,20,0,40,5,7,2019
Jet Airways,Kolkata,Banglore,1,14781.0,570,21,5,2019,14,5,23,35,21,5,2019
Air India,Banglore,Delhi,0,5228.0,170,18,6,2019,21,5,23,55,18,6,2019
Air Asia,Banglore,Delhi,0,7652.0,170,3,9,2019,5,50,8,40,3,9,2019
Jet Airways,Banglore,Delhi,0,7229.0,175,24,3,2019,8,20,11,15,24,3,2019
IndiGo,Kolkata,Banglore,1,4226.0,240,5,1,2019,6,20,10,20,5,1,2019
Jet Airways,Delhi,Cochin,1,12373.0,1325,5,9,2019,20,55,19,0,5,10,2019
IndiGo,Banglore,Delhi,0,6860.0,180,15,3,2019,8,30,11,30,15,3,2019
Jet Airways,Kolkata,Banglore,1,10844.0,1170,24,5,2019,16,30,12,0,25,5,2019
Jet Airways,Delhi,Cochin,1,12373.0,1295,18,5,2019,15,0,12,35,19,5,2019
IndiGo,Banglore,Delhi,0,4238.0,165,24,3,2019,1,30,4,15,24,3,2019
Jet Airways,Banglore,Delhi,1,13502.0,1265,3,3,2019,8,0,5,5,3,7,2019
Jet Airways,Kolkata,Banglore,1,10953.0,1630,5,6,2019,20,25,23,35,5,7,2019
Air Asia,Kolkata,Banglore,0,3782.0,150,21,3,2019,22,50,1,20,22,3,2019
Jet Airways,Kolkata,Banglore,1,14781.0,345,5,12,2019,14,5,19,50,5,12,2019
IndiGo,Kolkata,Banglore,0,4804.0,165,6,6,2019,20,25,23,10,6,6,2019
SpiceJet,Banglore,Delhi,0,6860.0,170,3,3,2019,20,30,23,20,3,3,2019
Air India,Kolkata,Banglore,2,6117.0,1170,24,5,2019,9,10,4,40,25,5,2019
Jet Airways,Banglore,Delhi,0,8016.0,175,15,6,2019,15,15,18,10,15,6,2019
Vistara,Delhi,Cochin,0,6216.0,190,21,6,2019,6,0,9,10,21,6,2019
Jet Airways,Banglore,Delhi,0,8016.0,165,6,12,2019,6,0,8,45,6,12,2019
Jet Airways,Banglore,Delhi,1,11087.0,695,18,3,2019,22,50,10,25,16,3,2019
Jet Airways,Mumbai,Hyderabad,0,5678.0,85,18,5,2019,7,5,8,30,18,5,2019
Jet Airways,Banglore,Delhi,0,7229.0,175,5,9,2019,11,10,14,5,5,9,2019
IndiGo,Banglore,Delhi,0,6860.0,175,3,3,2019,7,10,10,5,3,3,2019
Multiple carriers,Delhi,Cochin,1,10407.0,660,27,5,2019,8,0,19,0,27,5,2019
Multiple carriers,Delhi,Cochin,1,13797.0,835,24,6,2019,7,5,21,0,24,6,2019
Air India,Banglore,Delhi,0,6961.0,165,24,6,2019,6,10,8,55,24,6,2019
Jet Airways,Kolkata,Banglore,1,10624.0,395,5,9,2019,17,0,23,35,5,9,2019
Jet Airways,Delhi,Cochin,2,14300.0,970,15,6,2019,12,15,4,25,16,6,2019
SpiceJet,Chennai,Kolkata,0,5418.0,140,24,3,2019,17,45,20,5,24,3,2019
Jet Airways,Delhi,Cochin,2,15129.0,1375,18,5,2019,5,30,4,25,19,5,2019
SpiceJet,Chennai,Kolkata,0,3543.0,135,18,6,2019,8,20,10,35,18,6,2019
SpiceJet,Mumbai,Hyderabad,0,1965.0,90,21,6,2019,13,15,14,45,21,6,2019
Air Asia,Banglore,Delhi,0,4282.0,170,5,6,2019,4,55,7,45,5,6,2019
Air India,Kolkata,Banglore,2,14508.0,1620,5,6,2019,7,0,10,0,5,7,2019
Air Asia,Kolkata,Banglore,1,5162.0,220,5,12,2019,6,50,10,30,5,12,2019
Jet Airways,Delhi,Cochin,1,10262.0,1425,6,12,2019,19,15,19,0,13,6,2019
Multiple carriers,Delhi,Cochin,1,15237.0,765,3,9,2019,7,0,19,45,3,9,2019
Multiple carriers,Delhi,Cochin,1,12524.0,440,6,1,2019,11,40,19,0,6,1,2019
Jet Airways,Kolkata,Banglore,1,10844.0,1495,18,5,2019,18,55,19,50,19,5,2019
Air India,Banglore,Delhi,1,5092.0,1510,21,3,2019,11,50,13,0,19,3,2019
Multiple carriers,Delhi,Cochin,1,8309.0,600,18,5,2019,9,15,19,15,18,5,2019
GoAir,Delhi,Cochin,1,4106.0,355,4,9,2019,7,25,13,20,4,9,2019
Jet Airways,Kolkata,Banglore,1,14151.0,1520,6,9,2019,9,35,10,55,6,10,2019
Jet Airways,Delhi,Cochin,1,5177.0,620,4,6,2019,2,15,12,35,4,6,2019
Jet Airways,Kolkata,Banglore,1,10844.0,400,21,5,2019,14,5,20,45,21,5,2019
IndiGo,Banglore,Delhi,0,4823.0,180,18,5,2019,16,55,19,55,18,5,2019
Jet Airways,Delhi,Cochin,1,10262.0,1530,6,9,2019,17,30,19,0,6,10,2019
Air India,Delhi,Cochin,2,13381.0,1380,21,5,2019,20,15,19,15,22,5,2019
IndiGo,Chennai,Kolkata,0,4332.0,145,5,1,2019,11,35,14,0,5,1,2019
Jet Airways,Banglore,Delhi,1,26890.0,760,3,1,2019,5,45,18,25,3,1,2019
Air India,Delhi,Cochin,2,12803.0,1245,15,5,2019,10,55,7,40,16,5,2019
Jet Airways,Kolkata,Banglore,1,8529.0,1575,6,12,2019,14,5,16,20,13,6,2019
SpiceJet,Kolkata,Banglore,0,3873.0,145,4,3,2019,9,0,11,25,4,3,2019
Jet Airways,Kolkata,Banglore,1,10844.0,475,6,6,2019,8,25,16,20,6,6,2019
Jet Airways,Banglore,Delhi,0,6144.0,180,5,3,2019,19,50,22,50,5,3,2019
Jet Airways,Banglore,Delhi,0,7229.0,175,5,1,2019,11,10,14,5,5,1,2019
Jet Airways,Delhi,Cochin,1,12767.0,705,21,3,2019,7,5,18,50,21,3,2019
Jet Airways,Banglore,Delhi,0,7229.0,175,5,6,2019,15,15,18,10,5,6,2019
Multiple carriers,Delhi,Cochin,1,7354.0,470,6,12,2019,11,25,19,15,6,12,2019
IndiGo,Mumbai,Hyderabad,0,4049.0,90,21,5,2019,9,10,10,40,21,5,2019
Multiple carriers,Delhi,Cochin,1,13377.0,840,27,5,2019,11,30,1,30,28,5,2019
IndiGo,Banglore,Delhi,0,6144.0,170,15,3,2019,10,10,13,0,15,3,2019
Multiple carriers,Delhi,Cochin,1,8266.0,795,15,5,2019,6,0,19,15,15,5,2019
Air India,Delhi,Cochin,2,10975.0,1580,15,5,2019,7,5,9,25,16,5,2019
Multiple carriers,Delhi,Cochin,1,12192.0,720,15,6,2019,7,0,19,0,15,6,2019
Jet Airways,Delhi,Cochin,2,12273.0,2245,27,3,2019,6,20,19,45,28,3,2019
Jet Airways,Banglore,Delhi,1,26890.0,640,3,1,2019,14,5,0,45,3,2,2019
Multiple carriers,Delhi,Cochin,1,15136.0,575,3,6,2019,16,0,1,35,3,7,2019
Jet Airways,Delhi,Cochin,1,10262.0,330,6,9,2019,7,5,12,35,6,9,2019
Jet Airways,Delhi,Cochin,1,10262.0,1530,6,3,2019,17,30,19,0,6,4,2019
Jet Airways,Mumbai,Hyderabad,0,2228.0,90,24,3,2019,15,50,17,20,24,3,2019
IndiGo,Chennai,Kolkata,0,3597.0,140,27,6,2019,19,35,21,55,27,6,2019
SpiceJet,Kolkata,Banglore,0,3841.0,155,15,5,2019,6,55,9,30,15,5,2019
Jet Airways,Kolkata,Banglore,1,9899.0,425,6,12,2019,16,30,23,35,6,12,2019
Multiple carriers,Delhi,Cochin,1,13587.0,555,6,9,2019,2,15,11,30,6,9,2019
Air Asia,Kolkata,Banglore,0,4409.0,150,6,9,2019,19,55,22,25,6,9,2019
IndiGo,Mumbai,Hyderabad,0,2227.0,90,5,6,2019,21,20,22,50,5,6,2019
Air India,Mumbai,Hyderabad,0,4937.0,80,3,3,2019,6,20,7,40,3,3,2019
IndiGo,Kolkata,Banglore,1,9319.0,345,24,3,2019,5,35,11,20,24,3,2019
Jet Airways,Kolkata,Banglore,1,14151.0,505,5,12,2019,9,35,18,0,5,12,2019
Jet Airways,Delhi,Cochin,1,14714.0,360,6,9,2019,13,0,19,0,6,9,2019
Jet Airways,Banglore,Delhi,0,7229.0,180,5,3,2019,17,45,20,45,5,3,2019
Vistara,Chennai,Kolkata,0,11982.0,140,5,3,2019,17,45,20,5,5,3,2019
IndiGo,Banglore,Delhi,0,4990.0,175,4,12,2019,18,25,21,20,4,12,2019
Multiple carriers,Delhi,Cochin,1,9103.0,505,21,5,2019,10,35,19,0,21,5,2019
SpiceJet,Chennai,Kolkata,0,6300.0,155,3,12,2019,9,30,12,5,3,12,2019
Jet Airways,Delhi,Cochin,2,14441.0,425,24,6,2019,5,30,12,35,24,6,2019
Air India,Kolkata,Banglore,1,8366.0,545,6,12,2019,9,25,18,30,6,12,2019
SpiceJet,Delhi,Cochin,1,7317.0,380,18,5,2019,15,45,22,5,18,5,2019
GoAir,Banglore,Delhi,0,3898.0,175,24,3,2019,7,45,10,40,24,3,2019
Jet Airways,Delhi,Cochin,1,14714.0,1210,6,1,2019,22,50,19,0,6,2,2019
SpiceJet,Kolkata,Banglore,0,3841.0,145,18,6,2019,9,0,11,25,18,6,2019
Multiple carriers,Delhi,Cochin,1,15373.0,615,5,1,2019,9,0,19,15,5,1,2019
Air India,Kolkata,Banglore,2,11222.0,1610,5,9,2019,8,20,11,10,5,10,2019
Multiple carriers,Delhi,Cochin,1,7155.0,860,24,6,2019,4,55,19,15,24,6,2019
Multiple carriers,Delhi,Cochin,1,15200.0,620,3,9,2019,15,15,1,35,3,10,2019
Jet Airways,Banglore,Delhi,1,7832.0,780,21,3,2019,18,40,7,40,19,3,2019
IndiGo,Delhi,Cochin,1,6593.0,300,6,3,2019,16,0,21,0,6,3,2019
Air India,Kolkata,Banglore,3,13007.0,1650,5,6,2019,7,0,10,30,5,7,2019
Jet Airways,Delhi,Cochin,1,15400.0,535,3,6,2019,9,55,18,50,3,6,2019
Air India,Kolkata,Banglore,1,6528.0,1440,6,9,2019,14,35,14,35,6,10,2019
Jet Airways,Delhi,Cochin,2,10368.0,1615,24,6,2019,9,40,12,35,25,6,2019
IndiGo,Delhi,Cochin,1,6162.0,965,24,4,2019,4,55,21,0,24,4,2019
Jet Airways,Banglore,Delhi,1,17261.0,1135,3,6,2019,14,5,9,0,3,7,2019
Jet Airways,Kolkata,Banglore,1,7064.0,1695,4,1,2019,16,30,20,45,4,2,2019
Jet Airways,Delhi,Cochin,2,13882.0,1490,6,9,2019,11,45,12,35,6,10,2019
Vistara,Delhi,Cochin,0,6216.0,190,6,3,2019,14,40,17,50,6,3,2019
Jet Airways,Delhi,Cochin,2,19644.0,440,18,5,2019,11,40,19,0,18,5,2019
Jet Airways,Banglore,Delhi,0,4544.0,175,5,9,2019,15,15,18,10,5,9,2019
IndiGo,Chennai,Kolkata,0,3384.0,145,27,3,2019,14,40,17,5,27,3,2019
IndiGo,Kolkata,Banglore,0,4804.0,150,6,6,2019,15,15,17,45,6,6,2019
Jet Airways,Kolkata,Banglore,1,10031.0,1435,24,3,2019,19,45,19,40,25,3,2019
Jet Airways,Kolkata,Banglore,1,8586.0,665,5,12,2019,21,10,8,15,13,5,2019
Jet Airways,Banglore,Delhi,1,7832.0,375,21,3,2019,7,0,13,15,21,3,2019
Vistara,Kolkata,Banglore,1,10027.0,965,24,5,2019,17,0,9,5,25,5,2019
IndiGo,Mumbai,Hyderabad,0,2754.0,85,18,3,2019,12,0,13,25,18,3,2019
Jet Airways,Delhi,Cochin,1,12767.0,1225,21,3,2019,8,0,4,25,22,3,2019
GoAir,Kolkata,Banglore,1,8777.0,455,5,9,2019,16,40,0,15,5,10,2019
GoAir,Delhi,Cochin,1,7870.0,310,24,6,2019,14,25,19,35,24,6,2019
Air India,Kolkata,Banglore,2,9416.0,1390,6,12,2019,12,0,11,10,13,6,2019
SpiceJet,Mumbai,Hyderabad,0,2175.0,90,5,6,2019,22,45,0,15,5,7,2019
Multiple carriers,Delhi,Cochin,1,9646.0,765,24,6,2019,9,45,22,30,24,6,2019
Jet Airways,Kolkata,Banglore,1,13731.0,520,24,5,2019,20,0,4,40,25,5,2019
Air India,Delhi,Cochin,2,11552.0,2170,3,6,2019,7,5,19,15,3,7,2019
Air India,Banglore,Delhi,2,10783.0,2315,18,3,2019,8,50,23,25,16,3,2019
Jet Airways,Kolkata,Banglore,1,11467.0,1285,5,1,2019,17,0,14,25,5,2,2019
Air India,Delhi,Cochin,1,8879.0,735,6,3,2019,7,0,19,15,6,3,2019
Multiple carriers,Delhi,Cochin,1,6795.0,760,6,6,2019,12,50,1,30,6,7,2019
IndiGo,Delhi,Cochin,1,14871.0,480,3,3,2019,7,30,15,30,3,3,2019
Multiple carriers,Delhi,Cochin,2,34503.0,630,3,3,2019,15,5,1,35,3,4,2019
Air India,Delhi,Cochin,2,10975.0,1580,15,6,2019,7,5,9,25,16,6,2019
Air India,Kolkata,Banglore,2,15170.0,805,24,5,2019,9,50,23,15,24,5,2019
Air India,Kolkata,Banglore,1,7001.0,1440,5,1,2019,14,35,14,35,5,2,2019
Air India,Kolkata,Banglore,1,8576.0,545,18,5,2019,9,25,18,30,18,5,2019
Jet Airways,Delhi,Cochin,2,15129.0,535,5,9,2019,19,30,4,25,5,10,2019
IndiGo,Banglore,Delhi,0,4823.0,170,4,9,2019,8,30,11,20,4,9,2019
Jet Airways,Kolkata,Banglore,1,10844.0,800,21,5,2019,6,30,19,50,21,5,2019
Vistara,Kolkata,Banglore,1,8085.0,1440,6,9,2019,20,20,20,20,6,10,2019
Jet Airways,Delhi,Cochin,2,20747.0,2045,3,3,2019,18,20,4,25,3,5,2019
Air India,Kolkata,Banglore,1,10203.0,925,5,6,2019,17,30,8,55,5,7,2019
Jet Airways,Delhi,Cochin,1,12898.0,1395,21,5,2019,19,45,19,0,22,5,2019
Jet Airways,Kolkata,Banglore,1,13941.0,1545,5,12,2019,6,30,8,15,13,5,2019
IndiGo,Delhi,Cochin,1,7503.0,625,18,5,2019,10,35,21,0,18,5,2019
Jet Airways,Delhi,Cochin,1,14714.0,600,6,1,2019,9,0,19,0,6,1,2019
IndiGo,Delhi,Cochin,1,5054.0,275,24,6,2019,7,35,12,10,24,6,2019
GoAir,Banglore,Delhi,0,8722.0,175,15,3,2019,20,55,23,50,15,3,2019
Jet Airways,Kolkata,Banglore,1,8586.0,1655,5,6,2019,6,30,10,5,5,7,2019
Air India,Banglore,Delhi,0,5228.0,170,6,9,2019,21,5,23,55,6,9,2019
Air India,Mumbai,Hyderabad,0,3100.0,90,5,9,2019,13,55,15,25,5,9,2019
IndiGo,Delhi,Cochin,0,6541.0,195,6,1,2019,5,35,8,50,6,1,2019
Multiple carriers,Delhi,Cochin,1,8266.0,535,21,5,2019,10,20,19,15,21,5,2019
IndiGo,Delhi,Cochin,1,6628.0,415,6,3,2019,18,35,1,30,6,4,2019
Jet Airways,Kolkata,Banglore,1,9663.0,730,21,5,2019,16,30,4,40,22,5,2019
Jet Airways,Kolkata,Banglore,1,9899.0,365,6,12,2019,16,30,22,35,6,12,2019
IndiGo,Delhi,Cochin,2,6223.0,985,27,3,2019,4,55,21,20,27,3,2019
IndiGo,Kolkata,Banglore,1,5380.0,315,6,9,2019,15,15,20,30,6,9,2019
Multiple carriers,Delhi,Cochin,1,7740.0,810,6,6,2019,7,30,21,0,6,6,2019
Jet Airways,Kolkata,Banglore,1,9899.0,800,6,12,2019,6,30,19,50,6,12,2019
Jet Airways,Banglore,Delhi,0,5198.0,175,18,5,2019,11,10,14,5,18,5,2019
Jet Airways,Delhi,Cochin,2,9254.0,1380,27,3,2019,5,25,4,25,28,3,2019
Jet Airways,Kolkata,Banglore,1,14388.0,1200,18,5,2019,14,5,10,5,19,5,2019
Vistara,Kolkata,Banglore,1,8137.0,1555,5,6,2019,7,10,9,5,5,7,2019
Air India,Delhi,Cochin,2,13591.0,1380,5,9,2019,20,15,19,15,5,10,2019
SpiceJet,Kolkata,Banglore,1,8479.0,435,5,12,2019,11,35,18,50,5,12,2019
Jet Airways,Kolkata,Banglore,1,10844.0,1400,15,5,2019,18,55,18,15,16,5,2019
Air India,Kolkata,Banglore,1,10203.0,1615,6,12,2019,17,30,20,25,13,6,2019
IndiGo,Delhi,Cochin,1,6938.0,490,6,12,2019,14,20,22,30,6,12,2019
Multiple carriers,Delhi,Cochin,1,9646.0,765,15,6,2019,9,45,22,30,15,6,2019
IndiGo,Delhi,Cochin,1,6593.0,300,6,1,2019,16,0,21,0,6,1,2019
Vistara Premium economy,Chennai,Kolkata,0,9125.0,135,3,1,2019,7,5,9,20,3,1,2019
Multiple carriers,Delhi,Cochin,1,7670.0,615,15,5,2019,15,15,1,30,16,5,2019
Air India,Kolkata,Banglore,2,15894.0,525,6,6,2019,14,30,23,15,6,6,2019
Jet Airways,Kolkata,Banglore,1,5608.0,435,15,5,2019,10,20,17,35,15,5,2019
GoAir,Delhi,Cochin,1,5842.0,355,21,5,2019,7,25,13,20,21,5,2019
SpiceJet,Delhi,Cochin,1,4466.0,270,27,3,2019,8,45,13,15,27,3,2019
IndiGo,Chennai,Kolkata,0,3597.0,140,24,6,2019,13,15,15,35,24,6,2019
Jet Airways,Banglore,Delhi,1,13555.0,680,18,3,2019,11,40,23,0,18,3,2019
Air India,Delhi,Cochin,1,10979.0,555,6,3,2019,10,0,19,15,6,3,2019
Jet Airways,Delhi,Cochin,2,15129.0,810,18,5,2019,5,30,19,0,18,5,2019
Air India,Delhi,Cochin,0,5674.0,180,21,3,2019,14,10,17,10,21,3,2019
Vistara,Banglore,Delhi,0,5613.0,170,27,4,2019,9,45,12,35,27,4,2019
SpiceJet,Kolkata,Banglore,0,5725.0,140,24,3,2019,22,20,0,40,25,3,2019
IndiGo,Banglore,Delhi,0,10067.0,170,3,9,2019,16,55,19,45,3,9,2019
SpiceJet,Banglore,Delhi,0,4885.0,170,4,12,2019,9,30,12,20,4,12,2019
Air India,Delhi,Cochin,1,7690.0,1640,6,9,2019,6,5,9,25,6,10,2019
IndiGo,Delhi,Cochin,1,8258.0,305,3,3,2019,20,30,1,35,3,4,2019
Multiple carriers,Delhi,Cochin,1,7408.0,840,6,12,2019,7,0,21,0,6,12,2019
Jet Airways,Kolkata,Banglore,1,10844.0,740,24,5,2019,8,25,20,45,24,5,2019
Jet Airways,Delhi,Cochin,2,8728.0,1600,21,3,2019,16,10,18,50,22,3,2019
IndiGo,Delhi,Cochin,1,5894.0,575,24,6,2019,11,25,21,0,24,6,2019
Air India,Kolkata,Banglore,0,4435.0,155,3,12,2019,20,45,23,20,3,12,2019
Jet Airways,Mumbai,Hyderabad,0,4050.0,85,21,5,2019,2,55,4,20,21,5,2019
IndiGo,Kolkata,Banglore,0,4174.0,155,15,4,2019,22,15,0,50,16,4,2019
Air India,Delhi,Cochin,1,5957.0,1420,27,3,2019,9,45,9,25,28,3,2019
Jet Airways,Kolkata,Banglore,1,12692.0,1685,6,9,2019,17,0,21,5,6,10,2019
IndiGo,Banglore,Delhi,0,7303.0,170,24,3,2019,16,55,19,45,24,3,2019
Air India,Kolkata,Banglore,1,6117.0,965,5,1,2019,19,0,11,5,5,2,2019
IndiGo,Delhi,Cochin,0,6015.0,195,5,12,2019,5,35,8,50,5,12,2019
Air India,Kolkata,Banglore,2,11642.0,1210,6,9,2019,9,25,5,35,6,10,2019
Multiple carriers,Delhi,Cochin,1,7564.0,755,18,5,2019,6,40,19,15,18,5,2019
IndiGo,Banglore,Delhi,0,4823.0,180,24,4,2019,16,55,19,55,24,4,2019
IndiGo,Delhi,Cochin,1,6442.0,665,27,6,2019,5,5,16,10,27,6,2019
Air India,Kolkata,Banglore,1,6327.0,965,6,9,2019,19,0,11,5,6,10,2019
Air India,Delhi,Cochin,1,7416.0,1350,27,3,2019,9,45,8,15,28,3,2019
Air India,Delhi,Cochin,2,14588.0,1470,27,5,2019,7,10,7,40,28,5,2019
Multiple carriers,Delhi,Cochin,1,7198.0,930,6,12,2019,10,0,1,30,13,6,2019
Air India,Delhi,Cochin,1,8669.0,735,27,6,2019,7,0,19,15,27,6,2019
IndiGo,Delhi,Cochin,1,6093.0,860,6,9,2019,6,40,21,0,6,9,2019
Air India,Kolkata,Banglore,2,15107.0,1320,5,9,2019,14,30,12,30,5,10,2019
Air India,Delhi,Cochin,1,8372.0,1360,18,5,2019,9,0,7,40,19,5,2019
Jet Airways,Kolkata,Banglore,1,7064.0,850,4,1,2019,8,25,22,35,4,1,2019
Vistara,Kolkata,Banglore,1,12732.0,945,24,3,2019,7,10,22,55,24,3,2019
SpiceJet,Chennai,Kolkata,0,3597.0,140,27,6,2019,17,45,20,5,27,6,2019
IndiGo,Banglore,Delhi,0,7303.0,180,24,3,2019,8,30,11,30,24,3,2019
Air India,Kolkata,Banglore,2,10991.0,875,6,6,2019,5,50,20,25,6,6,2019
Air India,Banglore,Delhi,1,10321.0,1490,3,9,2019,10,30,11,20,13,3,2019
IndiGo,Banglore,Delhi,0,3943.0,170,6,6,2019,13,0,15,50,6,6,2019
IndiGo,Delhi,Cochin,1,5636.0,315,21,5,2019,7,15,12,30,21,5,2019
IndiGo,Kolkata,Banglore,1,4268.0,290,4,9,2019,15,15,20,5,4,9,2019
Jet Airways,Delhi,Cochin,2,13014.0,810,6,9,2019,5,30,19,0,6,9,2019
Multiple carriers,Delhi,Cochin,1,13727.0,720,5,9,2019,9,0,21,0,5,9,2019
IndiGo,Kolkata,Banglore,0,4174.0,150,4,9,2019,15,15,17,45,4,9,2019
Air India,Delhi,Cochin,2,10493.0,435,27,3,2019,12,0,19,15,27,3,2019
IndiGo,Delhi,Cochin,1,6794.0,625,21,5,2019,10,35,21,0,21,5,2019
IndiGo,Kolkata,Banglore,1,7228.0,315,5,12,2019,21,0,2,15,13,5,2019
Jet Airways,Banglore,Delhi,1,26890.0,685,3,1,2019,7,0,18,25,3,1,2019
Multiple carriers,Delhi,Cochin,1,7038.0,540,6,1,2019,7,10,16,10,6,1,2019
Jet Airways,Kolkata,Banglore,1,7064.0,1545,4,1,2019,6,30,8,15,4,2,2019
Jet Airways,Kolkata,Banglore,1,10031.0,1575,24,3,2019,21,10,23,25,25,3,2019
Jet Airways,Kolkata,Banglore,1,9663.0,520,5,6,2019,20,0,4,40,5,7,2019
Air Asia,Banglore,Delhi,0,4483.0,170,5,1,2019,23,55,2,45,5,2,2019
Jet Airways,Banglore,Delhi,0,5769.0,180,6,3,2019,8,20,11,20,6,3,2019
IndiGo,Kolkata,Banglore,0,4804.0,150,24,4,2019,15,15,17,45,24,4,2019
Air India,Kolkata,Banglore,0,4145.0,155,15,5,2019,20,45,23,20,15,5,2019
Air India,Kolkata,Banglore,0,4880.0,155,18,5,2019,20,45,23,20,18,5,2019
SpiceJet,Chennai,Kolkata,0,3543.0,135,6,6,2019,9,45,12,0,6,6,2019
Jet Airways,Banglore,Delhi,1,27992.0,745,3,1,2019,8,55,21,20,3,1,2019
IndiGo,Delhi,Cochin,1,7191.0,810,5,9,2019,7,30,21,0,5,9,2019
Vistara,Banglore,Delhi,0,5403.0,160,4,1,2019,7,0,9,40,4,1,2019
Jet Airways,Delhi,Cochin,2,15812.0,440,6,9,2019,11,40,19,0,6,9,2019
Jet Airways,Banglore,Delhi,0,4544.0,180,4,9,2019,19,50,22,50,4,9,2019
Air Asia,Delhi,Cochin,1,11410.0,340,6,3,2019,16,45,22,25,6,3,2019
IndiGo,Chennai,Kolkata,0,4332.0,145,5,3,2019,11,35,14,0,5,3,2019
Jet Airways,Banglore,Delhi,0,4544.0,180,15,4,2019,17,45,20,45,15,4,2019
IndiGo,Kolkata,Banglore,1,4226.0,240,24,5,2019,6,20,10,20,24,5,2019
Air India,Kolkata,Banglore,0,4145.0,155,6,3,2019,20,45,23,20,6,3,2019
Multiple carriers,Delhi,Cochin,1,14848.0,555,27,6,2019,10,0,19,15,27,6,2019
IndiGo,Banglore,Delhi,0,3419.0,175,4,3,2019,0,30,3,25,4,3,2019
Jet Airways,Banglore,Delhi,0,7229.0,180,24,3,2019,18,55,21,55,24,3,2019
SpiceJet,Delhi,Cochin,1,5830.0,270,6,3,2019,8,45,13,15,6,3,2019
Jet Airways,Banglore,Delhi,1,10972.0,1055,18,3,2019,14,5,7,40,16,3,2019
Jet Airways,Kolkata,Banglore,1,14231.0,795,24,3,2019,18,55,8,10,25,3,2019
Jet Airways,Kolkata,Banglore,1,10844.0,1495,6,9,2019,18,55,19,50,6,10,2019
SpiceJet,Kolkata,Banglore,1,11468.0,435,5,12,2019,11,15,18,30,5,12,2019
Air Asia,Kolkata,Banglore,0,4409.0,150,18,5,2019,22,50,1,20,19,5,2019
Jet Airways,Delhi,Cochin,2,13376.0,1320,27,6,2019,14,35,12,35,28,6,2019
IndiGo,Banglore,Delhi,0,4077.0,170,21,6,2019,23,30,2,20,22,6,2019
Jet Airways,Kolkata,Banglore,1,13067.0,690,5,9,2019,9,35,21,5,5,9,2019
IndiGo,Banglore,Delhi,0,4823.0,175,6,6,2019,7,10,10,5,6,6,2019
Multiple carriers,Delhi,Cochin,1,14817.0,745,3,9,2019,6,50,19,15,3,9,2019
IndiGo,Chennai,Kolkata,0,4326.0,140,24,3,2019,7,55,10,15,24,3,2019
Multiple carriers,Delhi,Cochin,1,15603.0,840,3,3,2019,7,0,21,0,3,3,2019
Air India,Kolkata,Banglore,2,13885.0,1830,24,3,2019,16,45,23,15,25,3,2019
Jet Airways,Banglore,Delhi,1,17261.0,1280,3,6,2019,11,40,9,0,3,7,2019
Multiple carriers,Delhi,Cochin,3,15629.0,565,6,9,2019,11,35,21,0,6,9,2019
Air India,Kolkata,Banglore,2,6117.0,1170,5,6,2019,9,10,4,40,5,7,2019
Jet Airways,Delhi,Cochin,2,12819.0,1760,24,6,2019,23,5,4,25,26,6,2019
Multiple carriers,Delhi,Cochin,1,13377.0,435,27,5,2019,18,15,1,30,28,5,2019
Jet Airways,Banglore,Delhi,1,26890.0,495,3,1,2019,7,0,15,15,3,1,2019
IndiGo,Banglore,Delhi,0,3419.0,175,15,5,2019,0,30,3,25,15,5,2019
Air India,Kolkata,Banglore,2,14960.0,805,15,5,2019,9,50,23,15,15,5,2019
Air India,Mumbai,Hyderabad,0,11185.0,75,3,3,2019,19,30,20,45,3,3,2019
Air India,Delhi,Cochin,1,8372.0,1455,27,5,2019,19,0,19,15,28,5,2019
Jet Airways,Delhi,Cochin,1,10262.0,620,6,6,2019,2,15,12,35,6,6,2019
Air India,Kolkata,Banglore,2,11542.0,1255,6,12,2019,16,50,13,45,13,6,2019
SpiceJet,Kolkata,Banglore,1,4649.0,315,4,3,2019,15,5,20,20,4,3,2019
Jet Airways,Mumbai,Hyderabad,0,5678.0,90,3,9,2019,19,40,21,10,3,9,2019
SpiceJet,Banglore,Delhi,0,3971.0,170,6,1,2019,9,30,12,20,6,1,2019
Multiple carriers,Delhi,Cochin,1,7878.0,540,6,3,2019,7,10,16,10,6,3,2019
Jet Airways,Delhi,Cochin,2,13014.0,810,27,6,2019,5,30,19,0,27,6,2019
IndiGo,Banglore,Delhi,0,4423.0,165,5,1,2019,6,5,8,50,5,1,2019
Jet Airways,Delhi,Cochin,1,10262.0,865,6,1,2019,14,0,4,25,6,2,2019
Vistara,Banglore,Delhi,0,4668.0,170,27,5,2019,9,45,12,35,27,5,2019
Jet Airways,Kolkata,Banglore,1,10844.0,1265,21,5,2019,21,10,18,15,22,5,2019
Jet Airways,Delhi,Cochin,2,10368.0,1125,24,6,2019,9,40,4,25,25,6,2019
IndiGo,Banglore,Delhi,0,4591.0,170,21,4,2019,10,10,13,0,21,4,2019
IndiGo,Delhi,Cochin,1,7191.0,415,5,6,2019,18,35,1,30,5,7,2019
Multiple carriers,Delhi,Cochin,1,9794.0,395,18,5,2019,6,0,12,35,18,5,2019
IndiGo,Banglore,Delhi,0,3943.0,170,6,1,2019,4,0,6,50,6,1,2019
Jet Airways,Kolkata,Banglore,1,13626.0,330,6,12,2019,6,30,12,0,6,12,2019
Jet Airways,Kolkata,Banglore,1,9663.0,800,5,12,2019,20,0,9,20,13,5,2019
Multiple carriers,Delhi,Cochin,1,6093.0,540,15,6,2019,7,10,16,10,15,6,2019
Jet Airways,Banglore,Delhi,1,11717.0,615,3,12,2019,21,25,7,40,13,3,2019
Jet Airways,Kolkata,Banglore,1,14781.0,800,18,5,2019,20,0,9,20,19,5,2019
Jet Airways,Banglore,Delhi,0,7229.0,165,5,3,2019,6,0,8,45,5,3,2019
GoAir,Banglore,Delhi,0,3898.0,165,6,1,2019,20,55,23,40,6,1,2019
Jet Airways,Delhi,Cochin,1,14714.0,825,6,3,2019,22,50,12,35,6,4,2019
Multiple carriers,Delhi,Cochin,1,7005.0,560,27,5,2019,11,40,21,0,27,5,2019
IndiGo,Chennai,Kolkata,0,3597.0,140,15,6,2019,14,45,17,5,15,6,2019
SpiceJet,Kolkata,Banglore,0,4413.0,160,18,3,2019,6,55,9,35,18,3,2019
Multiple carriers,Delhi,Cochin,1,15353.0,535,3,6,2019,10,20,19,15,3,6,2019
IndiGo,Banglore,Delhi,0,3943.0,170,5,1,2019,10,10,13,0,5,1,2019
IndiGo,Chennai,Kolkata,0,6297.0,135,15,3,2019,13,20,15,35,15,3,2019
IndiGo,Banglore,Delhi,0,6144.0,175,3,9,2019,20,0,22,55,3,9,2019
Air India,Delhi,Cochin,2,12257.0,1470,21,5,2019,18,45,19,15,22,5,2019
Jet Airways,Delhi,Cochin,2,15129.0,1390,21,5,2019,13,25,12,35,22,5,2019
Jet Airways,Delhi,Cochin,2,10368.0,1375,24,6,2019,5,30,4,25,25,6,2019
Jet Airways,Delhi,Cochin,2,13029.0,560,5,9,2019,9,40,19,0,5,9,2019
Air India,Kolkata,Banglore,2,9416.0,1390,6,6,2019,12,0,11,10,6,7,2019
Air India,Delhi,Cochin,0,6934.0,185,6,3,2019,18,5,21,10,6,3,2019
Jet Airways,Kolkata,Banglore,1,11467.0,1080,21,5,2019,20,25,14,25,22,5,2019
Multiple carriers,Delhi,Cochin,1,6795.0,615,6,3,2019,15,15,1,30,6,4,2019
IndiGo,Kolkata,Banglore,0,5198.0,155,27,3,2019,15,20,17,55,27,3,2019
Jet Airways,Delhi,Cochin,1,14053.0,1525,3,9,2019,17,25,18,50,3,10,2019
Vistara,Kolkata,Banglore,1,7927.0,975,4,1,2019,7,10,23,25,4,1,2019
IndiGo,Kolkata,Banglore,0,4462.0,165,18,3,2019,10,10,12,55,18,3,2019
GoAir,Banglore,Delhi,0,5048.0,175,27,4,2019,7,45,10,40,27,4,2019
Jet Airways,Kolkata,Banglore,1,10844.0,1655,24,5,2019,20,0,23,35,25,5,2019
Multiple carriers,Delhi,Cochin,1,15411.0,595,3,3,2019,8,55,18,50,3,3,2019
IndiGo,Kolkata,Banglore,0,4462.0,160,18,3,2019,17,15,19,55,18,3,2019
Jet Airways,Mumbai,Hyderabad,0,5678.0,90,27,3,2019,15,50,17,20,27,3,2019
Jet Airways,Delhi,Cochin,1,15764.0,1110,3,6,2019,9,55,4,25,3,7,2019
Jet Airways,Delhi,Cochin,1,17024.0,1285,3,6,2019,22,20,19,45,3,7,2019
Air India,Mumbai,Hyderabad,0,3100.0,80,18,6,2019,6,20,7,40,18,6,2019
Jet Airways,Banglore,Delhi,0,7229.0,185,5,1,2019,18,55,22,0,5,1,2019
IndiGo,Kolkata,Banglore,0,4804.0,150,24,4,2019,14,25,16,55,24,4,2019
Jet Airways,Banglore,Delhi,0,5769.0,180,24,6,2019,8,20,11,20,24,6,2019
Air Asia,Kolkata,Banglore,0,4384.0,150,18,3,2019,19,35,22,5,18,3,2019
Air India,Delhi,Cochin,1,6587.0,1535,27,6,2019,5,15,6,50,28,6,2019
Jet Airways,Banglore,Delhi,1,7832.0,805,21,3,2019,5,45,19,10,21,3,2019
Air India,Chennai,Kolkata,0,7082.0,135,15,3,2019,11,40,13,55,15,3,2019
SpiceJet,Chennai,Kolkata,0,6300.0,135,15,3,2019,8,20,10,35,15,3,2019
Jet Airways,Kolkata,Banglore,1,14571.0,475,6,6,2019,8,25,16,20,6,6,2019
IndiGo,Banglore,Delhi,0,3943.0,170,27,6,2019,13,0,15,50,27,6,2019
Multiple carriers,Delhi,Cochin,1,6878.0,600,21,5,2019,14,55,0,55,22,5,2019
SpiceJet,Mumbai,Hyderabad,0,1965.0,90,4,1,2019,5,45,7,15,4,1,2019
Vistara,Kolkata,Banglore,1,9187.0,1065,21,5,2019,17,0,10,45,22,5,2019
Air India,Banglore,Delhi,0,4441.0,165,24,3,2019,21,10,23,55,24,3,2019
IndiGo,Banglore,Delhi,0,10067.0,180,3,1,2019,8,30,11,30,3,1,2019
IndiGo,Delhi,Cochin,1,5054.0,305,27,6,2019,20,25,1,30,28,6,2019
Multiple carriers,Delhi,Cochin,1,7005.0,900,6,6,2019,6,0,21,0,6,6,2019
Jet Airways,Kolkata,Banglore,1,12121.0,690,15,5,2019,9,35,21,5,15,5,2019
IndiGo,Delhi,Cochin,1,5912.0,290,27,5,2019,15,10,20,0,27,5,2019
Air Asia,Kolkata,Banglore,1,5192.0,710,4,1,2019,7,35,19,25,4,1,2019
IndiGo,Chennai,Kolkata,0,3597.0,140,6,9,2019,13,15,15,35,6,9,2019
Jet Airways,Banglore,Delhi,0,8016.0,160,3,9,2019,18,20,21,0,3,9,2019
Air India,Mumbai,Hyderabad,0,2050.0,85,15,3,2019,15,0,16,25,15,3,2019
SpiceJet,Banglore,Delhi,0,4839.0,175,21,3,2019,9,35,12,30,21,3,2019
IndiGo,Mumbai,Hyderabad,0,4049.0,90,27,5,2019,6,25,7,55,27,5,2019
Vistara,Delhi,Cochin,0,6216.0,190,18,6,2019,6,0,9,10,18,6,2019
SpiceJet,Kolkata,Banglore,0,3841.0,140,21,6,2019,22,20,0,40,22,6,2019
SpiceJet,Kolkata,Banglore,0,3815.0,160,15,3,2019,6,55,9,35,15,3,2019
Air India,Banglore,Delhi,0,5176.0,165,4,3,2019,17,0,19,45,4,3,2019
SpiceJet,Mumbai,Hyderabad,0,2017.0,90,5,9,2019,22,45,0,15,5,10,2019
Vistara,Kolkata,Banglore,1,9187.0,1555,5,9,2019,7,10,9,5,5,10,2019
Vistara,Banglore,Delhi,0,11598.0,165,3,9,2019,9,50,12,35,3,9,2019
Jet Airways,Delhi,Cochin,2,13014.0,1025,6,1,2019,19,30,12,35,6,2,2019
Jet Airways,Delhi,Cochin,1,10262.0,1040,6,1,2019,19,15,12,35,6,2,2019
Air India,Delhi,Cochin,2,9916.0,1380,4,9,2019,20,15,19,15,4,10,2019
Jet Airways,Kolkata,Banglore,1,14231.0,1145,24,3,2019,16,55,12,0,25,3,2019
Jet Airways,Banglore,Delhi,0,7229.0,175,15,6,2019,11,10,14,5,15,6,2019
IndiGo,Delhi,Cochin,1,6316.0,505,27,3,2019,17,10,1,35,28,3,2019
Air Asia,Kolkata,Banglore,0,4384.0,155,3,9,2019,10,20,12,55,3,9,2019
Air India,Delhi,Cochin,2,13381.0,1580,6,12,2019,16,55,19,15,13,6,2019
IndiGo,Chennai,Kolkata,0,4332.0,145,5,12,2019,11,35,14,0,5,12,2019
Air India,Delhi,Cochin,1,8907.0,570,15,6,2019,13,30,23,0,15,6,2019
IndiGo,Kolkata,Banglore,0,4804.0,155,6,12,2019,4,40,7,15,6,12,2019
Air India,Delhi,Cochin,1,15407.0,1480,3,6,2019,7,0,7,40,3,7,2019
Jet Airways,Delhi,Cochin,1,12898.0,1105,27,5,2019,10,0,4,25,28,5,2019
Multiple carriers,Delhi,Cochin,1,6883.0,480,27,3,2019,13,0,21,0,27,3,2019
SpiceJet,Chennai,Kolkata,0,3543.0,140,5,3,2019,17,45,20,5,5,3,2019
IndiGo,Banglore,Delhi,0,4284.0,165,5,6,2019,1,30,4,15,5,6,2019
IndiGo,Mumbai,Hyderabad,0,2437.0,90,5,3,2019,21,20,22,50,5,3,2019
SpiceJet,Kolkata,Banglore,0,4174.0,140,18,4,2019,22,20,0,40,19,4,2019
Jet Airways,Kolkata,Banglore,1,14781.0,960,21,5,2019,20,0,12,0,22,5,2019
Air India,Kolkata,Banglore,2,14960.0,970,21,5,2019,16,45,8,55,22,5,2019
Jet Airways,Banglore,Delhi,0,5769.0,175,27,6,2019,11,10,14,5,27,6,2019
SpiceJet,Delhi,Cochin,1,4812.0,270,24,4,2019,8,45,13,15,24,4,2019
Vistara,Kolkata,Banglore,1,9345.0,975,18,5,2019,7,10,23,25,18,5,2019
IndiGo,Kolkata,Banglore,1,4864.0,330,15,5,2019,7,10,12,40,15,5,2019
IndiGo,Chennai,Kolkata,0,7295.0,140,3,6,2019,19,35,21,55,3,6,2019
Air India,Delhi,Cochin,2,10231.0,1275,6,12,2019,22,0,19,15,13,6,2019
Jet Airways,Delhi,Cochin,1,14714.0,300,6,1,2019,14,0,19,0,6,1,2019
Jet Airways,Delhi,Cochin,1,12032.0,1470,27,3,2019,19,15,19,45,28,3,2019
Jet Airways,Banglore,Delhi,0,4544.0,175,15,4,2019,15,15,18,10,15,4,2019
Jet Airways,Kolkata,Banglore,1,10844.0,705,15,5,2019,6,30,18,15,15,5,2019
Vistara,Banglore,Delhi,1,12476.0,355,3,3,2019,6,40,12,35,3,3,2019
Jet Airways,Banglore,Delhi,1,11087.0,1585,3,12,2019,20,35,23,0,13,3,2019
Air India,Delhi,Cochin,3,10703.0,2280,6,6,2019,5,15,19,15,6,7,2019
IndiGo,Delhi,Cochin,1,6734.0,835,5,9,2019,8,35,22,30,5,9,2019
Jet Airways,Banglore,Delhi,1,7832.0,375,21,3,2019,14,5,20,20,21,3,2019
Air India,Kolkata,Banglore,2,11516.0,1045,4,1,2019,5,50,23,15,4,1,2019
IndiGo,Chennai,Kolkata,0,3850.0,140,18,3,2019,7,55,10,15,18,3,2019
Jet Airways,Delhi,Cochin,2,17229.0,870,3,9,2019,13,55,4,25,3,10,2019
SpiceJet,Kolkata,Banglore,0,3873.0,140,27,6,2019,22,20,0,40,28,6,2019
Jet Airways,Mumbai,Hyderabad,0,4160.0,85,4,3,2019,7,5,8,30,4,3,2019
Multiple carriers,Delhi,Cochin,1,7670.0,490,18,5,2019,12,50,21,0,18,5,2019
Jet Airways,Kolkata,Banglore,1,10031.0,475,24,3,2019,8,25,16,20,24,3,2019
Jet Airways,Delhi,Cochin,2,11150.0,1390,27,6,2019,13,25,12,35,28,6,2019
Jet Airways,Banglore,Delhi,1,9134.0,405,15,3,2019,11,40,18,25,15,3,2019
SpiceJet,Banglore,Delhi,0,4423.0,170,18,5,2019,9,30,12,20,18,5,2019
Air Asia,Kolkata,Banglore,0,3807.0,150,21,6,2019,22,50,1,20,22,6,2019
Air India,Delhi,Cochin,1,7480.0,1640,21,5,2019,6,5,9,25,22,5,2019
IndiGo,Banglore,Delhi,0,4423.0,165,5,6,2019,6,5,8,50,5,6,2019
IndiGo,Banglore,Delhi,0,4823.0,180,18,6,2019,16,55,19,55,18,6,2019
Vistara,Kolkata,Banglore,1,12102.0,1645,24,3,2019,17,0,20,25,25,3,2019
Multiple carriers,Delhi,Cochin,1,15342.0,615,3,6,2019,9,0,19,15,3,6,2019
Jet Airways,Kolkata,Banglore,1,10844.0,365,5,6,2019,16,30,22,35,5,6,2019
Air India,Delhi,Cochin,1,7480.0,1420,6,12,2019,9,45,9,25,13,6,2019
Air India,Kolkata,Banglore,1,4227.0,580,4,1,2019,19,0,4,40,4,2,2019
Air India,Delhi,Cochin,1,7690.0,1420,6,9,2019,9,45,9,25,6,10,2019
SpiceJet,Kolkata,Banglore,1,8224.0,330,18,5,2019,15,55,21,25,18,5,2019
Vistara,Banglore,Delhi,0,5823.0,165,18,4,2019,19,30,22,15,18,4,2019
Jet Airways,Banglore,Delhi,1,9134.0,570,15,3,2019,8,55,18,25,15,3,2019
Jet Airways,Banglore,Delhi,1,26890.0,470,3,1,2019,16,55,0,45,3,2,2019
Air India,Kolkata,Banglore,1,8366.0,1350,6,9,2019,9,25,7,55,6,10,2019
Air India,Delhi,Cochin,1,7480.0,1535,6,1,2019,5,15,6,50,6,2,2019
Jet Airways,Kolkata,Banglore,1,14781.0,365,5,12,2019,16,30,22,35,5,12,2019
Air India,Kolkata,Banglore,2,13990.0,2480,24,3,2019,5,55,23,15,25,3,2019
Air India,Delhi,Cochin,2,8245.0,1560,21,3,2019,17,15,19,15,22,3,2019
Jet Airways,Delhi,Cochin,1,10262.0,540,24,6,2019,10,0,19,0,24,6,2019
Jet Airways,Kolkata,Banglore,1,12739.0,1330,6,12,2019,6,30,4,40,13,6,2019
Multiple carriers,Delhi,Cochin,1,7575.0,470,21,5,2019,11,25,19,15,21,5,2019
Air India,Banglore,Delhi,0,11633.0,165,18,3,2019,17,0,19,45,18,3,2019
Jet Airways,Delhi,Cochin,2,10368.0,810,15,6,2019,5,30,19,0,15,6,2019
Jet Airways,Banglore,Delhi,1,13817.0,365,3,12,2019,16,55,23,0,3,12,2019
Jet Airways,Kolkata,Banglore,1,14231.0,520,24,3,2019,13,55,22,35,24,3,2019
Jet Airways,Banglore,Delhi,1,6992.0,680,21,3,2019,11,40,23,0,21,3,2019
Air India,Banglore,Delhi,0,6961.0,165,21,6,2019,6,10,8,55,21,6,2019
Jet Airways,Delhi,Cochin,2,16263.0,505,6,1,2019,20,0,4,25,6,2,2019
Jet Airways,Delhi,Cochin,1,14714.0,330,27,6,2019,7,5,12,35,27,6,2019
Multiple carriers,Delhi,Cochin,1,7740.0,810,24,6,2019,7,30,21,0,24,6,2019
Jet Airways,Banglore,Delhi,1,11087.0,520,18,3,2019,11,40,20,20,18,3,2019
Multiple carriers,Delhi,Cochin,1,14486.0,450,21,3,2019,8,0,15,30,21,3,2019
IndiGo,Delhi,Cochin,1,6442.0,375,21,5,2019,11,55,18,10,21,5,2019
Air India,Kolkata,Banglore,2,10361.0,1830,18,5,2019,12,0,18,30,19,5,2019
Air Asia,Kolkata,Banglore,1,5320.0,955,5,12,2019,7,35,23,30,5,12,2019
Jet Airways,Delhi,Cochin,2,10368.0,1615,15,6,2019,9,40,12,35,16,6,2019
SpiceJet,Kolkata,Banglore,0,4174.0,150,15,5,2019,17,10,19,40,15,5,2019
Air India,Delhi,Cochin,1,8151.0,875,21,5,2019,17,40,8,15,22,5,2019
Jet Airways,Delhi,Cochin,1,12557.0,1610,21,3,2019,16,0,18,50,22,3,2019
Air India,Banglore,Delhi,0,6961.0,165,15,6,2019,10,0,12,45,15,6,2019
Air India,Banglore,Delhi,0,4441.0,170,4,9,2019,21,5,23,55,4,9,2019
SpiceJet,Mumbai,Hyderabad,0,2753.0,85,15,3,2019,22,45,0,10,16,3,2019
SpiceJet,Kolkata,Banglore,0,3841.0,140,4,6,2019,22,20,0,40,4,7,2019
Air India,Delhi,Cochin,1,5022.0,1010,4,6,2019,6,10,23,0,4,6,2019
Air India,Delhi,Cochin,0,5201.0,170,6,6,2019,5,10,8,0,6,6,2019
Air India,Delhi,Cochin,0,6934.0,180,6,3,2019,14,10,17,10,6,3,2019
IndiGo,Kolkata,Banglore,1,5699.0,280,4,1,2019,17,35,22,15,4,1,2019
Vistara,Banglore,Delhi,0,5088.0,165,27,6,2019,19,30,22,15,27,6,2019
Multiple carriers,Delhi,Cochin,1,8601.0,650,21,3,2019,8,25,19,15,21,3,2019
IndiGo,Kolkata,Banglore,1,11319.0,295,15,5,2019,9,20,14,15,15,5,2019
IndiGo,Mumbai,Hyderabad,0,3838.0,85,3,9,2019,21,20,22,45,3,9,2019
Jet Airways,Kolkata,Banglore,1,14388.0,1010,5,12,2019,16,30,9,20,13,5,2019
Jet Airways,Delhi,Cochin,2,10824.0,1620,15,6,2019,9,35,12,35,16,6,2019
Jet Airways,Delhi,Cochin,1,5177.0,360,4,6,2019,13,0,19,0,4,6,2019
Jet Airways,Delhi,Cochin,1,14714.0,450,27,6,2019,11,30,19,0,27,6,2019
Jet Airways,Kolkata,Banglore,1,13626.0,685,6,12,2019,8,25,19,50,6,12,2019
Air India,Delhi,Cochin,2,13381.0,1490,24,6,2019,6,50,7,40,25,6,2019
Air India,Delhi,Cochin,2,18211.0,1485,3,9,2019,18,30,19,15,3,10,2019
Multiple carriers,Delhi,Cochin,2,6653.0,485,21,3,2019,13,15,21,20,21,3,2019
Jet Airways,Kolkata,Banglore,1,14781.0,570,5,12,2019,14,5,23,35,5,12,2019
Air India,Kolkata,Banglore,2,11458.0,955,5,6,2019,9,25,1,20,5,7,2019
Jet Airways,Kolkata,Banglore,1,10844.0,800,6,9,2019,6,30,19,50,6,9,2019
IndiGo,Mumbai,Hyderabad,0,3342.0,90,24,5,2019,2,35,4,5,24,5,2019
Jet Airways,Delhi,Cochin,1,10262.0,1100,24,6,2019,18,15,12,35,25,6,2019
IndiGo,Chennai,Kolkata,0,5277.0,140,24,6,2019,22,5,0,25,25,6,2019
Air India,Banglore,Delhi,0,4441.0,165,24,3,2019,6,10,8,55,24,3,2019
SpiceJet,Chennai,Kolkata,0,3543.0,135,5,3,2019,8,20,10,35,5,3,2019
Air India,Banglore,Delhi,1,13912.0,330,3,6,2019,6,45,12,15,3,6,2019
Multiple carriers,Delhi,Cochin,1,9315.0,740,27,5,2019,6,40,19,0,27,5,2019
Jet Airways,Delhi,Cochin,1,10262.0,335,6,1,2019,22,50,4,25,6,2,2019
Air India,Delhi,Cochin,2,12199.0,1560,27,6,2019,17,15,19,15,28,6,2019
IndiGo,Chennai,Kolkata,0,5277.0,140,27,5,2019,22,5,0,25,28,5,2019
Air India,Kolkata,Banglore,2,6117.0,1170,6,12,2019,9,10,4,40,13,6,2019
IndiGo,Banglore,Delhi,0,5734.0,170,24,3,2019,10,10,13,0,24,3,2019
Air Asia,Delhi,Cochin,1,8627.0,660,3,6,2019,20,10,7,10,3,7,2019
Multiple carriers,Delhi,Cochin,1,6795.0,830,15,6,2019,11,40,1,30,16,6,2019
IndiGo,Delhi,Cochin,0,5601.0,195,21,5,2019,14,25,17,40,21,5,2019
Jet Airways,Banglore,Delhi,0,7229.0,180,21,4,2019,17,45,20,45,21,4,2019
IndiGo,Delhi,Cochin,1,8330.0,630,5,9,2019,15,0,1,30,5,10,2019
IndiGo,Banglore,Delhi,0,4823.0,170,5,3,2019,8,30,11,20,5,3,2019
Jet Airways,Kolkata,Banglore,1,13759.0,1610,24,3,2019,19,45,22,35,25,3,2019
Air India,Delhi,Cochin,2,10231.0,1600,6,12,2019,5,0,7,40,13,6,2019
Jet Airways,Delhi,Cochin,1,12898.0,1425,27,5,2019,19,15,19,0,28,5,2019
Jet Airways,Banglore,Delhi,1,19225.0,280,3,6,2019,5,45,10,25,3,6,2019
Jet Airways,Mumbai,Hyderabad,0,4995.0,85,27,5,2019,7,5,8,30,27,5,2019
IndiGo,Delhi,Cochin,1,5298.0,320,6,12,2019,6,50,12,10,6,12,2019
Jet Airways,Delhi,Cochin,2,9254.0,1950,21,3,2019,10,20,18,50,22,3,2019
Jet Airways,Delhi,Cochin,1,5177.0,300,4,6,2019,14,0,19,0,4,6,2019
Vistara,Kolkata,Banglore,1,9345.0,1625,21,5,2019,20,20,23,25,22,5,2019
Jet Airways,Kolkata,Banglore,1,10844.0,475,5,6,2019,8,25,16,20,5,6,2019
Air India,Delhi,Cochin,2,15428.0,1545,3,3,2019,5,55,7,40,3,4,2019
IndiGo,Delhi,Cochin,1,7255.0,300,21,5,2019,16,0,21,0,21,5,2019
Jet Airways,Delhi,Cochin,1,12898.0,1655,21,5,2019,9,0,12,35,22,5,2019
IndiGo,Banglore,Delhi,1,8707.0,295,3,1,2019,13,40,18,35,3,1,2019
Jet Airways,Delhi,Cochin,1,10262.0,1100,6,3,2019,18,15,12,35,6,4,2019
Jet Airways,Kolkata,Banglore,1,13067.0,870,5,6,2019,20,25,10,55,5,7,2019
Jet Airways,Delhi,Cochin,1,10262.0,1395,6,6,2019,19,45,19,0,6,7,2019
Air India,Kolkata,Banglore,0,4460.0,155,4,9,2019,20,45,23,20,4,9,2019
Jet Airways,Kolkata,Banglore,1,14571.0,570,24,5,2019,14,5,23,35,24,5,2019
Air India,Delhi,Cochin,2,10178.0,1410,6,9,2019,19,45,19,15,6,10,2019
SpiceJet,Chennai,Kolkata,0,7718.0,140,3,1,2019,17,45,20,5,3,1,2019
Jet Airways,Delhi,Cochin,1,16376.0,620,21,5,2019,2,15,12,35,21,5,2019
Jet Airways,Mumbai,Hyderabad,0,5678.0,90,6,6,2019,19,35,21,5,6,6,2019
Multiple carriers,Delhi,Cochin,1,9103.0,505,5,9,2019,10,35,19,0,5,9,2019
Jet Airways,Delhi,Cochin,1,14714.0,925,6,6,2019,13,0,4,25,6,7,2019
SpiceJet,Delhi,Cochin,1,5583.0,380,24,6,2019,15,45,22,5,24,6,2019
IndiGo,Banglore,Delhi,0,4823.0,175,24,4,2019,18,55,21,50,24,4,2019
Jet Airways,Banglore,Delhi,0,4544.0,185,15,4,2019,18,55,22,0,15,4,2019
Air Asia,Delhi,Cochin,1,8759.0,330,18,5,2019,7,55,13,25,18,5,2019
Air Asia,Delhi,Cochin,1,6152.0,330,24,6,2019,7,55,13,25,24,6,2019
Jet Airways,Banglore,Delhi,1,11087.0,1365,18,3,2019,11,40,10,25,16,3,2019
Air India,Kolkata,Banglore,2,11432.0,725,6,6,2019,8,20,20,25,6,6,2019
SpiceJet,Kolkata,Banglore,0,3815.0,150,27,3,2019,17,15,19,45,27,3,2019
Vistara,Kolkata,Banglore,1,8662.0,965,4,1,2019,17,0,9,5,4,2,2019
Jet Airways,Banglore,Delhi,1,17261.0,1425,3,6,2019,11,40,11,25,3,7,2019
IndiGo,Kolkata,Banglore,1,4860.0,275,4,9,2019,19,35,0,10,4,10,2019
Air India,Delhi,Cochin,2,13442.0,1560,3,3,2019,17,15,19,15,3,4,2019
Vistara,Mumbai,Hyderabad,1,12395.0,435,3,6,2019,15,40,22,55,3,6,2019
Air India,Kolkata,Banglore,1,6528.0,1440,15,5,2019,14,35,14,35,16,5,2019
IndiGo,Delhi,Cochin,1,6314.0,965,6,1,2019,4,55,21,0,6,1,2019
IndiGo,Delhi,Cochin,1,6270.0,845,4,9,2019,11,25,1,30,4,10,2019
Jet Airways,Delhi,Cochin,1,14714.0,1395,6,6,2019,19,45,19,0,6,7,2019
Multiple carriers,Delhi,Cochin,1,9359.0,600,15,6,2019,9,15,19,15,15,6,2019
Air India,Delhi,Cochin,0,6724.0,230,4,9,2019,14,5,17,55,4,9,2019
Jet Airways,Delhi,Cochin,1,10262.0,1210,24,6,2019,22,50,19,0,25,6,2019
Vistara,Banglore,Delhi,0,4668.0,160,21,5,2019,7,0,9,40,21,5,2019
IndiGo,Delhi,Cochin,2,6610.0,565,3,6,2019,11,55,21,20,3,6,2019
SpiceJet,Chennai,Kolkata,0,3597.0,135,15,5,2019,8,20,10,35,15,5,2019
IndiGo,Kolkata,Banglore,0,4462.0,165,3,9,2019,10,10,12,55,3,9,2019
Air India,Delhi,Cochin,1,12677.0,1640,3,6,2019,6,5,9,25,3,7,2019
Multiple carriers,Delhi,Cochin,1,23170.0,910,3,1,2019,0,20,15,30,3,1,2019
IndiGo,Kolkata,Banglore,0,4804.0,155,6,6,2019,4,40,7,15,6,6,2019
Multiple carriers,Delhi,Cochin,1,6795.0,760,27,5,2019,12,50,1,30,28,5,2019
Air India,Kolkata,Banglore,1,7662.0,1515,18,5,2019,12,0,13,15,19,5,2019
Air India,Delhi,Cochin,2,12751.0,1100,6,6,2019,13,20,7,40,6,7,2019
Jet Airways,Mumbai,Hyderabad,1,19595.0,1205,3,6,2019,20,45,16,50,3,7,2019
Vistara,Banglore,Delhi,0,7975.0,160,3,9,2019,7,0,9,40,3,9,2019
Jet Airways,Kolkata,Banglore,1,14781.0,345,18,5,2019,14,5,19,50,18,5,2019
Jet Airways,Kolkata,Banglore,1,14781.0,740,5,9,2019,8,25,20,45,5,9,2019
Jet Airways,Kolkata,Banglore,1,10031.0,1585,24,3,2019,13,55,16,20,25,3,2019
Jet Airways,Kolkata,Banglore,1,10844.0,345,6,9,2019,14,5,19,50,6,9,2019
Jet Airways,Banglore,Delhi,0,3502.0,180,5,9,2019,19,50,22,50,5,9,2019
Jet Airways,Delhi,Cochin,2,13292.0,1130,6,1,2019,9,35,4,25,6,2,2019
Jet Airways,Kolkata,Banglore,1,14151.0,1630,6,6,2019,20,25,23,35,6,7,2019
SpiceJet,Mumbai,Hyderabad,0,12475.0,80,3,1,2019,5,45,7,5,3,1,2019
Jet Airways,Delhi,Cochin,1,14714.0,940,6,3,2019,20,55,12,35,6,4,2019
Multiple carriers,Delhi,Cochin,1,8283.0,390,24,5,2019,19,0,1,30,25,5,2019
Jet Airways,Banglore,Delhi,1,11087.0,775,3,12,2019,20,35,9,30,13,3,2019
Jet Airways,Kolkata,Banglore,1,10844.0,345,21,5,2019,14,5,19,50,21,5,2019
IndiGo,Delhi,Cochin,1,5883.0,415,24,6,2019,18,35,1,30,25,6,2019
Air India,Banglore,Delhi,2,7664.0,630,15,3,2019,5,50,16,20,15,3,2019
Jet Airways,Delhi,Cochin,1,12898.0,1225,27,5,2019,8,0,4,25,28,5,2019
Jet Airways,Delhi,Cochin,1,10262.0,1210,6,12,2019,22,50,19,0,13,6,2019
Jet Airways,Kolkata,Banglore,1,13067.0,575,15,5,2019,9,35,19,10,15,5,2019
IndiGo,Kolkata,Banglore,0,4462.0,155,18,3,2019,15,10,17,45,18,3,2019
Jet Airways,Mumbai,Hyderabad,0,5678.0,85,27,6,2019,2,55,4,20,27,6,2019
Jet Airways,Kolkata,Banglore,1,14388.0,330,21,5,2019,6,30,12,0,21,5,2019
Jet Airways,Delhi,Cochin,1,14714.0,1010,6,3,2019,19,45,12,35,6,4,2019
IndiGo,Kolkata,Banglore,0,4804.0,165,27,5,2019,9,35,12,20,27,5,2019
Air India,Delhi,Cochin,2,11281.0,1600,5,9,2019,5,0,7,40,5,10,2019
Jet Airways,Kolkata,Banglore,1,11134.0,660,24,3,2019,21,10,8,10,25,3,2019
Air India,Mumbai,Hyderabad,2,11647.0,810,3,12,2019,19,40,9,10,13,3,2019
Jet Airways,Kolkata,Banglore,1,10539.0,1685,6,9,2019,17,0,21,5,6,10,2019
Multiple carriers,Delhi,Cochin,1,12192.0,660,6,1,2019,8,0,19,0,6,1,2019
Air India,Banglore,Delhi,0,6121.0,170,24,4,2019,13,20,16,10,24,4,2019
Jet Airways,Kolkata,Banglore,1,13759.0,540,24,3,2019,19,45,4,45,25,3,2019
Multiple carriers,Delhi,Cochin,1,6427.0,915,27,3,2019,10,20,1,35,28,3,2019
IndiGo,Banglore,Delhi,0,3943.0,170,4,9,2019,22,10,1,0,4,10,2019
IndiGo,Banglore,Delhi,0,4284.0,170,5,12,2019,22,10,1,0,13,5,2019
IndiGo,Delhi,Cochin,1,8147.0,300,3,9,2019,5,5,10,5,3,9,2019
Jet Airways,Banglore,Delhi,0,3502.0,180,5,12,2019,19,50,22,50,5,12,2019
IndiGo,Mumbai,Hyderabad,0,3342.0,90,15,3,2019,2,30,4,0,15,3,2019
IndiGo,Banglore,Delhi,0,5734.0,165,21,3,2019,6,0,8,45,21,3,2019
SpiceJet,Kolkata,Banglore,1,8224.0,330,6,6,2019,15,55,21,25,6,6,2019
SpiceJet,Delhi,Cochin,1,9748.0,310,3,6,2019,6,10,11,20,3,6,2019
Jet Airways,Delhi,Cochin,2,8834.0,1995,21,3,2019,19,10,4,25,23,3,2019
GoAir,Kolkata,Banglore,1,7102.0,455,5,6,2019,16,40,0,15,5,7,2019
Multiple carriers,Delhi,Cochin,1,13727.0,750,15,5,2019,13,0,1,30,16,5,2019
Jet Airways,Banglore,Delhi,1,11087.0,1310,18,3,2019,11,40,9,30,16,3,2019
Jet Airways,Delhi,Cochin,2,10368.0,1125,15,6,2019,9,40,4,25,16,6,2019
Jet Airways,Banglore,Delhi,0,7229.0,165,6,1,2019,6,0,8,45,6,1,2019
Jet Airways,Delhi,Cochin,1,10262.0,1485,15,6,2019,18,15,19,0,16,6,2019
IndiGo,Banglore,Delhi,0,4823.0,170,15,4,2019,20,0,22,50,15,4,2019
IndiGo,Kolkata,Banglore,0,4804.0,155,24,5,2019,4,40,7,15,24,5,2019
IndiGo,Delhi,Cochin,1,10112.0,305,6,6,2019,23,30,4,35,6,7,2019
Jet Airways,Banglore,Delhi,0,7229.0,165,27,5,2019,6,0,8,45,27,5,2019
Jet Airways,Kolkata,Banglore,1,13067.0,1745,24,5,2019,17,0,22,5,25,5,2019
Jet Airways,Delhi,Cochin,1,14714.0,865,6,3,2019,14,0,4,25,6,4,2019
Air India,Delhi,Cochin,1,8907.0,795,6,3,2019,9,45,23,0,6,3,2019
Jet Airways,Banglore,Delhi,0,7229.0,175,4,9,2019,11,10,14,5,4,9,2019
Multiple carriers,Delhi,Cochin,2,24528.0,465,3,3,2019,17,50,1,35,3,4,2019
IndiGo,Delhi,Cochin,1,6838.0,965,6,3,2019,4,55,21,0,6,3,2019
Multiple carriers,Delhi,Cochin,1,10406.0,835,6,12,2019,7,5,21,0,6,12,2019
Vistara,Mumbai,Hyderabad,1,12395.0,690,3,6,2019,21,55,9,25,3,7,2019
Air India,Kolkata,Banglore,1,10203.0,1435,5,6,2019,20,30,20,25,5,7,2019
IndiGo,Mumbai,Hyderabad,0,4049.0,90,5,12,2019,6,25,7,55,5,12,2019
Jet Airways,Kolkata,Banglore,1,13401.0,1295,6,9,2019,20,25,18,0,6,10,2019
Air India,Delhi,Cochin,2,9968.0,1180,5,9,2019,12,0,7,40,5,10,2019
Jet Airways,Mumbai,Hyderabad,0,8040.0,90,5,6,2019,10,20,11,50,5,6,2019
Multiple carriers,Delhi,Cochin,1,6427.0,620,27,3,2019,15,15,1,35,28,3,2019
IndiGo,Chennai,Kolkata,0,5277.0,140,5,6,2019,22,5,0,25,5,7,2019
Jet Airways,Mumbai,Hyderabad,0,2228.0,85,4,1,2019,2,55,4,20,4,1,2019
Vistara,Banglore,Delhi,0,5613.0,170,24,5,2019,21,0,23,50,24,5,2019
IndiGo,Kolkata,Banglore,1,6669.0,280,5,12,2019,17,35,22,15,5,12,2019
Vistara,Chennai,Kolkata,0,11982.0,140,15,5,2019,17,45,20,5,15,5,2019
Jet Airways,Kolkata,Banglore,2,10118.0,1495,21,5,2019,6,30,7,25,22,5,2019
IndiGo,Kolkata,Banglore,0,4148.0,160,15,3,2019,21,25,0,5,16,3,2019
Jet Airways,Delhi,Cochin,1,18371.0,620,6,9,2019,2,15,12,35,6,9,2019
Multiple carriers,Delhi,Cochin,1,13587.0,570,6,12,2019,11,30,21,0,6,12,2019
Air India,Delhi,Cochin,2,12760.0,1560,6,6,2019,17,15,19,15,6,7,2019
Jet Airways,Delhi,Cochin,2,10368.0,1125,6,6,2019,9,40,4,25,6,7,2019
IndiGo,Mumbai,Hyderabad,0,3175.0,90,6,1,2019,2,35,4,5,6,1,2019
SpiceJet,Chennai,Kolkata,0,3597.0,135,5,9,2019,9,45,12,0,5,9,2019
Multiple carriers,Delhi,Cochin,1,6733.0,840,27,5,2019,11,30,1,30,28,5,2019
Multiple carriers,Delhi,Cochin,1,12192.0,525,6,1,2019,3,50,12,35,6,1,2019
Jet Airways,Delhi,Cochin,2,15129.0,1430,27,5,2019,19,10,19,0,28,5,2019
Vistara,Banglore,Delhi,0,4668.0,170,5,12,2019,11,30,14,20,5,12,2019
Jet Airways,Delhi,Cochin,1,10262.0,1145,27,6,2019,17,30,12,35,28,6,2019
Jet Airways,Delhi,Cochin,2,15129.0,1125,18,5,2019,9,40,4,25,19,5,2019
Multiple carriers,Delhi,Cochin,1,7878.0,920,6,3,2019,7,10,22,30,6,3,2019
Jet Airways,Mumbai,Hyderabad,0,8040.0,90,18,3,2019,10,20,11,50,18,3,2019
Jet Airways,Delhi,Cochin,1,12373.0,620,5,9,2019,2,15,12,35,5,9,2019
Air India,Delhi,Cochin,2,12392.0,1560,18,5,2019,17,15,19,15,19,5,2019
IndiGo,Chennai,Kolkata,0,5277.0,140,18,5,2019,22,5,0,25,19,5,2019
Multiple carriers,Delhi,Cochin,1,7888.0,480,21,5,2019,13,0,21,0,21,5,2019
Multiple carriers,Delhi,Cochin,1,9001.0,630,6,3,2019,8,45,19,15,6,3,2019
IndiGo,Mumbai,Hyderabad,0,4049.0,85,21,3,2019,6,20,7,45,21,3,2019
IndiGo,Chennai,Kolkata,0,4326.0,140,24,3,2019,5,15,7,35,24,3,2019
IndiGo,Banglore,Delhi,0,4777.0,170,3,9,2019,23,30,2,20,13,3,2019
IndiGo,Delhi,Cochin,1,6838.0,570,21,3,2019,11,30,21,0,21,3,2019
IndiGo,Delhi,Cochin,1,6582.0,315,6,6,2019,7,15,12,30,6,6,2019
Jet Airways,Delhi,Cochin,1,10262.0,885,6,1,2019,21,50,12,35,6,2,2019
Air Asia,Banglore,Delhi,0,10873.0,165,3,1,2019,23,25,2,10,3,2,2019
Jet Airways,Delhi,Cochin,1,10262.0,620,27,6,2019,2,15,12,35,27,6,2019
IndiGo,Kolkata,Banglore,0,4148.0,170,27,3,2019,5,30,8,20,27,3,2019
IndiGo,Delhi,Cochin,2,6494.0,565,27,3,2019,11,55,21,20,27,3,2019
Jet Airways,Delhi,Cochin,1,12898.0,1595,21,5,2019,10,0,12,35,22,5,2019
Air India,Delhi,Cochin,2,9968.0,2295,6,9,2019,5,0,19,15,6,10,2019
Jet Airways,Delhi,Cochin,1,12898.0,805,21,5,2019,15,0,4,25,22,5,2019
Multiple carriers,Delhi,Cochin,1,7740.0,455,24,5,2019,14,55,22,30,24,5,2019
Air India,Kolkata,Banglore,1,7452.0,675,5,9,2019,9,50,21,5,5,9,2019
Jet Airways,Mumbai,Hyderabad,0,4160.0,85,21,3,2019,7,10,8,35,21,3,2019
IndiGo,Banglore,Delhi,0,4823.0,170,27,5,2019,8,30,11,20,27,5,2019
Air India,Delhi,Cochin,2,13486.0,500,18,5,2019,10,55,19,15,18,5,2019
Jet Airways,Banglore,Delhi,0,4544.0,185,27,4,2019,18,55,22,0,27,4,2019
Air India,Delhi,Cochin,2,10975.0,1420,21,5,2019,9,45,9,25,22,5,2019
IndiGo,Chennai,Kolkata,0,3858.0,140,5,3,2019,14,45,17,5,5,3,2019
Jet Airways,Delhi,Cochin,2,15129.0,1375,5,6,2019,5,30,4,25,5,7,2019
Air India,Delhi,Cochin,2,10975.0,1420,15,6,2019,9,45,9,25,16,6,2019
Air Asia,Delhi,Cochin,1,6752.0,340,5,9,2019,16,45,22,25,5,9,2019
Air Asia,Kolkata,Banglore,0,3807.0,150,18,6,2019,9,45,12,15,18,6,2019
Air India,Delhi,Cochin,1,13832.0,1255,3,6,2019,12,30,9,25,3,7,2019
Jet Airways,Banglore,Delhi,0,4544.0,185,4,6,2019,18,55,22,0,4,6,2019
Jet Airways,Kolkata,Banglore,1,14571.0,800,6,6,2019,18,55,8,15,6,7,2019
Vistara,Chennai,Kolkata,0,11982.0,140,24,6,2019,17,45,20,5,24,6,2019
Jet Airways,Mumbai,Hyderabad,0,8040.0,85,5,1,2019,7,5,8,30,5,1,2019
Vistara,Banglore,Delhi,0,11913.0,155,18,3,2019,16,0,18,35,18,3,2019
Air Asia,Kolkata,Banglore,1,5162.0,220,24,5,2019,6,50,10,30,24,5,2019
Jet Airways,Delhi,Cochin,2,13014.0,1615,15,6,2019,9,40,12,35,16,6,2019
Jet Airways,Kolkata,Banglore,1,8586.0,450,18,5,2019,21,10,4,40,19,5,2019
Multiple carriers,Delhi,Cochin,1,10197.0,660,21,5,2019,8,0,19,0,21,5,2019
Vistara,Kolkata,Banglore,1,8610.0,1640,5,1,2019,17,0,20,20,5,2,2019
Air Asia,Banglore,Delhi,0,7120.0,170,6,1,2019,23,55,2,45,6,2,2019
Air India,Delhi,Cochin,3,10703.0,2280,5,9,2019,5,15,19,15,5,10,2019
Jet Airways,Delhi,Cochin,1,10262.0,1165,6,1,2019,9,0,4,25,6,2,2019
Jet Airways,Delhi,Cochin,2,11507.0,810,27,6,2019,5,30,19,0,27,6,2019
IndiGo,Banglore,Delhi,0,3943.0,180,6,6,2019,21,15,0,15,6,7,2019
Jet Airways,Delhi,Cochin,2,13292.0,1620,15,6,2019,9,35,12,35,16,6,2019
IndiGo,Banglore,Delhi,1,7166.0,295,21,3,2019,13,40,18,35,21,3,2019
Jet Airways,Delhi,Cochin,1,10262.0,360,15,6,2019,13,0,19,0,15,6,2019
Air Asia,Delhi,Cochin,1,6152.0,625,6,12,2019,20,45,7,10,13,6,2019
Jet Airways,Kolkata,Banglore,1,10703.0,750,15,5,2019,9,35,22,5,15,5,2019
Jet Airways,Banglore,Delhi,0,4030.0,180,21,5,2019,7,10,10,10,21,5,2019
Multiple carriers,Delhi,Cochin,1,17057.0,485,3,6,2019,17,30,1,35,3,7,2019
IndiGo,Chennai,Kolkata,0,3850.0,140,18,6,2019,7,55,10,15,18,6,2019
Jet Airways,Kolkata,Banglore,1,14388.0,800,5,6,2019,20,0,9,20,5,7,2019
IndiGo,Delhi,Cochin,1,4744.0,325,4,3,2019,2,0,7,25,4,3,2019
Jet Airways,Delhi,Cochin,1,10262.0,1145,6,1,2019,17,30,12,35,6,2,2019
Air India,Banglore,Delhi,0,7591.0,165,3,3,2019,21,10,23,55,3,3,2019
Air Asia,Delhi,Cochin,1,6152.0,870,27,5,2019,7,55,22,25,27,5,2019
Jet Airways,Banglore,Delhi,1,15025.0,1445,3,6,2019,8,55,9,0,3,7,2019
IndiGo,Mumbai,Hyderabad,0,6795.0,90,3,3,2019,16,55,18,25,3,3,2019
Air India,Kolkata,Banglore,1,10623.0,1615,24,5,2019,17,30,20,25,25,5,2019
IndiGo,Chennai,Kolkata,0,3850.0,140,24,5,2019,7,55,10,15,24,5,2019
Jet Airways,Delhi,Cochin,2,6643.0,1420,21,3,2019,19,10,18,50,22,3,2019
Jet Airways,Kolkata,Banglore,1,10844.0,510,5,1,2019,14,5,22,35,5,1,2019
Air India,Delhi,Cochin,2,10441.0,1410,27,5,2019,19,45,19,15,28,5,2019
Multiple carriers,Delhi,Cochin,1,13377.0,480,27,6,2019,17,30,1,30,28,6,2019
Air India,Delhi,Cochin,2,13696.0,1820,18,5,2019,12,55,19,15,19,5,2019
IndiGo,Banglore,Delhi,0,3943.0,170,6,3,2019,0,25,3,15,6,3,2019
Air India,Delhi,Cochin,2,9443.0,1410,24,6,2019,19,45,19,15,25,6,2019
Jet Airways,Delhi,Cochin,2,13014.0,1375,6,1,2019,5,30,4,25,6,2,2019
Air India,Banglore,Delhi,2,8114.0,1795,24,3,2019,17,0,22,55,19,3,2019
SpiceJet,Delhi,Cochin,1,5583.0,315,24,6,2019,6,5,11,20,24,6,2019
Jet Airways,Banglore,Delhi,1,13817.0,920,3,12,2019,16,55,8,15,13,3,2019
Multiple carriers,Delhi,Cochin,1,6953.0,385,27,3,2019,12,50,19,15,27,3,2019
Multiple carriers,Delhi,Cochin,1,6637.0,640,27,3,2019,10,20,21,0,27,3,2019
IndiGo,Kolkata,Banglore,0,4174.0,165,4,3,2019,9,35,12,20,4,3,2019
Air India,Delhi,Cochin,2,8140.0,1420,21,3,2019,9,45,9,25,22,3,2019
Jet Airways,Banglore,Delhi,1,13817.0,960,3,12,2019,7,0,23,0,3,12,2019
Jet Airways,Delhi,Cochin,1,10262.0,600,6,6,2019,9,0,19,0,6,6,2019
IndiGo,Delhi,Cochin,1,6496.0,290,18,5,2019,15,10,20,0,18,5,2019
IndiGo,Delhi,Cochin,1,10112.0,305,15,6,2019,23,30,4,35,16,6,2019
Air India,Delhi,Cochin,2,10467.0,1210,27,5,2019,13,15,9,25,28,5,2019
IndiGo,Delhi,Cochin,1,6206.0,895,6,1,2019,10,35,1,30,6,2,2019
Air India,Kolkata,Banglore,2,10151.0,1830,24,5,2019,12,0,18,30,25,5,2019
IndiGo,Kolkata,Banglore,0,4804.0,150,6,12,2019,15,15,17,45,6,12,2019
GoAir,Banglore,Delhi,0,5048.0,175,24,3,2019,7,45,10,40,24,3,2019
Jet Airways,Mumbai,Hyderabad,0,4050.0,85,6,6,2019,2,55,4,20,6,6,2019
SpiceJet,Banglore,Delhi,0,3919.0,170,6,1,2019,9,30,12,20,6,1,2019
Jet Airways,Kolkata,Banglore,1,11841.0,665,6,9,2019,21,10,8,15,6,10,2019
IndiGo,Delhi,Cochin,1,5065.0,305,24,4,2019,20,25,1,30,25,4,2019
Air India,Kolkata,Banglore,2,9626.0,1830,5,9,2019,12,0,18,30,5,10,2019
IndiGo,Banglore,Delhi,0,3419.0,170,27,6,2019,22,10,1,0,28,6,2019
Air India,Kolkata,Banglore,3,14960.0,805,6,9,2019,9,50,23,15,6,9,2019
IndiGo,Banglore,Delhi,0,3943.0,180,6,9,2019,21,15,0,15,6,10,2019
Multiple carriers,Delhi,Cochin,1,14323.0,615,5,9,2019,9,0,19,15,5,9,2019
Air India,Kolkata,Banglore,2,11752.0,1255,6,9,2019,16,50,13,45,6,10,2019
Multiple carriers,Delhi,Cochin,1,7677.0,645,6,6,2019,8,30,19,15,6,6,2019
Multiple carriers,Delhi,Cochin,1,14067.0,480,24,5,2019,13,0,21,0,24,5,2019
Jet Airways,Kolkata,Banglore,1,14781.0,730,5,1,2019,21,10,9,20,5,2,2019
Jet Airways,Kolkata,Banglore,1,11467.0,1285,15,5,2019,17,0,14,25,16,5,2019
Jet Airways,Delhi,Cochin,2,16263.0,505,21,5,2019,20,0,4,25,22,5,2019
Jet Airways,Delhi,Cochin,1,12373.0,550,18,5,2019,19,15,4,25,19,5,2019
Multiple carriers,Delhi,Cochin,1,7005.0,490,15,6,2019,12,50,21,0,15,6,2019
IndiGo,Delhi,Cochin,1,7580.0,295,18,5,2019,5,10,10,5,18,5,2019
Air India,Delhi,Cochin,2,10441.0,1275,18,5,2019,22,0,19,15,19,5,2019
Jet Airways,Banglore,Delhi,0,7229.0,180,18,5,2019,17,45,20,45,18,5,2019
IndiGo,Delhi,Cochin,1,6093.0,860,4,9,2019,6,40,21,0,4,9,2019
SpiceJet,Kolkata,Banglore,0,3873.0,155,15,6,2019,6,55,9,30,15,6,2019
Jet Airways,Delhi,Cochin,1,10262.0,395,24,6,2019,21,50,4,25,25,6,2019
Jet Airways,Kolkata,Banglore,1,13364.0,570,4,1,2019,14,5,23,35,4,1,2019
Jet Airways,Delhi,Cochin,1,12373.0,620,15,5,2019,2,15,12,35,15,5,2019
SpiceJet,Mumbai,Hyderabad,0,1965.0,90,5,12,2019,22,45,0,15,13,5,2019
Multiple carriers,Delhi,Cochin,1,7005.0,490,6,6,2019,12,50,21,0,6,6,2019
Air India,Banglore,Delhi,0,4441.0,165,18,3,2019,10,0,12,45,18,3,2019
Multiple carriers,Delhi,Cochin,1,11098.0,845,21,3,2019,4,45,18,50,21,3,2019
IndiGo,Delhi,Cochin,1,7318.0,975,21,5,2019,9,15,1,30,22,5,2019
Jet Airways,Delhi,Cochin,1,12767.0,1280,21,3,2019,7,5,4,25,22,3,2019
SpiceJet,Kolkata,Banglore,1,10654.0,320,24,3,2019,15,55,21,15,24,3,2019
SpiceJet,Delhi,Cochin,1,6297.0,380,6,9,2019,15,45,22,5,6,9,2019
Multiple carriers,Delhi,Cochin,1,11265.0,385,3,3,2019,9,45,16,10,3,3,2019
Air India,Mumbai,Hyderabad,2,11972.0,150,3,6,2019,17,20,14,50,3,6,2019
Multiple carriers,Delhi,Cochin,1,13587.0,835,6,9,2019,7,5,21,0,6,9,2019
IndiGo,Kolkata,Banglore,0,4804.0,155,6,3,2019,17,15,19,50,6,3,2019
Air India,Kolkata,Banglore,2,8366.0,535,5,1,2019,9,25,18,20,5,1,2019
Air India,Kolkata,Banglore,1,8366.0,1350,18,5,2019,9,25,7,55,19,5,2019
Air India,Kolkata,Banglore,2,10697.0,810,18,5,2019,8,20,21,50,18,5,2019
Jet Airways,Delhi,Cochin,2,15129.0,810,21,5,2019,5,30,19,0,21,5,2019
IndiGo,Chennai,Kolkata,0,3858.0,140,18,5,2019,14,45,17,5,18,5,2019
Jet Airways,Banglore,Delhi,0,7229.0,185,4,6,2019,18,55,22,0,4,6,2019
IndiGo,Delhi,Cochin,1,6937.0,300,27,4,2019,16,0,21,0,27,4,2019
Jet Airways,Delhi,Cochin,1,14714.0,300,24,6,2019,14,0,19,0,24,6,2019
Jet Airways,Banglore,Delhi,1,9134.0,625,15,3,2019,5,45,16,10,15,3,2019
Jet Airways,Delhi,Cochin,1,10577.0,715,6,3,2019,7,5,19,0,6,3,2019
Jet Airways,Kolkata,Banglore,1,14388.0,845,5,6,2019,20,0,10,5,5,7,2019
Air India,Delhi,Cochin,1,8991.0,1125,6,12,2019,13,30,8,15,13,6,2019
Air India,Delhi,Cochin,2,12436.0,1820,27,5,2019,12,55,19,15,28,5,2019
Air India,Banglore,Delhi,2,12515.0,1600,3,12,2019,6,45,9,25,13,3,2019
SpiceJet,Delhi,Cochin,1,5583.0,380,15,6,2019,15,45,22,5,15,6,2019
Air India,Delhi,Cochin,1,10840.0,520,3,9,2019,23,0,7,40,3,10,2019
Jet Airways,Delhi,Cochin,2,14300.0,1460,27,6,2019,12,15,12,35,28,6,2019
SpiceJet,Banglore,Delhi,0,5515.0,175,18,4,2019,21,10,0,5,19,4,2019
Jet Airways,Kolkata,Banglore,1,10844.0,400,15,5,2019,14,5,20,45,15,5,2019
Jet Airways,Kolkata,Banglore,1,11134.0,980,24,3,2019,16,55,9,15,25,3,2019
Air India,Banglore,Delhi,0,6121.0,165,24,4,2019,10,0,12,45,24,4,2019
Air India,Kolkata,Banglore,2,10676.0,1195,21,5,2019,12,0,7,55,22,5,2019
Jet Airways,Kolkata,Banglore,1,14781.0,365,5,1,2019,16,30,22,35,5,1,2019
Jet Airways,Banglore,Delhi,0,4544.0,180,4,6,2019,19,50,22,50,4,6,2019
GoAir,Banglore,Delhi,0,4632.0,175,4,6,2019,7,45,10,40,4,6,2019
Jet Airways,Delhi,Cochin,2,10929.0,1995,21,3,2019,19,10,4,25,23,3,2019
Air Asia,Kolkata,Banglore,0,4409.0,155,21,4,2019,10,20,12,55,21,4,2019
SpiceJet,Kolkata,Banglore,0,3873.0,155,5,1,2019,6,55,9,30,5,1,2019
Jet Airways,Banglore,Delhi,0,4030.0,180,27,5,2019,7,10,10,10,27,5,2019
Air Asia,Kolkata,Banglore,0,3807.0,150,5,9,2019,22,50,1,20,5,10,2019
Air India,Kolkata,Banglore,2,12140.0,920,5,12,2019,10,0,1,20,13,5,2019
SpiceJet,Kolkata,Banglore,0,4096.0,150,3,6,2019,9,0,11,30,3,6,2019
Jet Airways,Delhi,Cochin,2,14300.0,1095,15,6,2019,18,20,12,35,16,6,2019
Multiple carriers,Delhi,Cochin,1,6007.0,560,27,6,2019,11,40,21,0,27,6,2019
IndiGo,Kolkata,Banglore,0,4174.0,150,4,1,2019,14,25,16,55,4,1,2019
SpiceJet,Chennai,Kolkata,0,3597.0,140,21,6,2019,17,45,20,5,21,6,2019
Air India,Delhi,Cochin,2,9548.0,435,24,6,2019,12,0,19,15,24,6,2019
Air India,Banglore,Delhi,1,8714.0,385,15,3,2019,8,50,15,15,15,3,2019
Vistara,Kolkata,Banglore,1,8085.0,1640,6,12,2019,17,0,20,20,13,6,2019
Jet Airways,Delhi,Cochin,2,10368.0,535,6,3,2019,19,30,4,25,6,4,2019
Air India,Delhi,Cochin,2,10975.0,1580,27,6,2019,7,5,9,25,28,6,2019
Multiple carriers,Delhi,Cochin,1,7670.0,810,5,9,2019,7,30,21,0,5,9,2019
Multiple carriers,Delhi,Cochin,1,8073.0,450,15,5,2019,18,0,1,30,16,5,2019
Jet Airways,Banglore,Delhi,1,13817.0,710,3,12,2019,22,55,10,45,13,3,2019
IndiGo,Kolkata,Banglore,1,3574.0,265,4,9,2019,19,20,23,45,4,9,2019
Jet Airways,Delhi,Cochin,1,15554.0,395,5,9,2019,21,50,4,25,5,10,2019
Air India,Delhi,Cochin,1,6692.0,1335,27,3,2019,21,0,19,15,28,3,2019
SpiceJet,Mumbai,Hyderabad,0,1965.0,90,15,6,2019,22,45,0,15,16,6,2019
IndiGo,Mumbai,Hyderabad,0,2227.0,95,24,6,2019,20,5,21,40,24,6,2019
IndiGo,Chennai,Kolkata,0,3597.0,140,6,9,2019,14,45,17,5,6,9,2019
Jet Airways,Delhi,Cochin,1,14714.0,865,6,6,2019,14,0,4,25,6,7,2019
SpiceJet,Kolkata,Banglore,0,4622.0,150,3,9,2019,17,15,19,45,3,9,2019
Jet Airways,Delhi,Cochin,2,15129.0,1375,5,1,2019,5,30,4,25,5,2,2019
IndiGo,Chennai,Kolkata,0,5277.0,140,15,6,2019,22,5,0,25,16,6,2019
Multiple carriers,Delhi,Cochin,1,11667.0,590,27,3,2019,9,0,18,50,27,3,2019
Jet Airways,Kolkata,Banglore,1,10539.0,1570,6,9,2019,17,0,19,10,6,10,2019
Jet Airways,Kolkata,Banglore,1,11467.0,1080,5,9,2019,20,25,14,25,5,10,2019
Air India,Delhi,Cochin,1,7480.0,965,6,12,2019,17,20,9,25,13,6,2019
GoAir,Banglore,Delhi,0,3419.0,165,24,4,2019,20,55,23,40,24,4,2019
IndiGo,Delhi,Cochin,1,5684.0,895,27,6,2019,10,35,1,30,28,6,2019
IndiGo,Kolkata,Banglore,1,6218.0,325,6,12,2019,18,5,23,30,6,12,2019
Jet Airways,Kolkata,Banglore,1,6959.0,520,6,12,2019,20,0,4,40,13,6,2019
Vistara,Banglore,Delhi,0,4878.0,165,6,12,2019,19,30,22,15,6,12,2019
Air India,Kolkata,Banglore,2,12219.0,1345,4,1,2019,7,0,5,25,4,2,2019
Jet Airways,Kolkata,Banglore,1,12384.0,800,21,5,2019,20,25,9,45,22,5,2019
Jet Airways,Delhi,Cochin,0,7202.0,195,15,6,2019,11,0,14,15,15,6,2019
SpiceJet,Kolkata,Banglore,0,4174.0,150,6,1,2019,17,10,19,40,6,1,2019
Air India,Mumbai,Hyderabad,0,3100.0,85,5,12,2019,15,0,16,25,5,12,2019
Jet Airways,Banglore,Delhi,1,7832.0,380,21,3,2019,8,55,15,15,21,3,2019
Multiple carriers,Delhi,Cochin,1,6723.0,455,6,9,2019,14,55,22,30,6,9,2019
Air India,Kolkata,Banglore,2,10697.0,1415,6,6,2019,8,20,7,55,6,7,2019
SpiceJet,Kolkata,Banglore,0,3841.0,140,6,1,2019,22,20,0,40,6,2,2019
Air India,Kolkata,Banglore,2,9920.0,1155,4,1,2019,16,45,12,0,4,2,2019
IndiGo,Banglore,Delhi,0,12649.0,175,3,1,2019,18,25,21,20,3,1,2019
IndiGo,Delhi,Cochin,1,6093.0,575,6,6,2019,11,25,21,0,6,6,2019
Jet Airways,Delhi,Cochin,2,15129.0,1375,27,5,2019,5,30,4,25,28,5,2019
Jet Airways,Banglore,Delhi,0,4544.0,180,27,4,2019,17,45,20,45,27,4,2019
Air India,Kolkata,Banglore,0,5170.0,150,27,3,2019,14,15,16,45,27,3,2019
IndiGo,Mumbai,Hyderabad,0,2754.0,90,6,9,2019,2,35,4,5,6,9,2019
Air India,Mumbai,Hyderabad,0,3100.0,90,6,12,2019,13,55,15,25,6,12,2019
Air India,Kolkata,Banglore,2,9237.0,1830,4,1,2019,16,45,23,15,4,2,2019
Multiple carriers,Delhi,Cochin,1,7198.0,750,15,6,2019,13,0,1,30,16,6,2019
Jet Airways,Delhi,Cochin,1,10262.0,1505,6,1,2019,11,30,12,35,6,2,2019
SpiceJet,Delhi,Cochin,1,5111.0,360,27,3,2019,15,55,21,55,27,3,2019
Air India,Delhi,Cochin,2,10441.0,1275,27,6,2019,22,0,19,15,28,6,2019
Multiple carriers,Delhi,Cochin,1,10261.0,630,6,1,2019,8,45,19,15,6,1,2019
IndiGo,Chennai,Kolkata,0,6297.0,140,3,9,2019,19,35,21,55,3,9,2019
Multiple carriers,Delhi,Cochin,1,12192.0,910,15,6,2019,3,50,19,0,15,6,2019
IndiGo,Banglore,Delhi,0,3943.0,170,15,6,2019,10,10,13,0,15,6,2019
Jet Airways,Delhi,Cochin,2,16274.0,425,27,5,2019,5,30,12,35,27,5,2019
Jet Airways,Delhi,Cochin,1,12898.0,330,21,5,2019,7,5,12,35,21,5,2019
SpiceJet,Banglore,Delhi,0,3311.0,160,15,5,2019,5,55,8,35,15,5,2019
Multiple carriers,Delhi,Cochin,1,9103.0,460,21,5,2019,4,55,12,35,21,5,2019
IndiGo,Kolkata,Banglore,0,4148.0,165,15,3,2019,22,10,0,55,16,3,2019
IndiGo,Kolkata,Banglore,0,5224.0,155,6,9,2019,15,30,18,5,6,9,2019
IndiGo,Kolkata,Banglore,0,4804.0,155,5,9,2019,4,40,7,15,5,9,2019
IndiGo,Chennai,Kolkata,0,3597.0,140,6,6,2019,19,35,21,55,6,6,2019
IndiGo,Kolkata,Banglore,0,4804.0,155,27,6,2019,11,30,14,5,27,6,2019
Jet Airways,Mumbai,Hyderabad,0,4995.0,90,5,6,2019,10,20,11,50,5,6,2019
SpiceJet,Kolkata,Banglore,0,3873.0,145,4,9,2019,9,0,11,25,4,9,2019
Jet Airways,Delhi,Cochin,1,10262.0,805,6,1,2019,15,0,4,25,6,2,2019
Jet Airways,Mumbai,Hyderabad,0,3210.0,90,18,6,2019,19,35,21,5,18,6,2019
GoAir,Delhi,Cochin,1,6276.0,365,6,9,2019,7,30,13,35,6,9,2019
Jet Airways,Banglore,Delhi,1,9134.0,650,3,9,2019,21,25,8,15,13,3,2019
Jet Airways,Banglore,Delhi,1,11087.0,1100,3,12,2019,18,55,13,15,13,3,2019
Jet Airways,Kolkata,Banglore,1,13941.0,875,5,1,2019,14,5,4,40,5,2,2019
Air India,Delhi,Cochin,0,5201.0,170,6,3,2019,5,10,8,0,6,3,2019
IndiGo,Delhi,Cochin,1,6171.0,665,24,4,2019,5,5,16,10,24,4,2019
Air Asia,Kolkata,Banglore,0,5964.0,150,3,1,2019,19,35,22,5,3,1,2019
Jet Airways,Delhi,Cochin,2,15129.0,1430,27,5,2019,19,10,19,0,28,5,2019
Jet Airways,Delhi,Cochin,2,13029.0,1615,18,5,2019,9,40,12,35,19,5,2019
Jet Airways,Banglore,Delhi,0,4030.0,180,27,5,2019,8,20,11,20,27,5,2019
GoAir,Kolkata,Banglore,1,10586.0,455,18,5,2019,16,40,0,15,19,5,2019
Air India,Mumbai,Hyderabad,2,17926.0,1910,3,6,2019,11,35,19,25,3,7,2019
Jet Airways,Delhi,Cochin,0,9564.0,195,6,6,2019,11,0,14,15,6,6,2019
Jet Airways,Kolkata,Banglore,1,8355.0,435,15,5,2019,10,20,17,35,15,5,2019
Multiple carriers,Delhi,Cochin,1,6795.0,910,6,6,2019,10,20,1,30,6,7,2019
Air India,Delhi,Cochin,1,10671.0,1125,15,5,2019,13,30,8,15,16,5,2019
Air India,Delhi,Cochin,2,10178.0,1100,27,3,2019,13,20,7,40,28,3,2019
Vistara,Kolkata,Banglore,1,7927.0,1555,6,12,2019,7,10,9,5,13,6,2019
Air India,Mumbai,Hyderabad,0,3100.0,90,18,5,2019,13,55,15,25,18,5,2019
Air India,Delhi,Cochin,2,12646.0,1410,3,6,2019,19,45,19,15,3,7,2019
IndiGo,Delhi,Cochin,1,7894.0,300,3,6,2019,5,5,10,5,3,6,2019
IndiGo,Banglore,Delhi,0,3943.0,165,24,6,2019,1,30,4,15,24,6,2019
Multiple carriers,Delhi,Cochin,1,7575.0,470,5,9,2019,11,25,19,15,5,9,2019
Jet Airways,Delhi,Cochin,2,16914.0,2300,3,6,2019,5,25,19,45,3,7,2019
Vistara,Delhi,Cochin,0,6216.0,190,24,6,2019,14,40,17,50,24,6,2019
IndiGo,Delhi,Cochin,1,6147.0,310,21,5,2019,17,5,22,15,21,5,2019
IndiGo,Delhi,Cochin,1,6979.0,480,15,5,2019,17,30,1,30,16,5,2019
Air India,Delhi,Cochin,0,6094.0,185,27,5,2019,18,5,21,10,27,5,2019
Jet Airways,Delhi,Cochin,1,12242.0,455,27,3,2019,20,50,4,25,28,3,2019
Air India,Kolkata,Banglore,2,9416.0,590,6,12,2019,12,0,21,50,6,12,2019
Air India,Delhi,Cochin,2,7107.0,1210,21,3,2019,13,15,9,25,22,3,2019
Jet Airways,Delhi,Cochin,2,13292.0,1295,6,9,2019,21,25,19,0,6,10,2019
IndiGo,Chennai,Kolkata,0,7295.0,140,3,3,2019,7,55,10,15,3,3,2019
IndiGo,Banglore,Delhi,0,4423.0,175,18,4,2019,0,30,3,25,18,4,2019
IndiGo,Banglore,Delhi,0,5694.0,170,24,3,2019,23,30,2,20,28,3,2019
Jet Airways,Banglore,Delhi,1,8147.0,280,24,3,2019,5,45,10,25,24,3,2019
Multiple carriers,Delhi,Cochin,1,13377.0,750,27,5,2019,13,0,1,30,28,5,2019
Jet Airways,Banglore,Delhi,1,13502.0,640,3,6,2019,14,5,0,45,3,7,2019
Jet Airways,Delhi,Cochin,2,13764.0,1365,3,9,2019,5,40,4,25,3,10,2019
Jet Airways,Kolkata,Banglore,1,12692.0,1005,6,6,2019,17,0,9,45,6,7,2019
IndiGo,Kolkata,Banglore,0,4804.0,155,18,5,2019,17,15,19,50,18,5,2019
Jet Airways,Kolkata,Banglore,1,7064.0,1495,4,1,2019,8,25,9,20,4,2,2019
Jet Airways,Delhi,Cochin,1,14924.0,330,24,6,2019,7,5,12,35,24,6,2019
IndiGo,Kolkata,Banglore,0,6565.0,155,3,1,2019,15,20,17,55,3,1,2019
Air India,Delhi,Cochin,2,9863.0,1595,18,5,2019,16,40,19,15,19,5,2019
IndiGo,Delhi,Cochin,1,7725.0,300,3,6,2019,16,0,21,0,3,6,2019
Air India,Delhi,Cochin,2,11281.0,1275,15,5,2019,22,0,19,15,16,5,2019
Jet Airways,Mumbai,Hyderabad,0,3210.0,90,21,5,2019,19,35,21,5,21,5,2019
Air India,Kolkata,Banglore,1,6117.0,580,5,1,2019,19,0,4,40,5,2,2019
Jet Airways,Delhi,Cochin,1,10262.0,745,24,6,2019,16,0,4,25,25,6,2019
IndiGo,Banglore,Delhi,0,3943.0,170,4,1,2019,4,0,6,50,4,1,2019
Jet Airways,Kolkata,Banglore,1,12576.0,585,6,12,2019,18,55,4,40,13,6,2019
Air Asia,Delhi,Cochin,1,7452.0,330,21,4,2019,7,55,13,25,21,4,2019
Jet Airways,Kolkata,Banglore,1,14781.0,590,5,1,2019,6,30,16,20,5,1,2019
Air India,Kolkata,Banglore,1,8996.0,245,6,12,2019,9,10,13,15,6,12,2019
Air India,Delhi,Cochin,1,11563.0,1125,3,6,2019,13,30,8,15,3,7,2019
IndiGo,Banglore,Delhi,0,4777.0,170,3,9,2019,4,0,6,50,3,9,2019
IndiGo,Kolkata,Banglore,0,4174.0,155,4,9,2019,15,30,18,5,4,9,2019
SpiceJet,Kolkata,Banglore,0,3841.0,150,6,6,2019,17,10,19,40,6,6,2019
Jet Airways,Delhi,Cochin,2,13775.0,605,24,6,2019,18,20,4,25,25,6,2019
Air India,Delhi,Cochin,1,5117.0,965,27,3,2019,17,20,9,25,28,3,2019
Jet Airways,Mumbai,Hyderabad,0,5678.0,90,15,6,2019,19,35,21,5,15,6,2019
Jet Airways,Delhi,Cochin,1,5177.0,300,4,1,2019,14,0,19,0,4,1,2019
SpiceJet,Delhi,Cochin,1,5975.0,295,5,9,2019,17,55,22,50,5,9,2019
IndiGo,Banglore,Delhi,0,6860.0,165,3,3,2019,0,40,3,25,3,3,2019
IndiGo,Kolkata,Banglore,0,4804.0,165,18,5,2019,9,35,12,20,18,5,2019
Multiple carriers,Delhi,Cochin,1,13377.0,840,27,6,2019,11,30,1,30,28,6,2019
Air India,Delhi,Cochin,1,8372.0,555,21,5,2019,10,0,19,15,21,5,2019
Multiple carriers,Delhi,Cochin,1,7933.0,720,6,1,2019,9,0,21,0,6,1,2019
IndiGo,Mumbai,Hyderabad,0,4049.0,90,15,5,2019,6,25,7,55,15,5,2019
Air India,Banglore,Delhi,0,11423.0,165,3,3,2019,10,0,12,45,3,3,2019
Jet Airways,Kolkata,Banglore,1,10844.0,1285,15,5,2019,18,55,16,20,16,5,2019
Jet Airways,Delhi,Cochin,2,12819.0,2565,21,3,2019,9,40,4,25,23,3,2019
SpiceJet,Banglore,Delhi,0,5621.0,175,18,4,2019,21,10,0,5,19,4,2019
Air India,Banglore,Delhi,0,5228.0,165,5,9,2019,17,0,19,45,5,9,2019
Jet Airways,Delhi,Cochin,2,9254.0,2300,27,3,2019,5,25,19,45,28,3,2019
IndiGo,Mumbai,Hyderabad,0,4392.0,90,5,1,2019,6,25,7,55,5,1,2019
Jet Airways,Mumbai,Hyderabad,0,8040.0,90,21,3,2019,10,20,11,50,21,3,2019
Air Asia,Banglore,Delhi,0,4483.0,165,27,4,2019,11,10,13,55,27,4,2019
Air India,Delhi,Cochin,2,12760.0,1420,3,3,2019,9,45,9,25,3,4,2019
Jet Airways,Banglore,Delhi,0,7229.0,175,15,5,2019,15,15,18,10,15,5,2019
Vistara,Banglore,Delhi,0,5403.0,160,24,4,2019,7,0,9,40,24,4,2019
Air India,Delhi,Cochin,1,7934.0,735,21,3,2019,7,0,19,15,21,3,2019
GoAir,Kolkata,Banglore,1,6945.0,495,15,5,2019,23,30,7,45,16,5,2019
SpiceJet,Banglore,Delhi,0,4423.0,170,4,6,2019,9,30,12,20,4,6,2019
Jet Airways,Mumbai,Hyderabad,0,8040.0,85,15,3,2019,7,10,8,35,15,3,2019
Jet Airways,Delhi,Cochin,1,11399.0,660,5,9,2019,8,0,19,0,5,9,2019
Jet Airways,Delhi,Cochin,0,7202.0,195,21,4,2019,11,0,14,15,21,4,2019
Multiple carriers,Delhi,Cochin,1,13727.0,570,5,9,2019,11,30,21,0,5,9,2019
SpiceJet,Delhi,Cochin,1,4957.0,295,24,6,2019,17,55,22,50,24,6,2019
Jet Airways,Delhi,Cochin,1,10262.0,360,6,3,2019,13,0,19,0,6,3,2019
SpiceJet,Mumbai,Hyderabad,0,2017.0,90,4,3,2019,5,45,7,15,4,3,2019
Jet Airways,Delhi,Cochin,1,12242.0,610,27,3,2019,18,15,4,25,28,3,2019
Jet Airways,Mumbai,Hyderabad,0,10875.0,90,3,1,2019,10,20,11,50,3,1,2019
Jet Airways,Kolkata,Banglore,1,10844.0,400,6,9,2019,14,5,20,45,6,9,2019
Air Asia,Kolkata,Banglore,0,4409.0,155,6,3,2019,10,20,12,55,6,3,2019
Air India,Banglore,Delhi,1,6987.0,985,21,3,2019,6,55,23,20,21,3,2019
Jet Airways,Delhi,Cochin,2,12074.0,1365,27,3,2019,5,40,4,25,28,3,2019
Multiple carriers,Delhi,Cochin,1,7354.0,470,6,6,2019,11,25,19,15,6,6,2019
Air India,Delhi,Cochin,2,13381.0,1580,6,3,2019,16,55,19,15,6,4,2019
Air India,Delhi,Cochin,0,5201.0,170,15,6,2019,5,10,8,0,15,6,2019
Jet Airways,Kolkata,Banglore,1,9663.0,1170,5,1,2019,16,30,12,0,5,2,2019
Air India,Delhi,Cochin,0,6094.0,185,5,9,2019,18,5,21,10,5,9,2019
Jet Airways,Delhi,Cochin,0,7202.0,195,5,12,2019,11,0,14,15,5,12,2019
Vistara,Chennai,Kolkata,0,11982.0,140,6,6,2019,17,45,20,5,6,6,2019
Jet Airways,Banglore,Delhi,1,7832.0,550,21,3,2019,7,0,16,10,21,3,2019
Air India,Chennai,Kolkata,0,7817.0,135,3,9,2019,11,40,13,55,3,9,2019
Jet Airways,Delhi,Cochin,1,12373.0,360,18,5,2019,13,0,19,0,18,5,2019
Jet Airways,Kolkata,Banglore,1,10844.0,590,18,5,2019,8,25,18,15,18,5,2019
Jet Airways,Delhi,Cochin,2,13376.0,1790,6,9,2019,6,45,12,35,6,10,2019
Multiple carriers,Delhi,Cochin,1,9646.0,385,27,6,2019,9,45,16,10,27,6,2019
SpiceJet,Kolkata,Banglore,0,3841.0,140,6,6,2019,22,20,0,40,6,7,2019
SpiceJet,Delhi,Cochin,1,4957.0,375,21,3,2019,16,35,22,50,21,3,2019
IndiGo,Kolkata,Banglore,0,4148.0,160,3,9,2019,21,25,0,5,3,10,2019
Jet Airways,Banglore,Delhi,1,26890.0,375,3,1,2019,22,50,5,5,3,2,2019
Jet Airways,Delhi,Cochin,2,8834.0,1475,27,3,2019,19,10,19,45,28,3,2019
IndiGo,Delhi,Cochin,1,5241.0,345,24,4,2019,2,0,7,45,24,4,2019
Jet Airways,Delhi,Cochin,0,7989.0,195,27,5,2019,11,0,14,15,27,5,2019
IndiGo,Delhi,Cochin,1,5883.0,895,6,12,2019,10,35,1,30,13,6,2019
Air Asia,Kolkata,Banglore,1,6857.0,220,18,5,2019,6,50,10,30,18,5,2019
SpiceJet,Banglore,Delhi,1,5822.0,485,15,3,2019,15,35,23,40,15,3,2019
Jet Airways,Delhi,Cochin,1,10262.0,805,6,9,2019,15,0,4,25,6,10,2019
Jet Airways,Mumbai,Hyderabad,0,4995.0,85,6,12,2019,7,5,8,30,6,12,2019
SpiceJet,Banglore,Delhi,0,4991.0,170,21,4,2019,9,30,12,20,21,4,2019
Jet Airways,Banglore,Delhi,1,16736.0,935,3,6,2019,5,45,21,20,3,6,2019
Jet Airways,Delhi,Cochin,2,18804.0,440,6,12,2019,11,40,19,0,6,12,2019
IndiGo,Delhi,Cochin,1,6442.0,835,6,1,2019,8,35,22,30,6,1,2019
Air India,Kolkata,Banglore,0,5170.0,150,18,3,2019,14,15,16,45,18,3,2019
SpiceJet,Banglore,Delhi,0,4377.0,170,18,3,2019,20,30,23,20,18,3,2019
Jet Airways,Delhi,Cochin,0,9564.0,195,6,9,2019,11,0,14,15,6,9,2019
SpiceJet,Banglore,Delhi,0,3573.0,160,27,6,2019,5,55,8,35,27,6,2019
Jet Airways,Delhi,Cochin,1,17024.0,1575,3,6,2019,17,30,19,45,3,7,2019
Air Asia,Banglore,Delhi,0,3383.0,170,21,5,2019,4,55,7,45,21,5,2019
Jet Airways,Banglore,Delhi,1,27992.0,375,3,1,2019,14,5,20,20,3,1,2019
Jet Airways,Banglore,Delhi,0,7229.0,180,5,12,2019,8,20,11,20,5,12,2019
Jet Airways,Banglore,Delhi,1,9134.0,280,15,3,2019,5,45,10,25,15,3,2019
Air India,Mumbai,Hyderabad,0,3100.0,85,21,6,2019,15,0,16,25,21,6,2019
Multiple carriers,Delhi,Cochin,1,13727.0,720,15,5,2019,9,0,21,0,15,5,2019
Vistara,Kolkata,Banglore,1,8452.0,790,4,1,2019,7,10,20,20,4,1,2019
Jet Airways,Delhi,Cochin,1,14714.0,540,6,3,2019,10,0,19,0,6,3,2019
Jet Airways,Banglore,Delhi,1,7280.0,370,15,3,2019,9,45,15,55,15,3,2019
Air India,Mumbai,Hyderabad,2,18797.0,205,3,6,2019,13,30,16,55,3,6,2019
IndiGo,Mumbai,Hyderabad,0,2754.0,90,6,3,2019,12,0,13,30,6,3,2019
Air Asia,Kolkata,Banglore,0,4409.0,150,6,3,2019,22,50,1,20,6,4,2019
IndiGo,Delhi,Cochin,0,5021.0,195,27,4,2019,14,20,17,35,27,4,2019
Jet Airways,Mumbai,Hyderabad,0,8040.0,90,3,9,2019,6,30,8,0,3,9,2019
Air India,Delhi,Cochin,1,10454.0,615,15,6,2019,9,0,19,15,15,6,2019
Multiple carriers,Delhi,Cochin,1,10197.0,525,15,5,2019,3,50,12,35,15,5,2019
Air India,Banglore,Delhi,0,5228.0,165,5,12,2019,6,10,8,55,5,12,2019
Jet Airways,Delhi,Cochin,1,14714.0,300,6,9,2019,14,0,19,0,6,9,2019
Air India,Banglore,Delhi,0,7276.0,165,15,3,2019,6,10,8,55,15,3,2019
IndiGo,Delhi,Cochin,1,7731.0,355,27,3,2019,2,35,8,30,27,3,2019
Air Asia,Kolkata,Banglore,1,6857.0,215,18,5,2019,19,55,23,30,18,5,2019
Air India,Banglore,Delhi,0,6961.0,180,18,6,2019,5,45,8,45,18,6,2019
Jet Airways,Delhi,Cochin,2,7791.0,1060,21,3,2019,10,45,4,25,22,3,2019
IndiGo,Banglore,Delhi,0,4777.0,170,21,3,2019,10,10,13,0,21,3,2019
Jet Airways,Delhi,Cochin,1,16289.0,550,3,9,2019,19,15,4,25,3,10,2019
Jet Airways,Kolkata,Banglore,1,12681.0,585,4,1,2019,18,55,4,40,4,2,2019
IndiGo,Banglore,Delhi,0,4823.0,175,27,4,2019,18,25,21,20,27,4,2019
Jet Airways,Delhi,Cochin,2,13014.0,1615,6,9,2019,9,40,12,35,6,10,2019
Jet Airways,Delhi,Cochin,1,5406.0,715,4,6,2019,7,5,19,0,4,6,2019
Multiple carriers,Delhi,Cochin,1,9315.0,690,15,5,2019,7,30,19,0,15,5,2019
Air India,Delhi,Cochin,1,7480.0,1255,5,9,2019,12,30,9,25,5,10,2019
Jet Airways,Banglore,Delhi,1,14815.0,305,18,3,2019,14,5,19,10,18,3,2019
Air India,Kolkata,Banglore,1,12173.0,1185,24,3,2019,20,30,16,15,25,3,2019
Air India,Banglore,Delhi,2,7664.0,1075,15,3,2019,5,50,23,45,15,3,2019
Air India,Delhi,Cochin,2,12777.0,1560,6,6,2019,17,15,19,15,6,7,2019
Multiple carriers,Delhi,Cochin,1,8837.0,705,27,5,2019,7,30,19,15,27,5,2019
Jet Airways,Kolkata,Banglore,1,10844.0,775,5,1,2019,21,10,10,5,5,2,2019
Jet Airways,Kolkata,Banglore,1,14571.0,800,24,5,2019,6,30,19,50,24,5,2019
IndiGo,Delhi,Cochin,1,6093.0,810,15,6,2019,7,30,21,0,15,6,2019
IndiGo,Delhi,Cochin,1,7514.0,455,3,6,2019,8,35,16,10,3,6,2019
IndiGo,Delhi,Cochin,0,6015.0,195,18,5,2019,14,25,17,40,18,5,2019
Jet Airways,Delhi,Cochin,1,12898.0,1105,21,5,2019,10,0,4,25,22,5,2019
Air India,Delhi,Cochin,1,8792.0,1455,6,1,2019,19,0,19,15,6,2,2019
IndiGo,Banglore,Delhi,0,4823.0,170,15,5,2019,8,30,11,20,15,5,2019
SpiceJet,Banglore,Delhi,0,3919.0,160,4,1,2019,5,55,8,35,4,1,2019
IndiGo,Chennai,Kolkata,0,3597.0,140,5,1,2019,13,15,15,35,5,1,2019
SpiceJet,Mumbai,Hyderabad,0,2017.0,90,21,5,2019,5,45,7,15,21,5,2019
Air Asia,Banglore,Delhi,0,3383.0,170,27,6,2019,23,55,2,45,28,6,2019
SpiceJet,Mumbai,Hyderabad,0,1965.0,90,18,6,2019,22,45,0,15,19,6,2019
Jet Airways,Delhi,Cochin,1,10262.0,620,24,6,2019,2,15,12,35,24,6,2019
Jet Airways,Delhi,Cochin,1,17234.0,745,3,3,2019,16,0,4,25,3,4,2019
Jet Airways,Kolkata,Banglore,1,14178.0,520,6,9,2019,20,0,4,40,6,10,2019
IndiGo,Delhi,Cochin,1,5636.0,325,6,3,2019,2,0,7,25,6,3,2019
IndiGo,Banglore,Delhi,0,4823.0,175,15,4,2019,18,55,21,50,15,4,2019
Air India,Delhi,Cochin,1,7480.0,1255,21,5,2019,12,30,9,25,22,5,2019
Jet Airways,Kolkata,Banglore,1,14571.0,1285,6,9,2019,18,55,16,20,6,10,2019
IndiGo,Mumbai,Hyderabad,0,13999.0,90,3,1,2019,9,10,10,40,3,1,2019
Jet Airways,Kolkata,Banglore,1,14151.0,1480,18,5,2019,20,25,21,5,19,5,2019
Air India,Banglore,Delhi,0,6121.0,170,5,1,2019,21,5,23,55,5,1,2019
SpiceJet,Chennai,Kolkata,0,3543.0,135,24,5,2019,8,20,10,35,24,5,2019
Air India,Delhi,Cochin,2,10651.0,1410,18,5,2019,19,45,19,15,19,5,2019
Jet Airways,Delhi,Cochin,2,15129.0,1760,21,5,2019,23,5,4,25,23,5,2019
IndiGo,Delhi,Cochin,1,6582.0,315,24,6,2019,7,15,12,30,24,6,2019
Jet Airways,Delhi,Cochin,2,15544.0,425,27,5,2019,5,30,12,35,27,5,2019
IndiGo,Delhi,Cochin,1,8574.0,420,27,3,2019,18,35,1,35,28,3,2019
IndiGo,Mumbai,Hyderabad,0,4784.0,90,3,9,2019,2,30,4,0,3,9,2019
IndiGo,Delhi,Cochin,1,6818.0,425,6,3,2019,5,5,12,10,6,3,2019
Jet Airways,Banglore,Delhi,1,25735.0,1165,3,1,2019,14,5,9,30,3,2,2019
Jet Airways,Delhi,Cochin,2,9483.0,1775,4,9,2019,13,25,19,0,4,10,2019
Jet Airways,Delhi,Cochin,2,10368.0,1025,24,6,2019,19,30,12,35,25,6,2019
Multiple carriers,Delhi,Cochin,1,8073.0,720,15,5,2019,9,0,21,0,15,5,2019
IndiGo,Kolkata,Banglore,0,4778.0,165,3,1,2019,22,10,0,55,3,2,2019
Jet Airways,Kolkata,Banglore,1,13941.0,520,18,5,2019,20,0,4,40,19,5,2019
Jet Airways,Kolkata,Banglore,1,10844.0,365,5,1,2019,16,30,22,35,5,1,2019
Jet Airways,Kolkata,Banglore,1,10844.0,800,5,9,2019,6,30,19,50,5,9,2019
SpiceJet,Kolkata,Banglore,0,3841.0,145,24,5,2019,9,0,11,25,24,5,2019
Jet Airways,Kolkata,Banglore,1,10844.0,590,15,5,2019,6,30,16,20,15,5,2019
Jet Airways,Delhi,Cochin,2,8728.0,820,27,3,2019,5,10,18,50,27,3,2019
Jet Airways,Kolkata,Banglore,1,11467.0,1080,5,1,2019,20,25,14,25,5,2,2019
Multiple carriers,Delhi,Cochin,1,15078.0,390,3,6,2019,9,0,15,30,3,6,2019
Multiple carriers,Delhi,Cochin,1,7198.0,510,6,6,2019,17,0,1,30,6,7,2019
Air India,Delhi,Cochin,1,8372.0,640,24,6,2019,21,0,7,40,25,6,2019
Multiple carriers,Delhi,Cochin,1,7308.0,570,27,5,2019,16,0,1,30,28,5,2019
SpiceJet,Delhi,Cochin,1,4414.0,270,27,3,2019,8,45,13,15,27,3,2019
IndiGo,Kolkata,Banglore,0,5224.0,150,18,4,2019,14,25,16,55,18,4,2019
Jet Airways,Banglore,Delhi,1,7832.0,625,21,3,2019,5,45,16,10,21,3,2019
IndiGo,Banglore,Delhi,0,6860.0,165,3,9,2019,1,30,4,15,3,9,2019
Multiple carriers,Delhi,Cochin,1,15136.0,755,3,6,2019,13,0,1,35,3,7,2019
Jet Airways,Delhi,Cochin,1,5963.0,1665,27,3,2019,16,0,19,45,28,3,2019
Air India,Delhi,Cochin,2,8665.0,1305,27,3,2019,21,30,19,15,28,3,2019
Jet Airways,Delhi,Cochin,2,15129.0,1760,21,5,2019,23,5,4,25,23,5,2019
SpiceJet,Kolkata,Banglore,0,3841.0,150,18,5,2019,17,10,19,40,18,5,2019
Multiple carriers,Delhi,Cochin,1,13377.0,930,6,9,2019,10,0,1,30,6,10,2019
Jet Airways,Delhi,Cochin,2,16914.0,1380,3,9,2019,5,25,4,25,3,10,2019
Jet Airways,Delhi,Cochin,1,10262.0,1005,6,9,2019,2,15,19,0,6,9,2019
IndiGo,Kolkata,Banglore,1,5386.0,280,5,9,2019,17,35,22,15,5,9,2019
Jet Airways,Kolkata,Banglore,1,14388.0,450,15,5,2019,21,10,4,40,16,5,2019
Jet Airways,Delhi,Cochin,2,15129.0,810,27,5,2019,5,30,19,0,27,5,2019
IndiGo,Delhi,Cochin,1,6442.0,635,15,5,2019,11,55,22,30,15,5,2019
Jet Airways,Delhi,Cochin,2,10368.0,1025,6,3,2019,19,30,12,35,6,4,2019
Jet Airways,Delhi,Cochin,1,12767.0,1670,21,3,2019,15,0,18,50,22,3,2019
Jet Airways,Delhi,Cochin,1,10262.0,805,6,6,2019,15,0,4,25,6,7,2019
Multiple carriers,Delhi,Cochin,1,7408.0,780,6,12,2019,8,0,21,0,6,12,2019
Multiple carriers,Delhi,Cochin,1,13587.0,660,27,6,2019,10,0,21,0,27,6,2019
Air India,Kolkata,Banglore,1,8891.0,905,15,5,2019,16,50,7,55,16,5,2019
IndiGo,Delhi,Cochin,1,5883.0,895,6,6,2019,10,35,1,30,6,7,2019
Jet Airways,Delhi,Cochin,1,10262.0,1415,27,6,2019,13,0,12,35,28,6,2019
Jet Airways,Kolkata,Banglore,1,10844.0,1415,6,9,2019,21,10,20,45,6,10,2019
Jet Airways,Kolkata,Banglore,1,14781.0,800,5,9,2019,6,30,19,50,5,9,2019
IndiGo,Chennai,Kolkata,0,6297.0,145,15,3,2019,14,40,17,5,15,3,2019
Air Asia,Kolkata,Banglore,0,4409.0,150,5,12,2019,22,50,1,20,13,5,2019
Air India,Delhi,Cochin,2,12383.0,500,6,9,2019,10,55,19,15,6,9,2019
SpiceJet,Mumbai,Hyderabad,0,2017.0,90,5,3,2019,13,15,14,45,5,3,2019
Air India,Mumbai,Hyderabad,1,12308.0,850,3,6,2019,19,0,9,10,3,7,2019
SpiceJet,Chennai,Kolkata,0,3384.0,140,18,3,2019,17,45,20,5,18,3,2019
Jet Airways,Banglore,Delhi,1,9134.0,435,15,3,2019,8,55,16,10,15,3,2019
IndiGo,Delhi,Cochin,1,7464.0,325,18,5,2019,2,0,7,25,18,5,2019
Multiple carriers,Delhi,Cochin,1,6093.0,540,27,4,2019,7,10,16,10,27,4,2019
Multiple carriers,Delhi,Cochin,1,15237.0,890,3,3,2019,4,0,18,50,3,3,2019
Jet Airways,Mumbai,Hyderabad,0,4995.0,85,5,1,2019,7,5,8,30,5,1,2019
Air India,Delhi,Cochin,0,6934.0,180,24,5,2019,14,10,17,10,24,5,2019
Jet Airways,Kolkata,Banglore,1,13784.0,775,4,1,2019,21,10,10,5,4,2,2019
Air Asia,Kolkata,Banglore,0,4409.0,155,15,6,2019,10,20,12,55,15,6,2019
Multiple carriers,Delhi,Cochin,1,15898.0,375,27,5,2019,13,0,19,15,27,5,2019
Air India,Delhi,Cochin,2,11989.0,1560,21,5,2019,17,15,19,15,22,5,2019
SpiceJet,Mumbai,Hyderabad,0,2017.0,90,6,3,2019,13,15,14,45,6,3,2019
Multiple carriers,Delhi,Cochin,1,11098.0,845,6,1,2019,4,55,19,0,6,1,2019
IndiGo,Delhi,Cochin,1,6794.0,480,21,5,2019,17,30,1,30,22,5,2019
Jet Airways,Kolkata,Banglore,1,10844.0,730,5,1,2019,21,10,9,20,5,2,2019
Multiple carriers,Delhi,Cochin,2,34608.0,630,3,9,2019,15,5,1,35,3,10,2019
Air India,Delhi,Cochin,0,6094.0,180,15,5,2019,14,10,17,10,15,5,2019
IndiGo,Kolkata,Banglore,1,4565.0,315,5,9,2019,15,15,20,30,5,9,2019
Air India,Delhi,Cochin,3,10493.0,2280,27,5,2019,5,15,19,15,28,5,2019
Air India,Delhi,Cochin,2,9653.0,1410,27,6,2019,19,45,19,15,28,6,2019
Air India,Banglore,Delhi,2,12305.0,1670,18,3,2019,6,45,10,35,16,3,2019
Air India,Banglore,Delhi,0,6961.0,165,15,5,2019,10,0,12,45,15,5,2019
Multiple carriers,Delhi,Cochin,1,9794.0,395,15,5,2019,6,0,12,35,15,5,2019
Multiple carriers,Delhi,Cochin,1,13377.0,480,27,5,2019,17,30,1,30,28,5,2019
Jet Airways,Delhi,Cochin,1,12898.0,1005,27,5,2019,2,15,19,0,27,5,2019
Multiple carriers,Delhi,Cochin,1,7155.0,470,27,6,2019,11,25,19,15,27,6,2019
Multiple carriers,Delhi,Cochin,1,13377.0,630,24,6,2019,15,0,1,30,25,6,2019
Vistara,Banglore,Delhi,0,4668.0,170,5,3,2019,11,30,14,20,5,3,2019
IndiGo,Banglore,Delhi,1,8110.0,290,3,1,2019,7,30,12,20,3,1,2019
Jet Airways,Banglore,Delhi,0,4544.0,180,4,6,2019,8,20,11,20,4,6,2019
Air India,Delhi,Cochin,2,9653.0,1595,27,6,2019,16,40,19,15,28,6,2019
Jet Airways,Kolkata,Banglore,1,14781.0,590,5,1,2019,8,25,18,15,5,1,2019
Vistara Premium economy,Banglore,Delhi,0,5969.0,170,4,6,2019,11,30,14,20,4,6,2019
SpiceJet,Mumbai,Hyderabad,0,2017.0,90,4,3,2019,13,15,14,45,4,3,2019
Jet Airways,Kolkata,Banglore,1,14151.0,395,6,6,2019,17,0,23,35,6,6,2019
Jet Airways,Kolkata,Banglore,1,13731.0,730,6,9,2019,16,30,4,40,6,10,2019
Jet Airways,Delhi,Cochin,1,15400.0,590,3,3,2019,9,0,18,50,3,3,2019
Jet Airways,Kolkata,Banglore,1,8066.0,1520,5,9,2019,9,35,10,55,5,10,2019
Jet Airways,Delhi,Cochin,2,21314.0,2230,3,3,2019,5,40,18,50,3,4,2019
Air India,Banglore,Delhi,1,14069.0,700,3,1,2019,11,5,22,45,3,1,2019
Jet Airways,Mumbai,Hyderabad,0,2470.0,90,15,3,2019,15,50,17,20,15,3,2019
IndiGo,Kolkata,Banglore,0,4804.0,155,24,4,2019,20,20,22,55,24,4,2019
Air India,Banglore,Delhi,1,9029.0,425,15,3,2019,5,50,12,55,15,3,2019
IndiGo,Kolkata,Banglore,0,4804.0,155,5,12,2019,4,40,7,15,5,12,2019
Jet Airways,Delhi,Cochin,2,15129.0,1195,5,9,2019,23,5,19,0,5,10,2019
IndiGo,Mumbai,Hyderabad,0,2754.0,85,24,3,2019,19,5,20,30,24,3,2019
Jet Airways,Kolkata,Banglore,1,13364.0,665,4,1,2019,21,10,8,15,4,2,2019
IndiGo,Kolkata,Banglore,1,6933.0,280,24,3,2019,17,35,22,15,24,3,2019
Jet Airways,Delhi,Cochin,2,15129.0,810,18,5,2019,23,5,12,35,19,5,2019
Multiple carriers,Delhi,Cochin,1,11200.0,455,6,9,2019,11,25,19,0,6,9,2019
Jet Airways,Mumbai,Hyderabad,0,3210.0,85,15,5,2019,2,55,4,20,15,5,2019
Jet Airways,Mumbai,Hyderabad,0,8040.0,90,18,6,2019,10,20,11,50,18,6,2019
Jet Airways,Delhi,Cochin,2,10919.0,830,6,12,2019,14,35,4,25,13,6,2019
IndiGo,Delhi,Cochin,1,6442.0,515,27,6,2019,7,35,16,10,27,6,2019
IndiGo,Delhi,Cochin,0,4729.0,195,4,1,2019,14,20,17,35,4,1,2019
IndiGo,Delhi,Cochin,1,6442.0,625,3,6,2019,11,55,22,20,3,6,2019
SpiceJet,Kolkata,Banglore,0,3841.0,140,6,12,2019,22,20,0,40,13,6,2019
Air India,Delhi,Cochin,2,10441.0,1410,6,3,2019,19,45,19,15,6,4,2019
Multiple carriers,Delhi,Cochin,1,13587.0,660,6,1,2019,10,0,21,0,6,1,2019
Jet Airways,Kolkata,Banglore,1,11467.0,1080,15,5,2019,20,25,14,25,16,5,2019
IndiGo,Chennai,Kolkata,0,7295.0,135,3,3,2019,13,20,15,35,3,3,2019
SpiceJet,Chennai,Kolkata,0,3597.0,135,5,1,2019,9,45,12,0,5,1,2019
Multiple carriers,Delhi,Cochin,1,7787.0,755,5,9,2019,6,40,19,15,5,9,2019
IndiGo,Delhi,Cochin,1,14871.0,860,3,6,2019,6,40,21,0,3,6,2019
IndiGo,Chennai,Kolkata,0,3540.0,165,15,6,2019,15,40,18,25,15,6,2019
IndiGo,Delhi,Cochin,1,6442.0,940,6,1,2019,6,50,22,30,6,1,2019
Air Asia,Banglore,Delhi,0,3383.0,165,24,6,2019,11,10,13,55,24,6,2019
Air Asia,Kolkata,Banglore,0,4409.0,150,18,4,2019,22,50,1,20,19,4,2019
IndiGo,Chennai,Kolkata,0,3850.0,140,5,9,2019,7,55,10,15,5,9,2019
Multiple carriers,Delhi,Cochin,1,8018.0,555,24,6,2019,13,15,22,30,24,6,2019
Jet Airways,Kolkata,Banglore,1,11467.0,1120,4,1,2019,20,25,15,5,4,2,2019
Vistara,Banglore,Delhi,0,4668.0,170,6,6,2019,11,30,14,20,6,6,2019
Jet Airways,Delhi,Cochin,2,13922.0,1525,24,6,2019,17,35,19,0,25,6,2019
Air India,Mumbai,Hyderabad,0,3625.0,80,5,6,2019,6,20,7,40,5,6,2019
Air Asia,Kolkata,Banglore,0,5989.0,150,18,5,2019,19,55,22,25,18,5,2019
IndiGo,Banglore,Delhi,0,4423.0,170,21,4,2019,4,0,6,50,21,4,2019
Jet Airways,Delhi,Cochin,0,9564.0,195,18,6,2019,9,50,13,5,18,6,2019
Jet Airways,Kolkata,Banglore,1,8529.0,1545,6,12,2019,16,30,18,15,13,6,2019
Air India,Kolkata,Banglore,0,4145.0,155,6,6,2019,20,45,23,20,6,6,2019
IndiGo,Kolkata,Banglore,0,4804.0,155,5,3,2019,17,15,19,50,5,3,2019
IndiGo,Delhi,Cochin,1,6938.0,490,6,1,2019,14,20,22,30,6,1,2019
Jet Airways,Banglore,Delhi,1,14815.0,1420,3,6,2019,8,0,7,40,3,7,2019
Multiple carriers,Delhi,Cochin,1,15077.0,705,3,6,2019,7,30,19,15,3,6,2019
Jet Airways,Delhi,Cochin,2,13014.0,560,15,6,2019,9,40,19,0,15,6,2019
Air India,Kolkata,Banglore,2,11201.0,875,6,9,2019,5,50,20,25,6,9,2019
Jet Airways,Kolkata,Banglore,1,12692.0,1295,6,6,2019,20,25,18,0,6,7,2019
Multiple carriers,Delhi,Cochin,1,9646.0,385,6,1,2019,9,45,16,10,6,1,2019
Jet Airways,Delhi,Cochin,1,16079.0,335,24,5,2019,22,50,4,25,25,5,2019
Air India,Kolkata,Banglore,2,6117.0,1555,15,5,2019,9,10,11,5,16,5,2019
Multiple carriers,Delhi,Cochin,1,6795.0,615,6,9,2019,15,15,1,30,6,10,2019
Air India,Mumbai,Hyderabad,0,3100.0,80,6,1,2019,21,5,22,25,6,1,2019
Jet Airways,Delhi,Cochin,1,15851.0,620,5,9,2019,2,15,12,35,5,9,2019
Vistara,Chennai,Kolkata,0,3687.0,135,6,6,2019,7,5,9,20,6,6,2019
IndiGo,Banglore,Delhi,0,4990.0,180,4,12,2019,16,55,19,55,4,12,2019
Jet Airways,Delhi,Cochin,1,15554.0,1425,5,9,2019,19,15,19,0,5,10,2019
Multiple carriers,Delhi,Cochin,1,9526.0,795,15,6,2019,6,0,19,15,15,6,2019
IndiGo,Delhi,Cochin,0,6015.0,195,18,5,2019,5,35,8,50,18,5,2019
Air India,Kolkata,Banglore,2,10676.0,590,5,1,2019,12,0,21,50,5,1,2019
Jet Airways,Delhi,Cochin,1,12898.0,1100,27,5,2019,18,15,12,35,28,5,2019
Jet Airways,Delhi,Cochin,2,15129.0,1760,27,5,2019,23,5,4,25,29,5,2019
Multiple carriers,Delhi,Cochin,1,13378.0,465,21,3,2019,11,30,19,15,21,3,2019
SpiceJet,Kolkata,Banglore,0,4174.0,145,6,1,2019,9,0,11,25,6,1,2019
Multiple carriers,Delhi,Cochin,1,9103.0,455,21,5,2019,11,25,19,0,21,5,2019
IndiGo,Chennai,Kolkata,0,3850.0,140,6,9,2019,7,55,10,15,6,9,2019
Vistara,Delhi,Cochin,0,6216.0,190,6,9,2019,14,40,17,50,6,9,2019
Vistara,Kolkata,Banglore,1,8610.0,385,4,1,2019,17,0,23,25,4,1,2019
Jet Airways,Kolkata,Banglore,1,10539.0,1005,6,6,2019,17,0,9,45,6,7,2019
IndiGo,Delhi,Cochin,1,6674.0,625,3,9,2019,11,55,22,20,3,9,2019
Multiple carriers,Delhi,Cochin,1,7618.0,780,24,6,2019,8,0,21,0,24,6,2019
IndiGo,Banglore,Delhi,0,3943.0,175,21,4,2019,0,30,3,25,21,4,2019
Vistara,Banglore,Delhi,0,11913.0,155,24,3,2019,16,0,18,35,24,3,2019
IndiGo,Banglore,Delhi,0,6860.0,170,3,9,2019,18,55,21,45,3,9,2019
Jet Airways,Delhi,Cochin,2,13292.0,810,6,12,2019,5,30,19,0,6,12,2019
Multiple carriers,Delhi,Cochin,1,17057.0,795,3,6,2019,2,15,15,30,3,6,2019
Jet Airways,Delhi,Cochin,2,13014.0,810,27,6,2019,5,30,19,0,27,6,2019
Air India,Delhi,Cochin,2,11552.0,2170,3,3,2019,7,5,19,15,3,4,2019
IndiGo,Chennai,Kolkata,0,6297.0,145,3,12,2019,11,35,14,0,3,12,2019
IndiGo,Chennai,Kolkata,0,4332.0,145,24,3,2019,11,35,14,0,24,3,2019
Air India,Delhi,Cochin,0,5674.0,170,21,3,2019,5,10,8,0,21,3,2019
Multiple carriers,Delhi,Cochin,1,10711.0,730,21,5,2019,7,5,19,15,21,5,2019
Jet Airways,Kolkata,Banglore,1,11467.0,505,4,1,2019,9,35,18,0,4,1,2019
Air India,Kolkata,Banglore,2,12434.0,1335,5,6,2019,16,50,15,5,5,7,2019
Air India,Delhi,Cochin,0,5201.0,185,24,6,2019,18,5,21,10,24,6,2019
Vistara,Banglore,Delhi,0,4878.0,155,18,5,2019,17,0,19,35,18,5,2019
Jet Airways,Delhi,Cochin,2,13014.0,1375,6,6,2019,5,30,4,25,6,7,2019
SpiceJet,Chennai,Kolkata,0,3597.0,135,6,6,2019,8,20,10,35,6,6,2019
Air India,Banglore,Delhi,2,12599.0,1580,3,3,2019,8,50,11,10,3,7,2019
Jet Airways,Kolkata,Banglore,1,10844.0,1660,24,5,2019,18,55,22,35,25,5,2019
Jet Airways,Delhi,Cochin,1,12898.0,1005,21,5,2019,2,15,19,0,21,5,2019
IndiGo,Banglore,Delhi,0,3943.0,170,21,6,2019,13,0,15,50,21,6,2019
Multiple carriers,Delhi,Cochin,1,7198.0,750,6,12,2019,13,0,1,30,13,6,2019
SpiceJet,Kolkata,Banglore,1,4963.0,315,18,5,2019,15,5,20,20,18,5,2019
IndiGo,Banglore,Delhi,0,12649.0,170,3,1,2019,16,55,19,45,3,1,2019
Multiple carriers,Delhi,Cochin,1,17267.0,450,3,6,2019,8,0,15,30,3,6,2019
Jet Airways,Delhi,Cochin,1,12373.0,715,5,9,2019,7,5,19,0,5,9,2019
Jet Airways,Banglore,Delhi,1,13502.0,785,3,3,2019,11,40,0,45,3,7,2019
Multiple carriers,Delhi,Cochin,1,11622.0,440,21,3,2019,11,30,18,50,21,3,2019
SpiceJet,Kolkata,Banglore,0,5515.0,140,3,3,2019,22,20,0,40,3,4,2019
Jet Airways,Kolkata,Banglore,1,9314.0,1080,15,5,2019,20,25,14,25,16,5,2019
Multiple carriers,Delhi,Cochin,1,11789.0,520,6,3,2019,10,20,19,0,6,3,2019
IndiGo,Banglore,Delhi,0,4823.0,170,4,6,2019,20,0,22,50,4,6,2019
Air India,Delhi,Cochin,2,10467.0,1210,6,3,2019,13,15,9,25,6,4,2019
Multiple carriers,Delhi,Cochin,1,7408.0,480,6,3,2019,13,0,21,0,6,3,2019
Air India,Delhi,Cochin,1,7480.0,1640,15,6,2019,6,5,9,25,16,6,2019
SpiceJet,Kolkata,Banglore,0,3841.0,140,24,4,2019,22,20,0,40,25,4,2019
SpiceJet,Chennai,Kolkata,0,3543.0,140,18,5,2019,17,45,20,5,18,5,2019
Air India,Delhi,Cochin,3,10493.0,2280,24,6,2019,5,15,19,15,25,6,2019
Multiple carriers,Delhi,Cochin,1,9103.0,455,27,5,2019,11,25,19,0,27,5,2019
Jet Airways,Kolkata,Banglore,1,10844.0,345,5,6,2019,14,5,19,50,5,6,2019
IndiGo,Banglore,Delhi,0,4823.0,170,6,9,2019,20,0,22,50,6,9,2019
Air Asia,Banglore,Delhi,0,4482.0,165,24,3,2019,23,25,2,10,25,3,2019
Jet Airways,Kolkata,Banglore,1,8529.0,1655,6,12,2019,6,30,10,5,13,6,2019
Air India,Delhi,Cochin,0,7931.0,180,3,3,2019,14,10,17,10,3,3,2019
Jet Airways,Kolkata,Banglore,1,9663.0,865,18,5,2019,18,55,9,20,19,5,2019
Jet Airways,Delhi,Cochin,2,10368.0,560,6,1,2019,9,40,19,0,6,1,2019
Air India,Kolkata,Banglore,2,10151.0,590,18,5,2019,12,0,21,50,18,5,2019
SpiceJet,Chennai,Kolkata,0,3543.0,140,27,5,2019,17,45,20,5,27,5,2019
Multiple carriers,Delhi,Cochin,1,7530.0,390,6,1,2019,19,0,1,30,6,2,2019
Multiple carriers,Delhi,Cochin,1,6805.0,455,5,9,2019,14,55,22,30,5,9,2019
GoAir,Banglore,Delhi,0,3419.0,175,18,6,2019,7,45,10,40,18,6,2019
Air Asia,Banglore,Delhi,0,7120.0,170,6,9,2019,23,55,2,45,6,10,2019
Jet Airways,Kolkata,Banglore,1,14151.0,1075,21,5,2019,17,0,10,55,22,5,2019
Air India,Mumbai,Hyderabad,0,3100.0,80,21,6,2019,6,20,7,40,21,6,2019
Jet Airways,Kolkata,Banglore,1,12121.0,1285,24,5,2019,17,0,14,25,25,5,2019
SpiceJet,Mumbai,Hyderabad,0,2017.0,90,5,6,2019,5,45,7,15,5,6,2019
SpiceJet,Mumbai,Hyderabad,0,2647.0,90,15,6,2019,5,45,7,15,15,6,2019
IndiGo,Delhi,Cochin,1,6147.0,320,6,12,2019,17,5,22,25,6,12,2019
Jet Airways,Delhi,Cochin,2,14237.0,600,6,1,2019,18,25,4,25,6,2,2019
Jet Airways,Kolkata,Banglore,1,13044.0,730,6,12,2019,21,10,9,20,13,6,2019
Jet Airways,Delhi,Cochin,1,15554.0,1005,18,5,2019,2,15,19,0,18,5,2019
SpiceJet,Banglore,Delhi,0,4423.0,170,4,9,2019,9,30,12,20,4,9,2019
Air India,Delhi,Cochin,1,8372.0,640,6,6,2019,21,0,7,40,6,7,2019
Jet Airways,Kolkata,Banglore,1,10844.0,1655,18,5,2019,20,0,23,35,19,5,2019
Vistara,Kolkata,Banglore,1,9555.0,1550,18,5,2019,17,0,18,50,19,5,2019
Air India,Delhi,Cochin,2,8839.0,970,15,5,2019,17,15,9,25,16,5,2019
Air India,Kolkata,Banglore,2,10151.0,1830,5,6,2019,12,0,18,30,5,7,2019
Air India,Kolkata,Banglore,2,11432.0,1210,5,12,2019,9,25,5,35,13,5,2019
SpiceJet,Banglore,Delhi,0,4319.0,170,15,4,2019,9,30,12,20,15,4,2019
Air India,Kolkata,Banglore,2,9626.0,1830,6,6,2019,12,0,18,30,6,7,2019
Air India,Kolkata,Banglore,1,10623.0,1615,18,5,2019,17,30,20,25,19,5,2019
Jet Airways,Delhi,Cochin,0,9564.0,195,18,4,2019,11,0,14,15,18,4,2019
Jet Airways,Kolkata,Banglore,1,14781.0,400,5,9,2019,14,5,20,45,5,9,2019
Jet Airways,Banglore,Delhi,0,7229.0,180,15,5,2019,8,20,11,20,15,5,2019
IndiGo,Delhi,Cochin,1,5684.0,480,27,6,2019,17,30,1,30,28,6,2019
Jet Airways,Kolkata,Banglore,1,14388.0,1655,18,5,2019,5,45,9,20,19,5,2019
SpiceJet,Banglore,Delhi,0,5515.0,170,18,4,2019,9,30,12,20,18,4,2019
Jet Airways,Kolkata,Banglore,1,12692.0,1540,6,9,2019,20,25,22,5,6,10,2019
Jet Airways,Kolkata,Banglore,1,9314.0,575,5,1,2019,9,35,19,10,5,1,2019
SpiceJet,Kolkata,Banglore,0,3873.0,150,15,6,2019,17,10,19,40,15,6,2019
SpiceJet,Kolkata,Banglore,0,4807.0,140,21,4,2019,22,20,0,40,22,4,2019
Multiple carriers,Delhi,Cochin,1,14848.0,615,27,6,2019,9,0,19,15,27,6,2019
IndiGo,Delhi,Cochin,1,6171.0,425,24,4,2019,5,5,12,10,24,4,2019
SpiceJet,Mumbai,Hyderabad,0,1965.0,90,24,6,2019,13,15,14,45,24,6,2019
Jet Airways,Kolkata,Banglore,1,10539.0,690,6,12,2019,9,35,21,5,6,12,2019
Air Asia,Banglore,Delhi,0,4483.0,165,6,1,2019,11,10,13,55,6,1,2019
Multiple carriers,Delhi,Cochin,1,8371.0,795,27,3,2019,6,0,19,15,27,3,2019
Jet Airways,Delhi,Cochin,1,15764.0,870,3,6,2019,13,55,4,25,3,7,2019
Jet Airways,Kolkata,Banglore,1,10844.0,425,5,12,2019,16,30,23,35,5,12,2019
Air India,Kolkata,Banglore,2,11642.0,765,18,5,2019,16,50,5,35,19,5,2019
IndiGo,Banglore,Delhi,0,4423.0,170,4,12,2019,4,0,6,50,4,12,2019
Vistara,Banglore,Delhi,0,4878.0,170,15,6,2019,9,45,12,35,15,6,2019
SpiceJet,Mumbai,Hyderabad,0,2227.0,90,5,9,2019,13,15,14,45,5,9,2019
Jet Airways,Kolkata,Banglore,1,10844.0,1545,15,5,2019,16,30,18,15,16,5,2019
Air Asia,Kolkata,Banglore,0,4107.0,150,4,3,2019,19,55,22,25,4,3,2019
Vistara,Kolkata,Banglore,1,11262.0,1660,24,3,2019,7,10,10,50,25,3,2019
Jet Airways,Delhi,Cochin,1,10262.0,1355,6,3,2019,14,0,12,35,6,4,2019
Jet Airways,Banglore,Delhi,0,4544.0,175,18,5,2019,15,15,18,10,18,5,2019
Jet Airways,Banglore,Delhi,0,6144.0,185,24,5,2019,18,55,22,0,24,5,2019
GoAir,Banglore,Delhi,0,5706.0,175,15,3,2019,7,45,10,40,15,3,2019
Jet Airways,Banglore,Delhi,1,5853.0,390,15,3,2019,5,50,12,20,15,3,2019
Jet Airways,Kolkata,Banglore,2,10118.0,860,21,5,2019,6,30,20,50,21,5,2019
Air India,Kolkata,Banglore,2,14687.0,1200,5,1,2019,9,25,5,25,5,2,2019
Multiple carriers,Delhi,Cochin,1,9254.0,465,27,5,2019,11,30,19,15,27,5,2019
Jet Airways,Delhi,Cochin,2,10368.0,1125,6,1,2019,9,40,4,25,6,2,2019
Jet Airways,Kolkata,Banglore,1,14571.0,400,6,6,2019,14,5,20,45,6,6,2019
Jet Airways,Banglore,Delhi,0,7229.0,175,6,1,2019,15,15,18,10,6,1,2019
IndiGo,Delhi,Cochin,1,6093.0,860,6,6,2019,6,40,21,0,6,6,2019
Multiple carriers,Delhi,Cochin,1,16023.0,780,3,9,2019,8,0,21,0,3,9,2019
IndiGo,Chennai,Kolkata,0,3597.0,140,6,6,2019,14,45,17,5,6,6,2019
Jet Airways,Kolkata,Banglore,1,8824.0,1015,24,3,2019,6,30,23,25,24,3,2019
IndiGo,Delhi,Cochin,1,7060.0,345,3,9,2019,2,0,7,45,3,9,2019
Jet Airways,Kolkata,Banglore,1,14231.0,1160,24,3,2019,13,55,9,15,25,3,2019
Jet Airways,Banglore,Delhi,0,4544.0,185,24,4,2019,18,55,22,0,24,4,2019
Jet Airways,Delhi,Cochin,1,16289.0,1665,3,9,2019,15,5,18,50,3,10,2019
IndiGo,Kolkata,Banglore,0,6565.0,165,3,3,2019,10,10,12,55,3,3,2019
IndiGo,Chennai,Kolkata,0,3597.0,140,21,6,2019,14,45,17,5,21,6,2019
Air India,Delhi,Cochin,1,7480.0,765,5,6,2019,20,40,9,25,5,7,2019
Vistara,Kolkata,Banglore,1,9922.0,1065,5,12,2019,17,0,10,45,13,5,2019
Jet Airways,Banglore,Delhi,0,7229.0,180,27,5,2019,17,45,20,45,27,5,2019
Jet Airways,Delhi,Cochin,2,14300.0,995,15,6,2019,20,0,12,35,16,6,2019
Jet Airways,Delhi,Cochin,1,12242.0,1570,27,3,2019,2,15,4,25,28,3,2019
Multiple carriers,Delhi,Cochin,1,10678.0,455,24,6,2019,11,25,19,0,24,6,2019
Multiple carriers,Delhi,Cochin,1,9450.0,780,27,5,2019,8,0,21,0,27,5,2019
IndiGo,Kolkata,Banglore,0,4174.0,160,4,6,2019,21,25,0,5,4,7,2019
Jet Airways,Banglore,Delhi,0,4544.0,180,4,6,2019,7,10,10,10,4,6,2019
IndiGo,Kolkata,Banglore,1,5386.0,280,15,5,2019,17,35,22,15,15,5,2019
Jet Airways,Delhi,Cochin,2,15129.0,1430,24,5,2019,19,10,19,0,25,5,2019
IndiGo,Delhi,Cochin,1,6412.0,490,15,6,2019,14,20,22,30,15,6,2019
Jet Airways,Delhi,Cochin,2,15339.0,1760,27,6,2019,23,5,4,25,29,6,2019
Jet Airways,Banglore,Delhi,0,7229.0,165,24,3,2019,2,0,4,45,24,3,2019
Vistara,Banglore,Delhi,0,4878.0,170,6,1,2019,9,45,12,35,6,1,2019
Air Asia,Kolkata,Banglore,0,3807.0,155,4,6,2019,10,20,12,55,4,6,2019
Jet Airways,Delhi,Cochin,1,12373.0,1145,18,5,2019,17,30,12,35,19,5,2019
Jet Airways,Kolkata,Banglore,1,14571.0,570,6,6,2019,14,5,23,35,6,6,2019
Jet Airways,Delhi,Cochin,1,10262.0,520,6,12,2019,19,45,4,25,13,6,2019
Jet Airways,Delhi,Cochin,1,10577.0,1325,6,9,2019,20,55,19,0,6,10,2019
Vistara,Mumbai,Hyderabad,1,12395.0,1560,3,6,2019,20,55,22,55,3,7,2019
SpiceJet,Kolkata,Banglore,0,3841.0,155,27,4,2019,6,55,9,30,27,4,2019
Air Asia,Delhi,Cochin,1,8759.0,470,6,3,2019,7,55,15,45,6,3,2019
IndiGo,Delhi,Cochin,1,7738.0,645,21,3,2019,4,45,15,30,21,3,2019
IndiGo,Delhi,Cochin,1,7503.0,630,18,5,2019,15,0,1,30,19,5,2019
IndiGo,Delhi,Cochin,1,5883.0,845,6,3,2019,11,25,1,30,6,4,2019
Jet Airways,Kolkata,Banglore,1,12692.0,800,6,12,2019,20,25,9,45,13,6,2019
IndiGo,Banglore,Delhi,0,4823.0,170,15,4,2019,8,30,11,20,15,4,2019
SpiceJet,Mumbai,Hyderabad,0,2017.0,90,27,5,2019,5,45,7,15,27,5,2019
Air India,Delhi,Cochin,2,8603.0,1180,6,12,2019,12,0,7,40,13,6,2019
Jet Airways,Banglore,Delhi,0,5769.0,175,21,6,2019,11,10,14,5,21,6,2019
Jet Airways,Kolkata,Banglore,1,12681.0,1400,4,1,2019,18,55,18,15,4,2,2019
SpiceJet,Banglore,Delhi,0,3625.0,160,24,6,2019,5,55,8,35,24,6,2019
IndiGo,Delhi,Cochin,1,8854.0,975,5,9,2019,9,15,1,30,5,10,2019
IndiGo,Mumbai,Hyderabad,0,2754.0,90,15,5,2019,2,35,4,5,15,5,2019
Air India,Delhi,Cochin,1,8372.0,555,6,12,2019,10,0,19,15,6,12,2019
Jet Airways,Delhi,Cochin,1,10262.0,1235,6,12,2019,16,0,12,35,13,6,2019
Air India,Chennai,Kolkata,0,10810.0,135,3,3,2019,11,40,13,55,3,3,2019
IndiGo,Chennai,Kolkata,0,3540.0,145,15,6,2019,5,15,7,40,15,6,2019
Jet Airways,Banglore,Delhi,0,8016.0,185,6,6,2019,18,55,22,0,6,6,2019
IndiGo,Banglore,Delhi,0,6860.0,170,3,9,2019,10,30,13,20,3,9,2019
Air Asia,Delhi,Cochin,1,6451.0,340,27,4,2019,16,45,22,25,27,4,2019
Jet Airways,Kolkata,Banglore,1,13067.0,1120,5,6,2019,20,25,15,5,5,7,2019
Jet Airways,Kolkata,Banglore,1,11467.0,1500,5,6,2019,17,0,18,0,5,7,2019
Air India,Kolkata,Banglore,1,10203.0,795,5,9,2019,10,0,23,15,5,9,2019
Air Asia,Kolkata,Banglore,0,4082.0,150,3,12,2019,22,50,1,20,13,3,2019
Air India,Delhi,Cochin,2,13276.0,500,21,5,2019,10,55,19,15,21,5,2019
Jet Airways,Banglore,Delhi,2,23001.0,420,3,9,2019,8,55,15,55,3,9,2019
Jet Airways,Kolkata,Banglore,1,10844.0,1550,6,6,2019,18,55,20,45,6,7,2019
IndiGo,Banglore,Delhi,0,4990.0,175,27,6,2019,18,55,21,50,27,6,2019
Jet Airways,Banglore,Delhi,1,10037.0,550,3,9,2019,5,50,15,0,3,9,2019
Jet Airways,Kolkata,Banglore,1,14388.0,520,5,6,2019,20,0,4,40,5,7,2019
IndiGo,Banglore,Delhi,0,7303.0,170,24,3,2019,16,55,19,45,24,3,2019
Air India,Delhi,Cochin,2,12287.0,1305,3,3,2019,21,30,19,15,3,4,2019
Jet Airways,Kolkata,Banglore,1,10844.0,400,6,6,2019,14,5,20,45,6,6,2019
Jet Airways,Mumbai,Hyderabad,0,4995.0,90,24,5,2019,10,20,11,50,24,5,2019
Multiple carriers,Delhi,Cochin,1,9794.0,440,27,5,2019,11,40,19,0,27,5,2019
IndiGo,Kolkata,Banglore,1,4226.0,240,6,6,2019,6,20,10,20,6,6,2019
IndiGo,Delhi,Cochin,1,7318.0,845,21,3,2019,11,30,1,35,22,3,2019
Jet Airways,Kolkata,Banglore,1,8529.0,735,6,12,2019,20,0,8,15,13,6,2019
Air India,Kolkata,Banglore,2,9416.0,1830,6,12,2019,12,0,18,30,13,6,2019
Jet Airways,Delhi,Cochin,2,11507.0,1620,6,3,2019,9,35,12,35,6,4,2019
Air India,Kolkata,Banglore,2,9920.0,970,4,1,2019,16,45,8,55,4,2,2019
Multiple carriers,Delhi,Cochin,1,7038.0,540,18,5,2019,7,10,16,10,18,5,2019
GoAir,Delhi,Cochin,1,4959.0,355,6,3,2019,7,0,12,55,6,3,2019
Jet Airways,Mumbai,Hyderabad,0,5678.0,85,6,9,2019,7,5,8,30,6,9,2019
Jet Airways,Banglore,Delhi,0,7229.0,180,6,9,2019,8,20,11,20,6,9,2019
Jet Airways,Kolkata,Banglore,1,7064.0,425,4,1,2019,16,30,23,35,4,1,2019
IndiGo,Banglore,Delhi,0,4823.0,170,4,6,2019,8,30,11,20,4,6,2019
Jet Airways,Kolkata,Banglore,1,14571.0,365,24,5,2019,16,30,22,35,24,5,2019
IndiGo,Kolkata,Banglore,0,4148.0,165,27,3,2019,9,35,12,20,27,3,2019
Air India,Kolkata,Banglore,2,13873.0,920,24,5,2019,10,0,1,20,25,5,2019
Jet Airways,Delhi,Cochin,1,10262.0,1415,24,6,2019,13,0,12,35,25,6,2019
Jet Airways,Delhi,Cochin,2,15129.0,1430,21,5,2019,19,10,19,0,22,5,2019
Multiple carriers,Delhi,Cochin,1,6645.0,830,4,9,2019,11,40,1,30,4,10,2019
IndiGo,Kolkata,Banglore,0,4804.0,155,5,1,2019,17,15,19,50,5,1,2019
IndiGo,Banglore,Delhi,1,5746.0,245,3,9,2019,11,20,15,25,3,9,2019
GoAir,Delhi,Cochin,1,5199.0,460,6,9,2019,5,55,13,35,6,9,2019
IndiGo,Chennai,Kolkata,0,4332.0,140,18,3,2019,19,35,21,55,18,3,2019
IndiGo,Delhi,Cochin,1,6416.0,575,6,1,2019,11,25,21,0,6,1,2019
Air India,Banglore,Delhi,2,12935.0,575,18,3,2019,6,45,16,20,18,3,2019
Jet Airways,Banglore,Delhi,1,7832.0,685,21,3,2019,8,55,20,20,21,3,2019
Jet Airways,Kolkata,Banglore,1,8586.0,730,5,1,2019,16,30,4,40,5,2,2019
Jet Airways,Banglore,Delhi,0,5769.0,175,24,6,2019,15,15,18,10,24,6,2019
Jet Airways,Mumbai,Hyderabad,0,8040.0,90,21,5,2019,10,20,11,50,21,5,2019
Vistara,Delhi,Cochin,0,12411.0,190,3,6,2019,6,0,9,10,3,6,2019
Air India,Kolkata,Banglore,1,8366.0,745,6,9,2019,9,25,21,50,6,9,2019
Multiple carriers,Delhi,Cochin,1,7354.0,705,6,3,2019,7,30,19,15,6,3,2019
Air India,Banglore,Delhi,2,13576.0,665,3,1,2019,11,5,22,10,3,1,2019
Multiple carriers,Delhi,Cochin,1,11622.0,585,6,3,2019,9,15,19,0,6,3,2019
Air India,Kolkata,Banglore,2,12723.0,1045,6,6,2019,5,50,23,15,6,6,2019
Jet Airways,Kolkata,Banglore,1,13759.0,900,24,3,2019,8,25,23,25,24,3,2019
IndiGo,Delhi,Cochin,1,6412.0,380,15,5,2019,16,10,22,30,15,5,2019
IndiGo,Delhi,Cochin,2,6494.0,765,27,3,2019,8,35,21,20,27,3,2019
Jet Airways,Mumbai,Hyderabad,0,5678.0,90,24,3,2019,15,50,17,20,24,3,2019
Air India,Kolkata,Banglore,1,8891.0,1545,5,12,2019,9,25,11,10,13,5,2019
Jet Airways,Delhi,Cochin,1,17024.0,1260,3,3,2019,21,50,18,50,3,4,2019
Jet Airways,Delhi,Cochin,2,10368.0,560,6,12,2019,9,40,19,0,6,12,2019
Jet Airways,Kolkata,Banglore,1,14571.0,1335,6,9,2019,20,0,18,15,6,10,2019
Jet Airways,Banglore,Delhi,1,7832.0,495,21,3,2019,7,0,15,15,21,3,2019
Jet Airways,Kolkata,Banglore,1,14151.0,750,5,9,2019,9,35,22,5,5,9,2019
Multiple carriers,Delhi,Cochin,1,7154.0,510,21,3,2019,10,45,19,15,21,3,2019
Air Asia,Kolkata,Banglore,1,5192.0,710,15,4,2019,7,35,19,25,15,4,2019
Multiple carriers,Delhi,Cochin,2,21483.0,630,3,6,2019,15,5,1,35,3,7,2019
Jet Airways,Kolkata,Banglore,1,6812.0,730,6,6,2019,16,30,4,40,6,7,2019
IndiGo,Banglore,Delhi,1,13292.0,300,3,3,2019,19,35,0,35,3,7,2019
IndiGo,Kolkata,Banglore,0,4174.0,155,4,9,2019,22,15,0,50,4,10,2019
Jet Airways,Delhi,Cochin,2,11150.0,1045,27,6,2019,19,10,12,35,28,6,2019
IndiGo,Delhi,Cochin,1,5912.0,310,24,4,2019,17,5,22,15,24,4,2019
Air India,Delhi,Cochin,1,8907.0,570,27,6,2019,13,30,23,0,27,6,2019
Air India,Banglore,Delhi,1,8767.0,640,3,9,2019,17,0,3,40,13,3,2019
Jet Airways,Delhi,Cochin,1,12242.0,520,27,3,2019,19,45,4,25,28,3,2019
Air India,Kolkata,Banglore,1,6327.0,580,24,5,2019,19,0,4,40,25,5,2019
SpiceJet,Chennai,Kolkata,0,3543.0,135,24,5,2019,9,45,12,0,24,5,2019
Multiple carriers,Delhi,Cochin,1,15058.0,675,6,3,2019,8,0,19,15,6,3,2019
Jet Airways,Banglore,Delhi,1,11087.0,1410,3,12,2019,18,55,18,25,13,3,2019
Jet Airways,Kolkata,Banglore,1,13941.0,520,5,9,2019,20,0,4,40,5,10,2019
SpiceJet,Delhi,Cochin,1,7317.0,380,6,1,2019,15,45,22,5,6,1,2019
Jet Airways,Delhi,Cochin,2,15129.0,1430,5,9,2019,19,10,19,0,5,10,2019
Jet Airways,Kolkata,Banglore,1,9663.0,775,24,5,2019,21,10,10,5,25,5,2019
IndiGo,Delhi,Cochin,1,5065.0,300,24,4,2019,16,0,21,0,24,4,2019
Air India,Delhi,Cochin,1,8907.0,795,27,6,2019,9,45,23,0,27,6,2019
SpiceJet,Kolkata,Banglore,0,4148.0,150,21,3,2019,9,0,11,30,21,3,2019
Multiple carriers,Delhi,Cochin,1,13587.0,420,6,9,2019,14,0,21,0,6,9,2019
Jet Airways,Delhi,Cochin,1,10262.0,395,6,6,2019,21,50,4,25,6,7,2019
Jet Airways,Banglore,Delhi,1,12284.0,1090,18,3,2019,14,5,8,15,16,3,2019
Jet Airways,Kolkata,Banglore,1,14781.0,1285,15,5,2019,18,55,16,20,16,5,2019
Jet Airways,Kolkata,Banglore,1,9663.0,1495,18,5,2019,8,25,9,20,19,5,2019
IndiGo,Banglore,Delhi,0,19685.0,170,3,1,2019,13,0,15,50,3,1,2019
Air India,Kolkata,Banglore,1,10203.0,795,5,12,2019,10,0,23,15,5,12,2019
Jet Airways,Kolkata,Banglore,1,13941.0,1330,15,5,2019,6,30,4,40,16,5,2019
Air India,Banglore,Delhi,0,25703.0,165,3,1,2019,21,10,23,55,3,1,2019
Jet Airways,Delhi,Cochin,1,10262.0,865,6,9,2019,14,0,4,25,6,10,2019
SpiceJet,Chennai,Kolkata,0,3543.0,140,5,1,2019,17,45,20,5,5,1,2019
SpiceJet,Kolkata,Banglore,0,3841.0,150,4,6,2019,14,55,17,25,4,6,2019
Jet Airways,Delhi,Cochin,1,15554.0,450,18,5,2019,11,30,19,0,18,5,2019
Jet Airways,Kolkata,Banglore,1,10844.0,345,24,5,2019,14,5,19,50,24,5,2019
Jet Airways,Kolkata,Banglore,1,12692.0,1285,6,12,2019,17,0,14,25,13,6,2019
Jet Airways,Mumbai,Hyderabad,0,3210.0,90,6,9,2019,19,35,21,5,6,9,2019
Air India,Delhi,Cochin,2,9601.0,435,15,5,2019,12,0,19,15,15,5,2019
Multiple carriers,Delhi,Cochin,1,13377.0,750,15,6,2019,13,0,1,30,16,6,2019
Jet Airways,Kolkata,Banglore,1,11134.0,1395,24,3,2019,18,55,18,10,25,3,2019
Multiple carriers,Delhi,Cochin,1,8055.0,725,27,3,2019,8,55,21,0,27,3,2019
Jet Airways,Delhi,Cochin,1,12242.0,655,27,3,2019,17,30,4,25,28,3,2019
Air India,Banglore,Delhi,1,8425.0,1520,3,9,2019,22,0,23,20,13,3,2019
SpiceJet,Mumbai,Hyderabad,0,2753.0,90,15,6,2019,5,45,7,15,15,6,2019
SpiceJet,Banglore,Delhi,0,3311.0,175,27,5,2019,21,10,0,5,28,5,2019
IndiGo,Kolkata,Banglore,1,4226.0,240,6,12,2019,6,20,10,20,6,12,2019
Jet Airways,Banglore,Delhi,1,26890.0,1210,3,1,2019,8,55,5,5,3,2,2019
Multiple carriers,Delhi,Cochin,1,12524.0,780,24,6,2019,6,0,19,0,24,6,2019
SpiceJet,Kolkata,Banglore,0,3847.0,150,21,3,2019,17,15,19,45,21,3,2019
Jet Airways,Kolkata,Banglore,1,12681.0,425,4,1,2019,16,30,23,35,4,1,2019
Jet Airways,Delhi,Cochin,2,13882.0,1140,6,6,2019,9,25,4,25,6,7,2019
Jet Airways,Delhi,Cochin,2,15129.0,1615,18,5,2019,9,40,12,35,19,5,2019
Jet Airways,Kolkata,Banglore,1,10844.0,740,6,6,2019,8,25,20,45,6,6,2019
Jet Airways,Banglore,Delhi,1,12547.0,650,3,12,2019,21,25,8,15,13,3,2019
Jet Airways,Kolkata,Banglore,1,14178.0,585,6,9,2019,18,55,4,40,6,10,2019
IndiGo,Delhi,Cochin,1,14871.0,575,3,3,2019,16,0,1,35,3,4,2019
Jet Airways,Delhi,Cochin,2,10368.0,1125,6,9,2019,9,40,4,25,6,10,2019
Multiple carriers,Delhi,Cochin,1,15078.0,780,3,6,2019,8,0,21,0,3,6,2019
IndiGo,Kolkata,Banglore,0,4804.0,160,21,5,2019,21,25,0,5,22,5,2019
SpiceJet,Kolkata,Banglore,0,3873.0,150,5,9,2019,17,10,19,40,5,9,2019
SpiceJet,Kolkata,Banglore,0,3841.0,150,24,6,2019,17,10,19,40,24,6,2019
GoAir,Delhi,Cochin,1,5457.0,355,6,1,2019,7,0,12,55,6,1,2019
Jet Airways,Kolkata,Banglore,1,14781.0,510,5,12,2019,14,5,22,35,5,12,2019
Jet Airways,Delhi,Cochin,1,15764.0,1260,3,9,2019,21,50,18,50,3,10,2019
Vistara,Banglore,Delhi,0,4668.0,170,6,12,2019,9,45,12,35,6,12,2019
Jet Airways,Delhi,Cochin,0,9564.0,195,24,6,2019,11,0,14,15,24,6,2019
IndiGo,Delhi,Cochin,1,7191.0,860,15,5,2019,6,40,21,0,15,5,2019
Jet Airways,Delhi,Cochin,1,15764.0,520,3,6,2019,19,45,4,25,3,7,2019
Jet Airways,Kolkata,Banglore,1,14388.0,1315,5,6,2019,14,5,12,0,5,7,2019
Jet Airways,Delhi,Cochin,1,6540.0,520,27,3,2019,19,45,4,25,28,3,2019
SpiceJet,Banglore,Delhi,0,3625.0,170,24,6,2019,9,30,12,20,24,6,2019
Multiple carriers,Delhi,Cochin,1,8266.0,705,5,9,2019,7,30,19,15,5,9,2019
SpiceJet,Kolkata,Banglore,1,10944.0,435,18,5,2019,11,15,18,30,18,5,2019
IndiGo,Delhi,Cochin,1,5073.0,300,27,3,2019,16,0,21,0,27,3,2019
Jet Airways,Banglore,Delhi,1,9134.0,400,15,3,2019,5,45,12,25,15,3,2019
Vistara,Kolkata,Banglore,1,8085.0,1440,6,12,2019,20,20,20,20,13,6,2019
Jet Airways,Banglore,Delhi,1,22270.0,325,3,6,2019,7,0,12,25,3,6,2019
Air India,Kolkata,Banglore,2,9836.0,1620,4,1,2019,7,0,10,0,4,2,2019
IndiGo,Delhi,Cochin,1,14871.0,420,3,3,2019,18,35,1,35,3,4,2019
Jet Airways,Mumbai,Hyderabad,2,23528.0,605,3,12,2019,6,30,16,35,3,12,2019
Jet Airways,Banglore,Delhi,0,8016.0,180,6,6,2019,7,10,10,10,6,6,2019
Jet Airways,Banglore,Delhi,1,12284.0,550,18,3,2019,7,0,16,10,18,3,2019
Multiple carriers,Delhi,Cochin,1,7005.0,900,6,12,2019,6,0,21,0,6,12,2019
IndiGo,Kolkata,Banglore,0,4804.0,155,6,3,2019,11,30,14,5,6,3,2019
IndiGo,Delhi,Cochin,1,6827.0,300,27,3,2019,5,5,10,5,27,3,2019
Air India,Mumbai,Hyderabad,0,3100.0,80,5,12,2019,6,20,7,40,5,12,2019
Jet Airways,Mumbai,Hyderabad,0,2759.0,90,15,3,2019,19,35,21,5,15,3,2019
Jet Airways,Kolkata,Banglore,1,13067.0,1480,5,9,2019,20,25,21,5,5,10,2019
GoAir,Banglore,Delhi,0,3898.0,165,15,4,2019,20,55,23,40,15,4,2019
Jet Airways,Delhi,Cochin,2,10368.0,1125,6,12,2019,9,40,4,25,13,6,2019
SpiceJet,Banglore,Delhi,0,4273.0,170,18,3,2019,5,45,8,35,18,3,2019
SpiceJet,Banglore,Delhi,0,3311.0,160,24,5,2019,5,55,8,35,24,5,2019
Multiple carriers,Delhi,Cochin,1,15136.0,720,3,6,2019,9,0,21,0,3,6,2019
Multiple carriers,Delhi,Cochin,1,6601.0,665,4,9,2019,7,5,18,10,4,9,2019
Vistara,Kolkata,Banglore,1,8452.0,1580,24,5,2019,20,20,22,40,25,5,2019
Jet Airways,Kolkata,Banglore,1,9314.0,1285,5,1,2019,17,0,14,25,5,2,2019
IndiGo,Delhi,Cochin,1,6386.0,345,6,1,2019,2,0,7,45,6,1,2019
Multiple carriers,Delhi,Cochin,1,13377.0,840,24,6,2019,11,30,1,30,25,6,2019
Jet Airways,Mumbai,Hyderabad,0,5678.0,90,3,3,2019,2,55,4,25,3,3,2019
Air Asia,Banglore,Delhi,0,4483.0,170,18,5,2019,23,55,2,45,19,5,2019
Jet Airways,Delhi,Cochin,1,12898.0,1355,27,5,2019,14,0,12,35,28,5,2019
IndiGo,Banglore,Delhi,0,7648.0,175,3,3,2019,7,10,10,5,3,3,2019
Jet Airways,Kolkata,Banglore,1,14571.0,1025,6,9,2019,6,30,23,35,6,9,2019
IndiGo,Mumbai,Hyderabad,0,4049.0,90,27,6,2019,6,25,7,55,27,6,2019
Air India,Banglore,Delhi,2,11728.0,875,18,3,2019,8,50,23,25,18,3,2019
SpiceJet,Kolkata,Banglore,0,3873.0,155,18,4,2019,6,55,9,30,18,4,2019
Air India,Delhi,Cochin,1,7480.0,765,5,9,2019,20,40,9,25,5,10,2019
Jet Airways,Banglore,Delhi,0,8541.0,180,21,6,2019,19,50,22,50,21,6,2019
Jet Airways,Banglore,Delhi,1,31825.0,755,3,1,2019,22,50,11,25,3,2,2019
IndiGo,Chennai,Kolkata,0,3597.0,140,6,1,2019,14,45,17,5,6,1,2019
Jet Airways,Banglore,Delhi,1,13817.0,1070,3,12,2019,21,25,15,15,13,3,2019
Jet Airways,Kolkata,Banglore,1,14571.0,740,24,5,2019,8,25,20,45,24,5,2019
Air Asia,Delhi,Cochin,1,6853.0,865,15,6,2019,16,45,7,10,16,6,2019
Jet Airways,Delhi,Cochin,2,16704.0,1760,27,5,2019,23,5,4,25,29,5,2019
SpiceJet,Banglore,Delhi,0,3573.0,170,27,5,2019,9,30,12,20,27,5,2019
Vistara,Kolkata,Banglore,1,9345.0,1550,15,5,2019,17,0,18,50,16,5,2019
Jet Airways,Delhi,Cochin,2,13014.0,1375,15,6,2019,5,30,4,25,16,6,2019
Multiple carriers,Delhi,Cochin,1,13797.0,780,6,12,2019,8,0,21,0,6,12,2019
Air India,Banglore,Delhi,3,12358.0,1355,3,3,2019,12,0,10,35,3,7,2019
Multiple carriers,Delhi,Cochin,1,14086.0,440,3,9,2019,18,15,1,35,3,10,2019
IndiGo,Chennai,Kolkata,0,3597.0,140,5,3,2019,19,35,21,55,5,3,2019
Jet Airways,Kolkata,Banglore,1,13731.0,800,24,5,2019,18,55,8,15,25,5,2019
Jet Airways,Delhi,Cochin,1,12898.0,520,21,5,2019,19,45,4,25,22,5,2019
Jet Airways,Delhi,Cochin,1,14714.0,745,6,6,2019,16,0,4,25,6,7,2019
Vistara,Banglore,Delhi,0,5403.0,170,4,12,2019,11,30,14,20,4,12,2019
Jet Airways,Banglore,Delhi,0,5769.0,165,24,6,2019,6,0,8,45,24,6,2019
Air Asia,Kolkata,Banglore,0,5620.0,155,24,3,2019,10,20,12,55,24,3,2019
IndiGo,Delhi,Cochin,0,5000.0,195,18,6,2019,5,35,8,50,18,6,2019
Air India,Delhi,Cochin,1,7480.0,1420,5,6,2019,9,45,9,25,5,7,2019
Air India,Delhi,Cochin,2,10703.0,1855,21,3,2019,12,20,19,15,22,3,2019
Multiple carriers,Delhi,Cochin,1,13727.0,570,18,5,2019,11,30,21,0,18,5,2019
Jet Airways,Kolkata,Banglore,1,14388.0,800,5,12,2019,20,0,9,20,13,5,2019
Air India,Kolkata,Banglore,2,13033.0,920,6,6,2019,10,0,1,20,6,7,2019
Jet Airways,Banglore,Delhi,1,22270.0,1420,3,1,2019,8,0,7,40,3,2,2019
IndiGo,Delhi,Cochin,1,6769.0,345,27,5,2019,21,50,3,35,28,5,2019
Air Asia,Kolkata,Banglore,2,5192.0,500,24,5,2019,15,10,23,30,24,5,2019
Jet Airways,Mumbai,Hyderabad,0,4995.0,85,24,5,2019,2,55,4,20,24,5,2019
IndiGo,Chennai,Kolkata,0,8580.0,140,3,1,2019,7,55,10,15,3,1,2019
Air India,Delhi,Cochin,1,7480.0,1255,15,6,2019,12,30,9,25,16,6,2019
Jet Airways,Banglore,Delhi,0,5198.0,180,27,4,2019,8,20,11,20,27,4,2019
Jet Airways,Delhi,Cochin,2,10368.0,560,6,6,2019,9,40,19,0,6,6,2019
Jet Airways,Mumbai,Hyderabad,0,8040.0,85,5,6,2019,7,5,8,30,5,6,2019
Jet Airways,Delhi,Cochin,2,18909.0,1205,3,9,2019,8,20,4,25,3,10,2019
Air India,Kolkata,Banglore,2,12849.0,1345,4,1,2019,7,0,5,25,4,2,2019
Air India,Delhi,Cochin,1,22798.0,1350,3,1,2019,9,45,8,15,3,2,2019
Jet Airways,Kolkata,Banglore,1,14571.0,590,6,6,2019,8,25,18,15,6,6,2019
Jet Airways,Banglore,Delhi,1,13502.0,1090,3,6,2019,14,5,8,15,3,7,2019
SpiceJet,Chennai,Kolkata,0,3332.0,140,27,3,2019,17,45,20,5,27,3,2019
Multiple carriers,Delhi,Cochin,1,7354.0,705,6,6,2019,7,30,19,15,6,6,2019
Multiple carriers,Delhi,Cochin,1,8073.0,660,15,5,2019,10,0,21,0,15,5,2019
IndiGo,Mumbai,Hyderabad,0,4049.0,85,21,3,2019,9,10,10,35,21,3,2019
Jet Airways,Delhi,Cochin,1,15029.0,1570,3,9,2019,2,15,4,25,3,10,2019
Air India,Delhi,Cochin,2,10975.0,1420,24,6,2019,9,45,9,25,25,6,2019
Multiple carriers,Delhi,Cochin,1,7038.0,920,6,1,2019,7,10,22,30,6,1,2019
Jet Airways,Delhi,Cochin,1,15554.0,660,5,9,2019,8,0,19,0,5,9,2019
Air India,Banglore,Delhi,0,5228.0,170,6,12,2019,21,5,23,55,6,12,2019
IndiGo,Delhi,Cochin,1,5636.0,325,6,1,2019,2,0,7,25,6,1,2019
Air India,Delhi,Cochin,2,9653.0,1180,27,6,2019,12,0,7,40,28,6,2019
Jet Airways,Kolkata,Banglore,1,8586.0,910,24,5,2019,18,55,10,5,25,5,2019
SpiceJet,Mumbai,Hyderabad,0,2017.0,90,21,5,2019,13,15,14,45,21,5,2019
Vistara,Kolkata,Banglore,1,9345.0,1625,24,5,2019,20,20,23,25,25,5,2019
Jet Airways,Delhi,Cochin,2,9270.0,1925,21,3,2019,10,45,18,50,22,3,2019
Jet Airways,Delhi,Cochin,2,13292.0,810,6,3,2019,5,30,19,0,6,3,2019
Jet Airways,Delhi,Cochin,2,8098.0,1570,27,3,2019,17,35,19,45,28,3,2019
Air India,Delhi,Cochin,1,7952.0,1420,6,6,2019,9,45,9,25,6,7,2019
IndiGo,Delhi,Cochin,1,5883.0,415,6,12,2019,18,35,1,30,13,6,2019
Jet Airways,Banglore,Delhi,0,8016.0,180,6,6,2019,19,50,22,50,6,6,2019
SpiceJet,Kolkata,Banglore,0,4174.0,150,18,5,2019,17,10,19,40,18,5,2019
Multiple carriers,Delhi,Cochin,1,10696.0,925,6,3,2019,7,5,22,30,6,3,2019
Vistara,Banglore,Delhi,0,4878.0,155,6,12,2019,17,0,19,35,6,12,2019
SpiceJet,Banglore,Delhi,0,3971.0,170,4,1,2019,9,30,12,20,4,1,2019
Multiple carriers,Delhi,Cochin,1,7198.0,390,6,3,2019,19,0,1,30,6,4,2019
Jet Airways,Kolkata,Banglore,1,9314.0,1540,5,6,2019,20,25,22,5,5,7,2019
SpiceJet,Banglore,Delhi,0,4423.0,170,5,1,2019,9,30,12,20,5,1,2019
SpiceJet,Kolkata,Banglore,0,3841.0,155,4,6,2019,6,55,9,30,4,6,2019
Multiple carriers,Delhi,Cochin,1,7154.0,510,27,3,2019,10,45,19,15,27,3,2019
Air India,Delhi,Cochin,1,9929.0,735,15,6,2019,7,0,19,15,15,6,2019
Multiple carriers,Delhi,Cochin,1,8266.0,455,5,9,2019,11,40,19,15,5,9,2019
Multiple carriers,Delhi,Cochin,1,10877.0,630,6,12,2019,8,30,19,0,6,12,2019
IndiGo,Kolkata,Banglore,0,4804.0,150,24,6,2019,15,15,17,45,24,6,2019
Multiple carriers,Delhi,Cochin,1,13587.0,570,15,6,2019,11,30,21,0,15,6,2019
IndiGo,Delhi,Cochin,1,13611.0,515,3,6,2019,4,45,13,20,3,6,2019
IndiGo,Delhi,Cochin,1,6628.0,975,6,6,2019,9,15,1,30,6,7,2019
IndiGo,Delhi,Cochin,0,5601.0,195,6,12,2019,14,25,17,40,6,12,2019
SpiceJet,Delhi,Cochin,1,5583.0,315,15,4,2019,6,5,11,20,15,4,2019
IndiGo,Banglore,Delhi,0,3943.0,170,21,5,2019,10,10,13,0,21,5,2019
IndiGo,Banglore,Delhi,0,4777.0,170,24,3,2019,4,0,6,50,24,3,2019
Jet Airways,Kolkata,Banglore,1,9663.0,960,5,12,2019,20,0,12,0,13,5,2019
Jet Airways,Delhi,Cochin,2,10368.0,1375,6,1,2019,5,30,4,25,6,2,2019
IndiGo,Delhi,Cochin,1,5883.0,415,15,6,2019,18,35,1,30,16,6,2019
IndiGo,Kolkata,Banglore,0,4804.0,155,27,4,2019,11,30,14,5,27,4,2019
Vistara,Banglore,Delhi,0,13383.0,155,3,3,2019,16,0,18,35,3,3,2019
Multiple carriers,Delhi,Cochin,1,9646.0,555,6,1,2019,13,15,22,30,6,1,2019
Jet Airways,Kolkata,Banglore,1,11467.0,1570,5,1,2019,17,0,19,10,5,2,2019
Air Asia,Kolkata,Banglore,1,5192.0,720,5,12,2019,22,40,10,40,13,5,2019
Jet Airways,Delhi,Cochin,2,13376.0,1300,6,12,2019,6,45,4,25,13,6,2019
Air Asia,Banglore,Delhi,0,6477.0,165,3,3,2019,23,25,2,10,3,7,2019
Multiple carriers,Delhi,Cochin,1,13727.0,720,18,5,2019,9,0,21,0,18,5,2019
Vistara,Kolkata,Banglore,1,9555.0,1640,18,5,2019,17,0,20,20,19,5,2019
Jet Airways,Delhi,Cochin,2,12819.0,1430,24,6,2019,19,10,19,0,25,6,2019
Vistara,Mumbai,Hyderabad,1,12395.0,750,3,6,2019,10,25,22,55,3,6,2019
Jet Airways,Delhi,Cochin,1,10262.0,550,15,6,2019,19,15,4,25,16,6,2019
Jet Airways,Kolkata,Banglore,1,14781.0,740,21,5,2019,8,25,20,45,21,5,2019
Jet Airways,Mumbai,Hyderabad,0,5678.0,90,5,12,2019,10,20,11,50,5,12,2019
SpiceJet,Kolkata,Banglore,1,7804.0,330,15,5,2019,15,55,21,25,15,5,2019
Jet Airways,Delhi,Cochin,1,10262.0,1680,27,6,2019,15,0,19,0,28,6,2019
Jet Airways,Banglore,Delhi,0,5198.0,180,18,5,2019,19,50,22,50,18,5,2019
IndiGo,Mumbai,Hyderabad,0,4049.0,90,5,3,2019,6,25,7,55,5,3,2019
Air Asia,Banglore,Delhi,0,3383.0,165,15,6,2019,11,10,13,55,15,6,2019
Air India,Delhi,Cochin,1,7174.0,320,27,5,2019,17,40,23,0,27,5,2019
Air India,Delhi,Cochin,1,8907.0,1590,15,5,2019,20,30,23,0,16,5,2019
Jet Airways,Delhi,Cochin,2,13014.0,1615,6,1,2019,9,40,12,35,6,2,2019
Jet Airways,Kolkata,Banglore,1,13584.0,665,5,6,2019,21,10,8,15,5,7,2019
Air Asia,Kolkata,Banglore,0,4107.0,150,15,5,2019,22,50,1,20,16,5,2019
Jet Airways,Mumbai,Hyderabad,0,2071.0,90,15,3,2019,2,55,4,25,15,3,2019
Jet Airways,Delhi,Cochin,1,12373.0,450,5,9,2019,20,55,4,25,5,10,2019
Air India,Banglore,Delhi,2,13303.0,1745,3,12,2019,8,50,13,55,13,3,2019
Jet Airways,Kolkata,Banglore,1,8529.0,1055,6,12,2019,16,30,10,5,13,6,2019
Jet Airways,Kolkata,Banglore,1,14571.0,1495,6,6,2019,18,55,19,50,6,7,2019
Jet Airways,Delhi,Cochin,2,15129.0,1760,27,5,2019,23,5,4,25,29,5,2019
Jet Airways,Banglore,Delhi,0,8016.0,180,6,9,2019,8,20,11,20,6,9,2019
IndiGo,Kolkata,Banglore,0,4804.0,160,6,6,2019,21,25,0,5,6,7,2019
Air India,Banglore,Delhi,1,5118.0,325,3,9,2019,6,50,12,15,3,9,2019
Jet Airways,Kolkata,Banglore,1,9663.0,1430,18,5,2019,8,25,8,15,19,5,2019
Air India,Kolkata,Banglore,2,12723.0,1840,6,9,2019,5,50,12,30,6,10,2019
GoAir,Banglore,Delhi,0,3419.0,165,5,12,2019,20,55,23,40,5,12,2019
Jet Airways,Banglore,Delhi,1,11087.0,710,3,12,2019,22,55,10,45,13,3,2019
IndiGo,Kolkata,Banglore,0,4174.0,155,4,12,2019,22,15,0,50,13,4,2019
Jet Airways,Delhi,Cochin,1,10262.0,1225,6,9,2019,8,0,4,25,6,10,2019
Jet Airways,Delhi,Cochin,2,12609.0,1620,15,6,2019,9,35,12,35,16,6,2019
Vistara,Banglore,Delhi,0,4668.0,160,6,3,2019,7,0,9,40,6,3,2019
SpiceJet,Mumbai,Hyderabad,0,1965.0,90,24,5,2019,22,45,0,15,25,5,2019
IndiGo,Mumbai,Hyderabad,0,4049.0,90,6,1,2019,6,25,7,55,6,1,2019
Air India,Kolkata,Banglore,0,5195.0,150,4,12,2019,14,15,16,45,4,12,2019
IndiGo,Kolkata,Banglore,0,4804.0,155,18,5,2019,20,20,22,55,18,5,2019
IndiGo,Banglore,Delhi,0,7648.0,170,3,3,2019,13,0,15,50,3,3,2019
IndiGo,Chennai,Kolkata,0,3850.0,140,5,3,2019,7,55,10,15,5,3,2019
Air India,Banglore,Delhi,0,6121.0,165,15,4,2019,10,0,12,45,15,4,2019
IndiGo,Chennai,Kolkata,0,3540.0,145,18,6,2019,5,15,7,40,18,6,2019
Jet Airways,Banglore,Delhi,1,9134.0,340,15,3,2019,5,45,11,25,15,3,2019
Jet Airways,Kolkata,Banglore,1,10844.0,1660,6,6,2019,18,55,22,35,6,7,2019
IndiGo,Chennai,Kolkata,0,5277.0,140,6,3,2019,22,5,0,25,6,4,2019
IndiGo,Delhi,Cochin,1,5073.0,300,4,6,2019,16,0,21,0,4,6,2019
SpiceJet,Kolkata,Banglore,0,3841.0,155,24,6,2019,6,55,9,30,24,6,2019
Multiple carriers,Delhi,Cochin,1,10877.0,690,6,3,2019,7,30,19,0,6,3,2019
Jet Airways,Delhi,Cochin,1,5406.0,1575,27,3,2019,17,30,19,45,28,3,2019
Jet Airways,Kolkata,Banglore,1,14151.0,1005,6,9,2019,17,0,9,45,6,10,2019
Jet Airways,Delhi,Cochin,2,14237.0,1090,6,3,2019,18,25,12,35,6,4,2019
IndiGo,Mumbai,Hyderabad,0,2754.0,90,24,6,2019,1,40,3,10,24,6,2019
Air India,Kolkata,Banglore,1,11306.0,805,18,5,2019,7,0,20,25,18,5,2019
Air Asia,Kolkata,Banglore,1,5192.0,720,5,1,2019,22,40,10,40,5,2,2019
Vistara,Chennai,Kolkata,0,3687.0,135,6,12,2019,7,5,9,20,6,12,2019
Multiple carriers,Delhi,Cochin,1,12192.0,910,6,3,2019,3,50,19,0,6,3,2019
Jet Airways,Delhi,Cochin,1,12898.0,360,27,5,2019,13,0,19,0,27,5,2019
Jet Airways,Delhi,Cochin,1,14924.0,1395,6,9,2019,19,45,19,0,6,10,2019
SpiceJet,Kolkata,Banglore,1,8479.0,435,24,5,2019,11,35,18,50,24,5,2019
Multiple carriers,Delhi,Cochin,1,6943.0,690,27,5,2019,14,0,1,30,28,5,2019
Multiple carriers,Delhi,Cochin,1,7354.0,755,27,6,2019,6,40,19,15,27,6,2019
Multiple carriers,Delhi,Cochin,1,12192.0,600,6,6,2019,9,0,19,0,6,6,2019
IndiGo,Banglore,Delhi,0,3943.0,180,5,3,2019,21,15,0,15,5,4,2019
Jet Airways,Delhi,Cochin,2,15129.0,1430,5,6,2019,19,10,19,0,5,7,2019
Vistara,Banglore,Delhi,0,5403.0,160,4,9,2019,7,0,9,40,4,9,2019
Jet Airways,Delhi,Cochin,2,13882.0,1140,27,6,2019,9,25,4,25,28,6,2019
Jet Airways,Mumbai,Hyderabad,0,5678.0,90,21,3,2019,19,35,21,5,21,3,2019
Vistara,Banglore,Delhi,0,5403.0,170,27,4,2019,11,30,14,20,27,4,2019
Vistara,Banglore,Delhi,0,4878.0,170,27,6,2019,21,0,23,50,27,6,2019
IndiGo,Delhi,Cochin,2,6494.0,880,27,3,2019,6,40,21,20,27,3,2019
IndiGo,Banglore,Delhi,0,4777.0,165,24,3,2019,1,30,4,15,24,3,2019
Air India,Mumbai,Hyderabad,0,3625.0,90,6,6,2019,13,55,15,25,6,6,2019
Air India,Kolkata,Banglore,2,9258.0,1830,4,1,2019,12,0,18,30,4,2,2019
Jet Airways,Delhi,Cochin,1,10262.0,360,6,6,2019,13,0,19,0,6,6,2019
Air India,Banglore,Delhi,4,17686.0,1770,3,1,2019,5,50,11,20,3,2,2019
IndiGo,Kolkata,Banglore,0,4174.0,150,4,3,2019,15,15,17,45,4,3,2019
Multiple carriers,Delhi,Cochin,1,7485.0,910,21,5,2019,10,20,1,30,22,5,2019
Air India,Kolkata,Banglore,2,11222.0,1610,18,5,2019,8,20,11,10,19,5,2019
Jet Airways,Kolkata,Banglore,1,12121.0,1685,5,1,2019,17,0,21,5,5,2,2019
Air India,Kolkata,Banglore,2,10697.0,610,21,5,2019,8,20,18,30,21,5,2019
Jet Airways,Delhi,Cochin,1,12373.0,450,5,9,2019,11,30,19,0,5,9,2019
SpiceJet,Kolkata,Banglore,1,6381.0,520,21,5,2019,8,35,17,15,21,5,2019
Jet Airways,Delhi,Cochin,2,17072.0,2070,3,6,2019,17,55,4,25,3,8,2019
Jet Airways,Delhi,Cochin,2,10368.0,1615,6,9,2019,9,40,12,35,6,10,2019
IndiGo,Banglore,Delhi,0,4823.0,175,24,5,2019,18,25,21,20,24,5,2019
Air India,Delhi,Cochin,1,27282.0,795,3,3,2019,9,45,23,0,3,3,2019
IndiGo,Mumbai,Hyderabad,0,2227.0,95,6,12,2019,20,5,21,40,6,12,2019
IndiGo,Banglore,Delhi,0,4545.0,165,3,9,2019,0,40,3,25,3,9,2019
IndiGo,Kolkata,Banglore,0,4148.0,160,21,3,2019,17,15,19,55,21,3,2019
IndiGo,Kolkata,Banglore,0,4148.0,155,3,12,2019,15,10,17,45,3,12,2019
Air India,Banglore,Delhi,2,7642.0,1625,21,3,2019,8,15,11,20,19,3,2019
Jet Airways,Delhi,Cochin,1,10262.0,1235,6,3,2019,16,0,12,35,6,4,2019
Jet Airways,Banglore,Delhi,0,4030.0,180,24,5,2019,8,20,11,20,24,5,2019
IndiGo,Delhi,Cochin,0,5000.0,195,27,6,2019,14,25,17,40,27,6,2019
SpiceJet,Delhi,Cochin,1,5264.0,270,6,9,2019,8,45,13,15,6,9,2019
Jet Airways,Banglore,Delhi,0,7229.0,185,6,1,2019,18,55,22,0,6,1,2019
Jet Airways,Delhi,Cochin,1,10577.0,660,6,3,2019,8,0,19,0,6,3,2019
Air India,Kolkata,Banglore,2,12723.0,1625,24,5,2019,5,50,8,55,25,5,2019
Jet Airways,Delhi,Cochin,1,14714.0,395,6,1,2019,21,50,4,25,6,2,2019
Jet Airways,Delhi,Cochin,1,7438.0,1570,21,3,2019,2,15,4,25,22,3,2019
Air India,Kolkata,Banglore,1,10203.0,1435,15,5,2019,20,30,20,25,16,5,2019
Air Asia,Kolkata,Banglore,0,3782.0,150,27,3,2019,22,50,1,20,28,3,2019
Jet Airways,Delhi,Cochin,2,13014.0,810,6,12,2019,5,30,19,0,6,12,2019
Multiple carriers,Delhi,Cochin,1,8073.0,390,15,5,2019,19,0,1,30,16,5,2019
IndiGo,Kolkata,Banglore,0,4804.0,155,5,9,2019,15,30,18,5,5,9,2019
IndiGo,Kolkata,Banglore,1,4864.0,330,5,9,2019,7,10,12,40,5,9,2019
Multiple carriers,Delhi,Cochin,1,15135.0,730,3,6,2019,6,40,18,50,3,6,2019
Air India,Kolkata,Banglore,1,8366.0,1100,6,6,2019,16,50,11,10,6,7,2019
Jet Airways,Delhi,Cochin,2,13292.0,1375,6,9,2019,5,30,4,25,6,10,2019
Air India,Banglore,Delhi,0,7171.0,165,15,6,2019,17,0,19,45,15,6,2019
Jet Airways,Kolkata,Banglore,1,12121.0,690,5,6,2019,9,35,21,5,5,6,2019
Air India,Delhi,Cochin,2,11753.0,500,6,12,2019,10,55,19,15,6,12,2019
IndiGo,Banglore,Delhi,1,8064.0,285,3,1,2019,5,15,10,0,3,1,2019
Jet Airways,Delhi,Cochin,1,10262.0,1680,6,6,2019,15,0,19,0,6,7,2019
IndiGo,Chennai,Kolkata,0,5277.0,140,5,3,2019,22,5,0,25,5,4,2019
Jet Airways,Banglore,Delhi,0,8016.0,180,6,9,2019,17,45,20,45,6,9,2019
Air India,Mumbai,Hyderabad,2,11342.0,560,3,12,2019,5,30,14,50,3,12,2019
Jet Airways,Kolkata,Banglore,1,7594.0,1330,6,12,2019,6,30,4,40,13,6,2019
Air Asia,Banglore,Delhi,0,4483.0,165,6,3,2019,11,10,13,55,6,3,2019
Jet Airways,Delhi,Cochin,2,16263.0,505,18,5,2019,20,0,4,25,19,5,2019
Air India,Kolkata,Banglore,2,13243.0,920,5,12,2019,10,0,1,20,13,5,2019
Jet Airways,Banglore,Delhi,0,6478.0,165,6,12,2019,6,0,8,45,6,12,2019
Jet Airways,Delhi,Cochin,1,15764.0,320,3,6,2019,23,5,4,25,3,7,2019
Air India,Kolkata,Banglore,2,4647.0,1170,4,3,2019,9,10,4,40,4,4,2019
Jet Airways,Banglore,Delhi,0,8016.0,180,6,3,2019,19,50,22,50,6,3,2019
Air India,Kolkata,Banglore,0,4145.0,155,6,12,2019,20,45,23,20,6,12,2019
Multiple carriers,Delhi,Cochin,1,8055.0,810,27,3,2019,7,30,21,0,27,3,2019
Air India,Delhi,Cochin,2,12409.0,1560,18,5,2019,17,15,19,15,19,5,2019
IndiGo,Kolkata,Banglore,0,6038.0,165,24,3,2019,9,35,12,20,24,3,2019
Air Asia,Kolkata,Banglore,0,4107.0,150,21,5,2019,22,50,1,20,22,5,2019
Air India,Delhi,Cochin,2,11911.0,1545,21,5,2019,5,55,7,40,22,5,2019
Jet Airways,Banglore,Delhi,1,25735.0,1450,3,1,2019,22,50,23,0,3,2,2019
Air India,Kolkata,Banglore,2,11458.0,955,6,6,2019,9,25,1,20,6,7,2019
Air Asia,Delhi,Cochin,1,6152.0,340,24,4,2019,16,45,22,25,24,4,2019
Jet Airways,Kolkata,Banglore,1,10844.0,1585,6,9,2019,21,10,23,35,6,10,2019
Vistara,Chennai,Kolkata,0,11982.0,140,24,5,2019,17,45,20,5,24,5,2019
Jet Airways,Kolkata,Banglore,1,13941.0,590,5,9,2019,6,30,16,20,5,9,2019
IndiGo,Delhi,Cochin,1,6938.0,480,27,3,2019,14,20,22,20,27,3,2019
Jet Airways,Delhi,Cochin,2,15339.0,1775,27,6,2019,13,25,19,0,28,6,2019
Jet Airways,Delhi,Cochin,2,20064.0,2245,3,3,2019,5,25,18,50,3,4,2019
Multiple carriers,Delhi,Cochin,1,6093.0,455,15,6,2019,14,55,22,30,15,6,2019
Multiple carriers Premium economy,Delhi,Cochin,1,10885.0,395,21,3,2019,19,0,1,35,22,3,2019
Air India,Delhi,Cochin,1,8907.0,570,6,1,2019,13,30,23,0,6,1,2019
Jet Airways,Kolkata,Banglore,1,9663.0,855,5,6,2019,6,30,20,45,5,6,2019
IndiGo,Delhi,Cochin,1,7160.0,425,27,4,2019,5,5,12,10,27,4,2019
Multiple carriers Premium economy,Delhi,Cochin,1,11269.0,480,21,3,2019,7,30,15,30,21,3,2019
Jet Airways,Mumbai,Hyderabad,0,5678.0,90,4,1,2019,19,35,21,5,4,1,2019
Jet Airways,Mumbai,Hyderabad,0,5678.0,85,27,5,2019,2,55,4,20,27,5,2019
Air India,Delhi,Cochin,1,8907.0,795,6,6,2019,9,45,23,0,6,6,2019
Jet Airways,Mumbai,Hyderabad,0,3210.0,85,27,6,2019,2,55,4,20,27,6,2019
Air India,Banglore,Delhi,0,6961.0,165,15,5,2019,6,10,8,55,15,5,2019
Jet Airways,Banglore,Delhi,1,14815.0,1090,3,6,2019,14,5,8,15,3,7,2019
Jet Airways,Kolkata,Banglore,1,11467.0,1540,5,6,2019,20,25,22,5,5,7,2019
Jet Airways,Delhi,Cochin,2,10919.0,1320,15,6,2019,14,35,12,35,16,6,2019
GoAir,Delhi,Cochin,1,9069.0,310,6,3,2019,14,25,19,35,6,3,2019
SpiceJet,Kolkata,Banglore,1,4649.0,315,5,1,2019,15,5,20,20,5,1,2019
IndiGo,Banglore,Delhi,0,4823.0,175,6,3,2019,18,25,21,20,6,3,2019
Air India,Kolkata,Banglore,1,6528.0,1440,21,5,2019,14,35,14,35,22,5,2019
Jet Airways,Banglore,Delhi,1,22270.0,400,3,6,2019,5,45,12,25,3,6,2019
Jet Airways,Delhi,Cochin,2,15654.0,1060,3,9,2019,10,45,4,25,3,10,2019
Vistara,Kolkata,Banglore,1,7770.0,1595,4,1,2019,20,20,22,55,4,2,2019
IndiGo,Kolkata,Banglore,0,4804.0,155,5,3,2019,4,40,7,15,5,3,2019
Jet Airways,Delhi,Cochin,2,10368.0,1025,15,6,2019,19,30,12,35,16,6,2019
IndiGo,Delhi,Cochin,0,7673.0,195,3,3,2019,21,5,0,20,3,4,2019
IndiGo,Delhi,Cochin,0,6015.0,195,21,4,2019,5,35,8,50,21,4,2019
IndiGo,Kolkata,Banglore,0,4804.0,155,24,4,2019,11,30,14,5,24,4,2019
Jet Airways,Kolkata,Banglore,1,13941.0,735,15,5,2019,20,0,8,15,16,5,2019
Air Asia,Kolkata,Banglore,1,5162.0,215,5,9,2019,19,55,23,30,5,9,2019
Air India,Banglore,Delhi,1,10657.0,700,3,9,2019,11,5,22,45,3,9,2019
Jet Airways,Kolkata,Banglore,1,14781.0,425,5,9,2019,16,30,23,35,5,9,2019
IndiGo,Mumbai,Hyderabad,0,2754.0,90,4,3,2019,19,5,20,35,4,3,2019
Air India,Banglore,Delhi,2,11474.0,965,3,12,2019,6,50,22,55,3,12,2019
Jet Airways,Kolkata,Banglore,1,7757.0,800,18,5,2019,18,55,8,15,19,5,2019
Jet Airways,Mumbai,Hyderabad,0,2228.0,85,4,3,2019,2,55,4,20,4,3,2019
Jet Airways,Banglore,Delhi,1,10405.0,1455,15,3,2019,8,0,8,15,16,3,2019
GoAir,Banglore,Delhi,0,3419.0,175,27,6,2019,7,45,10,40,27,6,2019
Jet Airways,Delhi,Cochin,1,10262.0,1145,6,9,2019,17,30,12,35,6,10,2019
Air India,Mumbai,Hyderabad,0,3100.0,90,6,9,2019,13,55,15,25,6,9,2019
Jet Airways,Delhi,Cochin,1,11848.0,1570,3,9,2019,2,15,4,25,3,10,2019
Air India,Delhi,Cochin,1,5683.0,705,4,9,2019,20,30,8,15,4,10,2019
Jet Airways,Kolkata,Banglore,1,9663.0,1655,5,9,2019,8,25,12,0,5,10,2019
Jet Airways,Banglore,Delhi,0,4544.0,180,24,4,2019,19,50,22,50,24,4,2019
Jet Airways,Mumbai,Hyderabad,0,4050.0,85,27,5,2019,2,55,4,20,27,5,2019
Vistara,Kolkata,Banglore,1,9187.0,765,5,9,2019,20,20,9,5,5,10,2019
Vistara,Kolkata,Banglore,1,8452.0,1440,4,1,2019,20,20,20,20,4,2,2019
Air India,Kolkata,Banglore,2,11668.0,955,18,5,2019,9,25,1,20,19,5,2019
Air India,Delhi,Cochin,2,13381.0,1730,6,9,2019,14,25,19,15,6,10,2019
Multiple carriers,Delhi,Cochin,1,8073.0,840,18,5,2019,7,0,21,0,18,5,2019
Air Asia,Kolkata,Banglore,0,5620.0,155,3,1,2019,10,20,12,55,3,1,2019
Jet Airways,Kolkata,Banglore,1,12739.0,875,6,12,2019,14,5,4,40,13,6,2019
Air Asia,Kolkata,Banglore,0,5989.0,150,5,3,2019,19,55,22,25,5,3,2019
Air India,Kolkata,Banglore,1,8891.0,1350,21,5,2019,9,25,7,55,22,5,2019
Jet Airways,Banglore,Delhi,0,4544.0,180,27,4,2019,19,50,22,50,27,4,2019
Jet Airways,Delhi,Cochin,1,10262.0,1620,6,6,2019,16,0,19,0,6,7,2019
Vistara,Kolkata,Banglore,1,9345.0,1640,21,5,2019,17,0,20,20,22,5,2019
Vistara,Banglore,Delhi,0,21730.0,160,3,1,2019,19,40,22,20,3,1,2019
IndiGo,Delhi,Cochin,1,6838.0,705,15,6,2019,9,15,21,0,15,6,2019
Air India,Mumbai,Hyderabad,1,10943.0,1345,3,12,2019,21,0,19,25,13,3,2019
IndiGo,Banglore,Delhi,0,3943.0,170,18,6,2019,4,0,6,50,18,6,2019
SpiceJet,Banglore,Delhi,0,3573.0,160,18,6,2019,5,55,8,35,18,6,2019
SpiceJet,Kolkata,Banglore,0,3841.0,145,15,5,2019,9,0,11,25,15,5,2019
Multiple carriers,Delhi,Cochin,1,9646.0,505,21,5,2019,9,45,18,10,21,5,2019
Air India,Delhi,Cochin,0,4729.0,185,18,3,2019,18,5,21,10,18,3,2019
Jet Airways,Banglore,Delhi,1,17261.0,640,3,6,2019,22,50,9,30,3,7,2019
Jet Airways,Kolkata,Banglore,1,13941.0,1200,5,1,2019,14,5,10,5,5,2,2019
Jet Airways,Kolkata,Banglore,1,10844.0,890,21,5,2019,21,10,12,0,22,5,2019
Jet Airways,Kolkata,Banglore,1,14231.0,1285,24,3,2019,18,55,16,20,25,3,2019
Jet Airways,Delhi,Cochin,1,14714.0,360,6,12,2019,13,0,19,0,6,12,2019
SpiceJet,Delhi,Cochin,1,6460.0,270,21,3,2019,8,45,13,15,21,3,2019
Jet Airways,Kolkata,Banglore,1,11467.0,1630,5,1,2019,20,25,23,35,5,2,2019
IndiGo,Banglore,Delhi,0,3943.0,175,5,3,2019,0,30,3,25,5,3,2019
IndiGo,Kolkata,Banglore,1,4775.0,290,15,4,2019,15,15,20,5,15,4,2019
SpiceJet,Kolkata,Banglore,0,3841.0,145,4,6,2019,9,0,11,25,4,6,2019
Jet Airways,Banglore,Delhi,1,12284.0,1200,18,3,2019,11,40,7,40,16,3,2019
IndiGo,Kolkata,Banglore,0,4804.0,155,6,9,2019,17,15,19,50,6,9,2019
Jet Airways,Delhi,Cochin,2,12819.0,1390,24,6,2019,13,25,12,35,25,6,2019
Jet Airways,Delhi,Cochin,1,14714.0,610,6,3,2019,18,15,4,25,6,4,2019
Jet Airways,Mumbai,Hyderabad,0,8040.0,90,27,5,2019,10,20,11,50,27,5,2019
Multiple carriers,Delhi,Cochin,2,16840.0,625,15,5,2019,15,5,1,30,16,5,2019
Jet Airways,Delhi,Cochin,1,15554.0,335,5,6,2019,22,50,4,25,5,7,2019
GoAir,Delhi,Cochin,1,5752.0,540,15,4,2019,10,35,19,35,15,4,2019
Vistara,Kolkata,Banglore,1,8452.0,1065,5,9,2019,17,0,10,45,5,10,2019
Multiple carriers,Delhi,Cochin,1,11761.0,675,27,5,2019,8,0,19,15,27,5,2019
Multiple carriers,Delhi,Cochin,1,14848.0,375,27,6,2019,13,0,19,15,27,6,2019
Jet Airways,Delhi,Cochin,2,10368.0,810,6,3,2019,5,30,19,0,6,3,2019
Air India,Delhi,Cochin,2,9863.0,1595,18,5,2019,16,40,19,15,19,5,2019
Jet Airways,Delhi,Cochin,1,10262.0,540,27,6,2019,10,0,19,0,27,6,2019
Vistara,Banglore,Delhi,0,4668.0,160,6,6,2019,7,0,9,40,6,6,2019
Multiple carriers,Delhi,Cochin,1,9103.0,455,15,5,2019,11,25,19,0,15,5,2019
Jet Airways,Delhi,Cochin,1,10262.0,885,6,12,2019,21,50,12,35,13,6,2019
GoAir,Delhi,Cochin,1,4525.0,370,27,6,2019,7,25,13,35,27,6,2019
Air India,Banglore,Delhi,0,5228.0,165,27,4,2019,10,0,12,45,27,4,2019
Jet Airways,Banglore,Delhi,1,19225.0,460,3,6,2019,21,25,5,5,3,7,2019
Jet Airways,Mumbai,Hyderabad,0,8040.0,90,5,9,2019,10,20,11,50,5,9,2019
Jet Airways,Delhi,Cochin,1,7438.0,865,21,3,2019,14,0,4,25,22,3,2019
Multiple carriers,Delhi,Cochin,1,13135.0,690,3,6,2019,4,0,15,30,3,6,2019
IndiGo,Delhi,Cochin,0,6015.0,195,5,9,2019,14,25,17,40,5,9,2019
Multiple carriers,Delhi,Cochin,1,8283.0,510,18,5,2019,17,0,1,30,19,5,2019
SpiceJet,Chennai,Kolkata,0,3543.0,135,6,9,2019,8,20,10,35,6,9,2019
IndiGo,Kolkata,Banglore,0,4148.0,165,27,3,2019,10,10,12,55,27,3,2019
GoAir,Banglore,Delhi,1,7657.0,270,15,3,2019,15,45,20,15,15,3,2019
IndiGo,Kolkata,Banglore,1,5276.0,220,5,12,2019,19,35,23,15,5,12,2019
Jet Airways,Kolkata,Banglore,1,14151.0,840,15,5,2019,9,35,23,35,15,5,2019
Jet Airways,Mumbai,Hyderabad,0,8040.0,90,21,6,2019,10,20,11,50,21,6,2019
IndiGo,Delhi,Cochin,2,8378.0,565,3,9,2019,11,55,21,20,3,9,2019
SpiceJet,Chennai,Kolkata,0,3543.0,135,6,9,2019,9,45,12,0,6,9,2019
IndiGo,Banglore,Delhi,0,4823.0,175,6,12,2019,18,55,21,50,6,12,2019
Jet Airways,Kolkata,Banglore,1,14388.0,800,15,5,2019,18,55,8,15,16,5,2019
SpiceJet,Chennai,Kolkata,0,3543.0,140,6,9,2019,17,45,20,5,6,9,2019
Jet Airways,Kolkata,Banglore,1,10844.0,400,5,12,2019,14,5,20,45,5,12,2019
Jet Airways,Kolkata,Banglore,1,10844.0,705,6,9,2019,6,30,18,15,6,9,2019
SpiceJet,Delhi,Cochin,1,4957.0,295,6,12,2019,17,55,22,50,6,12,2019
IndiGo,Delhi,Cochin,1,6442.0,515,15,5,2019,7,35,16,10,15,5,2019
Air India,Delhi,Cochin,1,7480.0,965,15,5,2019,17,20,9,25,16,5,2019
IndiGo,Delhi,Cochin,1,5073.0,305,4,1,2019,20,25,1,30,4,2,2019
Jet Airways,Kolkata,Banglore,1,14781.0,365,5,9,2019,16,30,22,35,5,9,2019
Multiple carriers,Delhi,Cochin,1,9646.0,385,6,3,2019,9,45,16,10,6,3,2019
Jet Airways,Kolkata,Banglore,1,7851.0,590,4,1,2019,6,30,16,20,4,1,2019
SpiceJet,Mumbai,Hyderabad,0,2175.0,80,24,3,2019,5,45,7,5,24,3,2019
Air India,Kolkata,Banglore,2,14424.0,1165,5,9,2019,10,0,5,25,5,10,2019
Jet Airways,Delhi,Cochin,2,13014.0,560,6,12,2019,9,40,19,0,6,12,2019
Jet Airways,Delhi,Cochin,1,5177.0,1005,4,6,2019,2,15,19,0,4,6,2019
Multiple carriers,Delhi,Cochin,1,15135.0,485,3,3,2019,10,45,18,50,3,3,2019
Air India,Banglore,Delhi,0,5228.0,170,21,6,2019,21,5,23,55,21,6,2019
Jet Airways,Banglore,Delhi,1,22270.0,1045,3,1,2019,11,40,5,5,3,2,2019
SpiceJet,Chennai,Kolkata,0,3543.0,135,15,6,2019,9,45,12,0,15,6,2019
Jet Airways,Delhi,Cochin,2,15129.0,1195,18,5,2019,23,5,19,0,19,5,2019
IndiGo,Delhi,Cochin,1,6093.0,860,15,6,2019,6,40,21,0,15,6,2019
Jet Airways,Banglore,Delhi,1,11087.0,375,18,3,2019,14,5,20,20,18,3,2019
Multiple carriers,Delhi,Cochin,1,7408.0,720,27,6,2019,9,0,21,0,27,6,2019
IndiGo,Kolkata,Banglore,1,6534.0,315,24,5,2019,21,0,2,15,25,5,2019
Jet Airways,Delhi,Cochin,2,13029.0,1375,18,5,2019,5,30,4,25,19,5,2019
Jet Airways,Banglore,Delhi,0,8016.0,180,18,6,2019,7,10,10,10,18,6,2019
Air India,Mumbai,Hyderabad,1,8528.0,795,3,12,2019,5,55,19,10,3,12,2019
Air India,Delhi,Cochin,2,12760.0,1560,6,6,2019,17,15,19,15,6,7,2019
Air India,Delhi,Cochin,2,12199.0,1560,6,9,2019,17,15,19,15,6,10,2019
Multiple carriers,Delhi,Cochin,1,14067.0,930,21,5,2019,10,0,1,30,22,5,2019
Jet Airways,Banglore,Delhi,0,8016.0,180,15,6,2019,17,45,20,45,15,6,2019
Air India,Kolkata,Banglore,0,5510.0,150,5,3,2019,14,15,16,45,5,3,2019
Air India,Kolkata,Banglore,1,6241.0,1440,24,3,2019,14,35,14,35,25,3,2019
Air India,Delhi,Cochin,1,16142.0,1255,3,3,2019,12,30,9,25,3,4,2019
Jet Airways,Delhi,Cochin,2,10919.0,1320,27,6,2019,14,35,12,35,28,6,2019
IndiGo,Kolkata,Banglore,0,4804.0,160,21,4,2019,21,25,0,5,22,4,2019
IndiGo,Delhi,Cochin,1,6979.0,575,15,5,2019,11,25,21,0,15,5,2019
Air India,Delhi,Cochin,0,6094.0,180,18,4,2019,14,10,17,10,18,4,2019
Air India,Banglore,Delhi,0,5176.0,165,4,1,2019,17,0,19,45,4,1,2019
Multiple carriers,Delhi,Cochin,1,15136.0,480,3,6,2019,13,0,21,0,3,6,2019
Jet Airways,Kolkata,Banglore,1,10031.0,900,24,3,2019,8,25,23,25,24,3,2019
Jet Airways,Delhi,Cochin,2,12814.0,2245,21,3,2019,5,25,18,50,22,3,2019
Jet Airways,Kolkata,Banglore,1,12681.0,800,4,1,2019,6,30,19,50,4,1,2019
Multiple carriers,Delhi,Cochin,1,12402.0,710,21,3,2019,7,0,18,50,21,3,2019
Jet Airways,Kolkata,Banglore,1,13759.0,585,24,3,2019,8,25,18,10,24,3,2019
SpiceJet,Chennai,Kolkata,0,3597.0,140,18,6,2019,17,45,20,5,18,6,2019
Air Asia,Banglore,Delhi,0,3383.0,170,21,5,2019,23,55,2,45,22,5,2019
Vistara,Banglore,Delhi,0,4668.0,170,5,9,2019,9,45,12,35,5,9,2019
Jet Airways,Delhi,Cochin,2,10929.0,1995,21,3,2019,19,10,4,25,23,3,2019
Vistara,Kolkata,Banglore,1,9187.0,1065,4,1,2019,17,0,10,45,4,2,2019
Multiple carriers,Delhi,Cochin,1,7530.0,830,6,3,2019,11,40,1,30,6,4,2019
Air India,Kolkata,Banglore,1,8026.0,270,24,3,2019,9,10,13,40,24,3,2019
SpiceJet,Banglore,Delhi,0,4319.0,170,4,9,2019,9,30,12,20,4,9,2019
Jet Airways,Delhi,Cochin,2,13376.0,830,24,6,2019,14,35,4,25,25,6,2019
SpiceJet,Kolkata,Banglore,0,4174.0,145,5,6,2019,9,0,11,25,5,6,2019
Vistara,Banglore,Delhi,0,4668.0,160,27,5,2019,7,0,9,40,27,5,2019
Multiple carriers,Delhi,Cochin,1,13062.0,835,21,3,2019,7,5,21,0,21,3,2019
Jet Airways,Delhi,Cochin,1,12898.0,550,27,5,2019,19,15,4,25,28,5,2019
Jet Airways,Delhi,Cochin,1,14714.0,805,6,6,2019,15,0,4,25,6,7,2019
Air India,Kolkata,Banglore,2,10991.0,875,5,9,2019,5,50,20,25,5,9,2019
Jet Airways,Banglore,Delhi,0,4030.0,175,5,1,2019,11,10,14,5,5,1,2019
Jet Airways,Delhi,Cochin,2,13029.0,1125,21,5,2019,9,40,4,25,22,5,2019
Vistara,Banglore,Delhi,1,6800.0,355,15,3,2019,6,40,12,35,15,3,2019
Jet Airways,Banglore,Delhi,1,11087.0,1590,3,9,2019,7,0,9,30,13,3,2019
Multiple carriers,Delhi,Cochin,1,9794.0,520,18,5,2019,10,20,19,0,18,5,2019
Jet Airways,Kolkata,Banglore,1,14388.0,730,5,6,2019,21,10,9,20,5,7,2019
IndiGo,Kolkata,Banglore,0,4148.0,160,3,12,2019,21,25,0,5,13,3,2019
Air India,Delhi,Cochin,2,17266.0,1395,3,3,2019,20,0,19,15,3,4,2019
Air India,Kolkata,Banglore,1,7893.0,745,4,1,2019,20,30,8,55,4,2,2019
Jet Airways,Banglore,Delhi,0,7229.0,180,5,9,2019,19,50,22,50,5,9,2019
Multiple carriers,Delhi,Cochin,1,9930.0,835,21,5,2019,7,5,21,0,21,5,2019
Multiple carriers,Delhi,Cochin,1,18286.0,845,3,3,2019,11,30,1,35,3,4,2019
Jet Airways,Banglore,Delhi,0,7229.0,180,27,6,2019,19,50,22,50,27,6,2019
Vistara,Delhi,Cochin,0,6216.0,190,24,6,2019,6,0,9,10,24,6,2019
Air Asia,Banglore,Delhi,0,4282.0,170,6,6,2019,4,55,7,45,6,6,2019
IndiGo,Delhi,Cochin,1,5054.0,275,27,5,2019,7,35,12,10,27,5,2019
Jet Airways,Delhi,Cochin,1,10262.0,715,6,6,2019,7,5,19,0,6,6,2019
Air Asia,Delhi,Cochin,1,11410.0,340,6,6,2019,16,45,22,25,6,6,2019
Jet Airways,Kolkata,Banglore,1,14571.0,705,24,5,2019,6,30,18,15,24,5,2019
GoAir,Delhi,Cochin,1,4692.0,370,24,6,2019,7,25,13,35,24,6,2019
Jet Airways,Delhi,Cochin,2,10919.0,830,15,6,2019,14,35,4,25,16,6,2019
Jet Airways,Kolkata,Banglore,1,10844.0,685,5,6,2019,8,25,19,50,5,6,2019
Jet Airways,Kolkata,Banglore,1,10844.0,1220,21,5,2019,20,0,16,20,22,5,2019
Air India,Delhi,Cochin,0,6094.0,180,5,9,2019,14,10,17,10,5,9,2019
Vistara,Delhi,Cochin,0,6741.0,190,6,1,2019,14,40,17,50,6,1,2019
Air India,Delhi,Cochin,1,8372.0,1420,6,1,2019,9,45,9,25,6,2,2019
Multiple carriers,Delhi,Cochin,1,14067.0,575,21,5,2019,2,15,11,50,21,5,2019
IndiGo,Delhi,Cochin,1,10236.0,825,3,3,2019,8,35,22,20,3,3,2019
Air India,Delhi,Cochin,1,7480.0,765,6,3,2019,20,40,9,25,6,4,2019
Multiple carriers,Delhi,Cochin,1,8386.0,385,3,9,2019,9,45,16,10,3,9,2019
Multiple carriers,Delhi,Cochin,1,6795.0,830,6,6,2019,11,40,1,30,6,7,2019
Air Asia,Kolkata,Banglore,0,4409.0,155,15,5,2019,10,20,12,55,15,5,2019
IndiGo,Chennai,Kolkata,0,3597.0,140,5,9,2019,19,35,21,55,5,9,2019
Air India,Banglore,Delhi,0,6961.0,165,15,6,2019,6,10,8,55,15,6,2019
Jet Airways,Kolkata,Banglore,1,12692.0,395,6,12,2019,17,0,23,35,6,12,2019
Air India,Mumbai,Hyderabad,0,4307.0,75,3,12,2019,19,30,20,45,3,12,2019
Jet Airways,Banglore,Delhi,0,4030.0,180,15,5,2019,8,20,11,20,15,5,2019
Air India,Kolkata,Banglore,2,15957.0,805,18,5,2019,9,50,23,15,18,5,2019
Jet Airways,Banglore,Delhi,1,7832.0,755,21,3,2019,22,50,11,25,19,3,2019
Air India,Kolkata,Banglore,3,12954.0,1470,4,1,2019,10,0,10,30,4,2,2019
Jet Airways,Delhi,Cochin,2,11150.0,1760,27,6,2019,23,5,4,25,29,6,2019
IndiGo,Mumbai,Hyderabad,0,4049.0,85,3,12,2019,6,20,7,45,3,12,2019
Jet Airways,Banglore,Delhi,1,9134.0,570,15,3,2019,5,45,15,15,15,3,2019
Air Asia,Kolkata,Banglore,0,4409.0,150,5,1,2019,22,50,1,20,5,2,2019
Jet Airways,Kolkata,Banglore,1,14781.0,510,5,1,2019,14,5,22,35,5,1,2019
Air India,Banglore,Delhi,0,5228.0,170,24,4,2019,21,5,23,55,24,4,2019
SpiceJet,Chennai,Kolkata,0,3597.0,140,21,5,2019,17,45,20,5,21,5,2019
Multiple carriers,Delhi,Cochin,1,6795.0,615,6,12,2019,15,15,1,30,13,6,2019
Air Asia,Kolkata,Banglore,0,3807.0,150,18,6,2019,22,50,1,20,19,6,2019
Jet Airways,Kolkata,Banglore,1,14781.0,425,5,1,2019,16,30,23,35,5,1,2019
Air India,Delhi,Cochin,1,8372.0,615,5,9,2019,9,0,19,15,5,9,2019
IndiGo,Delhi,Cochin,0,5000.0,195,24,6,2019,14,20,17,35,24,6,2019
Vistara,Banglore,Delhi,0,5403.0,170,4,1,2019,9,45,12,35,4,1,2019
IndiGo,Delhi,Cochin,1,11600.0,625,3,3,2019,11,55,22,20,3,3,2019
Multiple carriers,Delhi,Cochin,1,8476.0,630,18,5,2019,8,45,19,15,18,5,2019
Air India,Banglore,Delhi,2,6593.0,655,15,3,2019,10,30,21,25,15,3,2019
IndiGo,Banglore,Delhi,0,7648.0,170,3,9,2019,16,55,19,45,3,9,2019
Vistara,Kolkata,Banglore,1,9345.0,700,5,1,2019,7,10,18,50,5,1,2019
Jet Airways,Delhi,Cochin,2,15129.0,1125,27,5,2019,9,40,4,25,28,5,2019
Multiple carriers,Delhi,Cochin,1,7268.0,385,27,6,2019,12,50,19,15,27,6,2019
Jet Airways,Mumbai,Hyderabad,0,3210.0,90,6,6,2019,19,35,21,5,6,6,2019
IndiGo,Chennai,Kolkata,0,7295.0,140,24,3,2019,19,35,21,55,24,3,2019
IndiGo,Delhi,Cochin,1,6442.0,425,27,6,2019,5,5,12,10,27,6,2019
IndiGo,Kolkata,Banglore,1,3809.0,265,5,6,2019,19,20,23,45,5,6,2019
Air India,Banglore,Delhi,2,15119.0,630,3,1,2019,5,50,16,20,3,1,2019
GoAir,Delhi,Cochin,1,9069.0,310,6,9,2019,14,25,19,35,6,9,2019
IndiGo,Banglore,Delhi,0,3943.0,170,5,6,2019,10,10,13,0,5,6,2019
Air India,Kolkata,Banglore,2,12534.0,1345,6,9,2019,7,0,5,25,6,10,2019
Multiple carriers,Delhi,Cochin,1,13714.0,600,6,3,2019,9,0,19,0,6,3,2019
Air India,Delhi,Cochin,3,9128.0,2280,21,3,2019,5,15,19,15,22,3,2019
IndiGo,Mumbai,Hyderabad,0,2227.0,90,21,5,2019,21,20,22,50,21,5,2019
Jet Airways,Kolkata,Banglore,1,10844.0,1595,18,5,2019,20,0,22,35,19,5,2019
Jet Airways,Kolkata,Banglore,1,13941.0,730,5,6,2019,16,30,4,40,5,7,2019
Jet Airways,Banglore,Delhi,1,7832.0,570,21,3,2019,5,45,15,15,21,3,2019
GoAir,Banglore,Delhi,0,3419.0,175,6,12,2019,7,45,10,40,6,12,2019
Jet Airways,Kolkata,Banglore,1,14151.0,1480,21,5,2019,20,25,21,5,22,5,2019
IndiGo,Delhi,Cochin,1,5073.0,275,4,3,2019,7,35,12,10,4,3,2019
Vistara,Kolkata,Banglore,1,9922.0,965,5,12,2019,17,0,9,5,13,5,2019
IndiGo,Chennai,Kolkata,0,4752.0,135,24,3,2019,13,20,15,35,24,3,2019
Multiple carriers,Delhi,Cochin,1,10197.0,615,27,5,2019,9,0,19,15,27,5,2019
Air India,Banglore,Delhi,0,6961.0,165,6,12,2019,10,0,12,45,6,12,2019
Multiple carriers,Delhi,Cochin,1,17493.0,480,3,3,2019,13,0,21,0,3,3,2019
Multiple carriers,Delhi,Cochin,1,13587.0,835,6,6,2019,7,5,21,0,6,6,2019
Jet Airways,Delhi,Cochin,1,10262.0,745,6,6,2019,16,0,4,25,6,7,2019
Air India,Kolkata,Banglore,2,15107.0,1105,21,5,2019,14,30,8,55,22,5,2019
Vistara,Kolkata,Banglore,1,8452.0,1065,15,5,2019,17,0,10,45,16,5,2019
Air India,Mumbai,Hyderabad,0,3100.0,80,21,6,2019,21,5,22,25,21,6,2019
IndiGo,Banglore,Delhi,0,4823.0,175,24,5,2019,7,10,10,5,24,5,2019
Air Asia,Banglore,Delhi,0,4483.0,170,21,4,2019,23,55,2,45,22,4,2019
Air India,Kolkata,Banglore,2,13243.0,920,18,5,2019,10,0,1,20,19,5,2019
IndiGo,Delhi,Cochin,1,5684.0,845,27,6,2019,11,25,1,30,28,6,2019
Jet Airways,Mumbai,Hyderabad,0,3205.0,90,4,3,2019,10,20,11,50,4,3,2019
Jet Airways,Delhi,Cochin,1,10262.0,1105,15,6,2019,10,0,4,25,16,6,2019
IndiGo,Banglore,Delhi,0,4823.0,170,21,5,2019,20,0,22,50,21,5,2019
Jet Airways,Delhi,Cochin,1,15554.0,360,5,9,2019,13,0,19,0,5,9,2019
IndiGo,Banglore,Delhi,0,3943.0,170,27,6,2019,4,0,6,50,27,6,2019
Vistara,Mumbai,Hyderabad,1,12080.0,745,3,12,2019,7,30,19,55,3,12,2019
Air Asia,Banglore,Delhi,0,3383.0,170,27,5,2019,23,55,2,45,28,5,2019
SpiceJet,Mumbai,Hyderabad,0,2437.0,80,18,3,2019,5,45,7,5,18,3,2019
SpiceJet,Mumbai,Hyderabad,0,1965.0,90,6,1,2019,22,45,0,15,6,2,2019
Jet Airways,Banglore,Delhi,1,7832.0,695,21,3,2019,22,50,10,25,19,3,2019
IndiGo,Delhi,Cochin,1,6442.0,560,6,9,2019,6,50,16,10,6,9,2019
Air India,Kolkata,Banglore,2,12723.0,1625,15,5,2019,5,50,8,55,16,5,2019
Jet Airways,Banglore,Delhi,0,8016.0,175,6,12,2019,15,15,18,10,6,12,2019
Jet Airways,Delhi,Cochin,2,10199.0,910,24,6,2019,21,25,12,35,25,6,2019
Vistara,Kolkata,Banglore,1,10842.0,1395,24,3,2019,9,55,9,10,25,3,2019
Multiple carriers,Delhi,Cochin,1,7005.0,490,6,12,2019,12,50,21,0,6,12,2019
Air Asia,Kolkata,Banglore,0,4409.0,155,5,3,2019,10,20,12,55,5,3,2019
Jet Airways,Kolkata,Banglore,1,13364.0,730,4,1,2019,21,10,9,20,4,2,2019
Multiple carriers,Delhi,Cochin,1,13377.0,570,27,6,2019,16,0,1,30,28,6,2019
Jet Airways,Delhi,Cochin,1,10262.0,395,6,9,2019,21,50,4,25,6,10,2019
Jet Airways,Kolkata,Banglore,1,10844.0,425,18,5,2019,16,30,23,35,18,5,2019
Jet Airways,Kolkata,Banglore,1,14571.0,590,24,5,2019,6,30,16,20,24,5,2019
Jet Airways,Delhi,Cochin,2,19329.0,1925,3,9,2019,10,45,18,50,3,10,2019
Air India,Banglore,Delhi,1,4943.0,895,21,3,2019,8,15,23,10,21,3,2019
Jet Airways,Delhi,Cochin,2,15129.0,1760,5,9,2019,23,5,4,25,5,11,2019
Jet Airways,Delhi,Cochin,2,15129.0,560,18,5,2019,9,40,19,0,18,5,2019
Jet Airways,Kolkata,Banglore,1,10539.0,1500,6,6,2019,17,0,18,0,6,7,2019
Jet Airways,Kolkata,Banglore,1,10031.0,1525,24,3,2019,21,10,22,35,25,3,2019
Multiple carriers,Delhi,Cochin,1,9140.0,465,24,5,2019,17,45,1,30,25,5,2019
Air Asia,Kolkata,Banglore,0,4409.0,150,27,4,2019,22,50,1,20,28,4,2019
IndiGo,Banglore,Delhi,0,3419.0,170,15,5,2019,22,10,1,0,16,5,2019
Multiple carriers,Delhi,Cochin,1,9646.0,385,15,5,2019,9,45,16,10,15,5,2019
Jet Airways,Kolkata,Banglore,1,13584.0,1690,5,9,2019,14,5,18,15,5,10,2019
Air India,Delhi,Cochin,2,11806.0,1600,21,5,2019,5,0,7,40,22,5,2019
GoAir,Delhi,Cochin,1,4563.0,370,4,1,2019,7,25,13,35,4,1,2019
Jet Airways,Delhi,Cochin,2,9412.0,1395,27,3,2019,5,10,4,25,28,3,2019
Jet Airways,Delhi,Cochin,1,12898.0,395,27,6,2019,21,50,4,25,28,6,2019
Vistara,Delhi,Cochin,0,6216.0,190,27,4,2019,14,40,17,50,27,4,2019
Jet Airways,Delhi,Cochin,1,12898.0,925,21,5,2019,13,0,4,25,22,5,2019
Jet Airways,Delhi,Cochin,1,10262.0,1210,6,9,2019,22,50,19,0,6,10,2019
Air India,Banglore,Delhi,0,12526.0,170,3,1,2019,13,20,16,10,3,1,2019
Air India,Delhi,Cochin,1,11522.0,1535,3,6,2019,5,15,6,50,3,7,2019
Jet Airways,Mumbai,Hyderabad,0,5678.0,85,6,12,2019,2,55,4,20,6,12,2019
Vistara,Banglore,Delhi,0,9918.0,160,3,9,2019,11,30,14,10,3,9,2019
Jet Airways,Kolkata,Banglore,1,14781.0,665,5,1,2019,21,10,8,15,5,2,2019
Air India,Delhi,Cochin,2,8026.0,2295,27,3,2019,5,0,19,15,28,3,2019
Air India,Banglore,Delhi,0,7276.0,170,24,3,2019,13,20,16,10,24,3,2019
Jet Airways,Kolkata,Banglore,1,7064.0,590,4,1,2019,8,25,18,15,4,1,2019
Multiple carriers,Delhi,Cochin,1,13062.0,480,21,3,2019,13,0,21,0,21,3,2019
Multiple carriers,Delhi,Cochin,1,12537.0,570,27,3,2019,11,30,21,0,27,3,2019
Jet Airways,Banglore,Delhi,1,21934.0,350,15,3,2019,18,55,0,45,13,3,2019
Jet Airways,Delhi,Cochin,1,10262.0,360,24,6,2019,13,0,19,0,24,6,2019
Vistara,Banglore,Delhi,0,4878.0,155,6,3,2019,17,0,19,35,6,3,2019
Jet Airways,Delhi,Cochin,1,14714.0,300,15,6,2019,14,0,19,0,15,6,2019
Jet Airways,Banglore,Delhi,1,9134.0,495,15,3,2019,7,0,15,15,15,3,2019
IndiGo,Banglore,Delhi,0,4823.0,180,4,1,2019,16,55,19,55,4,1,2019
Multiple carriers,Delhi,Cochin,1,6093.0,540,27,6,2019,7,10,16,10,27,6,2019
SpiceJet,Chennai,Kolkata,0,3597.0,135,6,3,2019,8,20,10,35,6,3,2019
Multiple carriers,Delhi,Cochin,1,13727.0,420,5,9,2019,14,0,21,0,5,9,2019
IndiGo,Kolkata,Banglore,0,4174.0,155,4,1,2019,11,30,14,5,4,1,2019
Jet Airways,Delhi,Cochin,1,10262.0,450,27,6,2019,11,30,19,0,27,6,2019
Multiple carriers,Delhi,Cochin,1,11789.0,520,6,6,2019,10,20,19,0,6,6,2019
Jet Airways,Kolkata,Banglore,1,8586.0,800,5,1,2019,18,55,8,15,5,2,2019
Air India,Banglore,Delhi,3,13081.0,1620,3,1,2019,5,50,8,50,3,2,2019
Jet Airways,Kolkata,Banglore,1,9314.0,1630,5,1,2019,20,25,23,35,5,2,2019
Jet Airways,Mumbai,Hyderabad,0,5678.0,90,21,6,2019,19,35,21,5,21,6,2019
Jet Airways,Delhi,Cochin,1,11924.0,540,27,5,2019,10,0,19,0,27,5,2019
Jet Airways,Kolkata,Banglore,1,12692.0,1630,6,9,2019,20,25,23,35,6,10,2019
Jet Airways,Banglore,Delhi,0,6478.0,185,24,6,2019,18,55,22,0,24,6,2019
IndiGo,Kolkata,Banglore,1,4226.0,240,15,5,2019,6,20,10,20,15,5,2019
IndiGo,Delhi,Cochin,1,11532.0,355,3,9,2019,2,35,8,30,3,9,2019
Air India,Chennai,Kolkata,0,9340.0,135,3,6,2019,11,40,13,55,3,6,2019
Jet Airways,Delhi,Cochin,2,10368.0,1375,6,12,2019,5,30,4,25,13,6,2019
Jet Airways,Kolkata,Banglore,1,13626.0,400,6,12,2019,14,5,20,45,6,12,2019
Jet Airways,Kolkata,Banglore,1,9663.0,330,24,5,2019,6,30,12,0,24,5,2019
Jet Airways,Delhi,Cochin,2,16389.0,1380,3,6,2019,5,25,4,25,3,7,2019
Multiple carriers,Delhi,Cochin,1,10197.0,910,18,5,2019,3,50,19,0,18,5,2019
Jet Airways,Kolkata,Banglore,1,7594.0,450,6,12,2019,21,10,4,40,13,6,2019
Jet Airways,Banglore,Delhi,1,13817.0,840,3,12,2019,21,25,11,25,13,3,2019
Jet Airways,Banglore,Delhi,0,7229.0,180,15,4,2019,17,45,20,45,15,4,2019
Jet Airways,Delhi,Cochin,2,10368.0,1125,24,6,2019,9,40,4,25,25,6,2019
Air Asia,Banglore,Delhi,0,4282.0,170,15,5,2019,4,55,7,45,15,5,2019
Jet Airways,Delhi,Cochin,2,13292.0,1130,6,12,2019,9,35,4,25,13,6,2019
Jet Airways,Delhi,Cochin,2,13764.0,1025,27,6,2019,19,30,12,35,28,6,2019
Jet Airways,Kolkata,Banglore,1,12681.0,1285,4,1,2019,18,55,16,20,4,2,2019
Jet Airways,Banglore,Delhi,0,5198.0,175,5,12,2019,11,10,14,5,5,12,2019
Multiple carriers,Delhi,Cochin,1,12615.0,735,3,9,2019,7,30,19,45,3,9,2019
IndiGo,Kolkata,Banglore,0,5644.0,155,21,4,2019,11,30,14,5,21,4,2019
Jet Airways,Banglore,Delhi,1,11087.0,860,3,12,2019,22,55,13,15,13,3,2019
SpiceJet,Mumbai,Hyderabad,0,2227.0,90,5,3,2019,22,45,0,15,5,4,2019
Jet Airways,Banglore,Delhi,0,8016.0,180,18,6,2019,19,50,22,50,18,6,2019
SpiceJet,Banglore,Delhi,0,4885.0,170,5,9,2019,9,30,12,20,5,9,2019
IndiGo,Kolkata,Banglore,0,4174.0,165,4,1,2019,9,35,12,20,4,1,2019
Air Asia,Kolkata,Banglore,1,5162.0,220,5,9,2019,6,50,10,30,5,9,2019
Jet Airways,Delhi,Cochin,1,10262.0,360,27,6,2019,13,0,19,0,27,6,2019
IndiGo,Mumbai,Hyderabad,0,4049.0,90,18,6,2019,9,15,10,45,18,6,2019
Air India,Delhi,Cochin,1,8372.0,1515,27,5,2019,18,0,19,15,28,5,2019
IndiGo,Banglore,Delhi,0,3419.0,175,6,12,2019,0,30,3,25,6,12,2019
IndiGo,Delhi,Cochin,1,5073.0,265,27,3,2019,7,35,12,0,27,3,2019
IndiGo,Delhi,Cochin,1,6069.0,300,6,6,2019,16,0,21,0,6,6,2019
IndiGo,Delhi,Cochin,1,9709.0,425,21,3,2019,8,25,15,30,21,3,2019
Jet Airways,Delhi,Cochin,2,13014.0,1615,6,12,2019,9,40,12,35,13,6,2019
Jet Airways,Delhi,Cochin,2,13029.0,560,18,5,2019,9,40,19,0,18,5,2019
Multiple carriers,Delhi,Cochin,1,13937.0,780,15,5,2019,8,0,21,0,15,5,2019
SpiceJet,Delhi,Cochin,1,11349.0,360,3,3,2019,15,55,21,55,3,3,2019
Jet Airways,Delhi,Cochin,2,15129.0,1760,21,5,2019,23,5,4,25,23,5,2019
SpiceJet,Chennai,Kolkata,0,3597.0,135,6,9,2019,9,45,12,0,6,9,2019
Jet Airways,Kolkata,Banglore,1,14388.0,1485,5,6,2019,20,0,20,45,5,7,2019
Jet Airways,Banglore,Delhi,1,11087.0,1585,3,9,2019,8,0,10,25,13,3,2019
Jet Airways,Kolkata,Banglore,1,9663.0,1155,5,1,2019,14,5,9,20,5,2,2019
Jet Airways,Delhi,Cochin,2,13014.0,1375,6,1,2019,5,30,4,25,6,2,2019
IndiGo,Banglore,Delhi,0,3943.0,170,6,6,2019,4,0,6,50,6,6,2019
Air India,Banglore,Delhi,1,8845.0,920,15,3,2019,22,0,13,20,16,3,2019
Air India,Kolkata,Banglore,1,12173.0,960,24,3,2019,20,30,12,30,25,3,2019
Jet Airways,Delhi,Cochin,1,10262.0,885,6,9,2019,21,50,12,35,6,10,2019
Multiple carriers,Delhi,Cochin,1,7242.0,385,21,3,2019,9,45,16,10,21,3,2019
Jet Airways,Delhi,Cochin,2,13292.0,1375,24,6,2019,5,30,4,25,25,6,2019
IndiGo,Banglore,Delhi,1,7708.0,300,21,3,2019,14,25,19,25,21,3,2019
Jet Airways,Mumbai,Hyderabad,0,8040.0,90,21,6,2019,8,45,10,15,21,6,2019
SpiceJet,Chennai,Kolkata,0,3597.0,135,5,12,2019,8,20,10,35,5,12,2019
SpiceJet,Kolkata,Banglore,0,3841.0,150,27,5,2019,17,10,19,40,27,5,2019
Air India,Kolkata,Banglore,1,10203.0,1615,15,5,2019,17,30,20,25,16,5,2019
IndiGo,Delhi,Cochin,1,7173.0,345,27,4,2019,2,0,7,45,27,4,2019
SpiceJet,Mumbai,Hyderabad,0,1965.0,90,6,9,2019,22,45,0,15,6,10,2019
IndiGo,Delhi,Cochin,1,5054.0,305,6,6,2019,20,25,1,30,6,7,2019
IndiGo,Banglore,Delhi,0,8855.0,170,3,3,2019,16,55,19,45,3,3,2019
Jet Airways,Banglore,Delhi,1,27992.0,935,3,1,2019,5,45,21,20,3,1,2019
Jet Airways,Kolkata,Banglore,1,7341.0,1500,5,9,2019,17,0,18,0,5,10,2019
SpiceJet,Banglore,Delhi,0,3919.0,170,6,3,2019,9,30,12,20,6,3,2019
Jet Airways,Delhi,Cochin,1,12242.0,800,27,3,2019,15,5,4,25,28,3,2019
Jet Airways,Kolkata,Banglore,1,13067.0,1730,18,5,2019,9,35,14,25,19,5,2019
Jet Airways,Delhi,Cochin,2,18804.0,440,24,6,2019,11,40,19,0,24,6,2019
Air Asia,Kolkata,Banglore,0,5645.0,150,21,4,2019,22,50,1,20,22,4,2019
IndiGo,Chennai,Kolkata,0,3597.0,140,24,6,2019,19,35,21,55,24,6,2019
Multiple carriers,Delhi,Cochin,1,13587.0,570,6,9,2019,16,0,1,30,6,10,2019
IndiGo,Chennai,Kolkata,0,3597.0,140,21,6,2019,13,15,15,35,21,6,2019
Air India,Delhi,Cochin,1,8879.0,555,18,5,2019,10,0,19,15,18,5,2019
SpiceJet,Banglore,Delhi,0,4319.0,160,21,4,2019,5,55,8,35,21,4,2019
Air India,Mumbai,Hyderabad,0,2050.0,90,27,3,2019,13,55,15,25,27,3,2019
Jet Airways,Mumbai,Hyderabad,0,8040.0,85,6,3,2019,7,5,8,30,6,3,2019
Jet Airways,Kolkata,Banglore,1,13584.0,800,5,6,2019,18,55,8,15,5,7,2019
Jet Airways,Delhi,Cochin,2,13014.0,535,6,6,2019,19,30,4,25,6,7,2019
Vistara,Kolkata,Banglore,1,9345.0,700,15,5,2019,7,10,18,50,15,5,2019
Jet Airways,Delhi,Cochin,2,11507.0,1620,6,3,2019,9,35,12,35,6,4,2019
Multiple carriers,Delhi,Cochin,1,8266.0,795,6,6,2019,6,0,19,15,6,6,2019
Jet Airways,Mumbai,Hyderabad,0,5678.0,90,24,3,2019,2,55,4,25,24,3,2019
Multiple carriers,Delhi,Cochin,1,13377.0,750,6,12,2019,13,0,1,30,13,6,2019
Vistara,Kolkata,Banglore,1,9345.0,700,21,5,2019,7,10,18,50,21,5,2019
IndiGo,Delhi,Cochin,1,7191.0,415,15,5,2019,18,35,1,30,16,5,2019
Multiple carriers,Delhi,Cochin,1,7845.0,470,27,3,2019,17,45,1,35,28,3,2019
Jet Airways,Banglore,Delhi,0,7229.0,175,21,5,2019,11,10,14,5,21,5,2019
Air India,Banglore,Delhi,1,10981.0,950,3,1,2019,17,0,8,50,3,2,2019
Jet Airways,Kolkata,Banglore,1,14178.0,875,6,9,2019,14,5,4,40,6,10,2019
IndiGo,Delhi,Cochin,1,8784.0,810,21,3,2019,7,30,21,0,21,3,2019
Jet Airways,Kolkata,Banglore,1,13941.0,520,5,12,2019,20,0,4,40,13,5,2019
Jet Airways,Kolkata,Banglore,1,13067.0,1365,21,5,2019,20,25,19,10,22,5,2019
Jet Airways,Mumbai,Hyderabad,0,4995.0,90,27,6,2019,10,20,11,50,27,6,2019
Air India,Delhi,Cochin,2,12488.0,1485,6,3,2019,18,30,19,15,6,4,2019
Air Asia,Kolkata,Banglore,1,7870.0,955,6,9,2019,7,35,23,30,6,9,2019
Air India,Delhi,Cochin,0,6094.0,170,5,12,2019,5,10,8,0,5,12,2019
Jet Airways,Kolkata,Banglore,1,5608.0,435,6,12,2019,10,20,17,35,6,12,2019
GoAir,Delhi,Cochin,1,6112.0,350,3,3,2019,7,30,13,20,3,3,2019
Jet Airways,Banglore,Delhi,1,16736.0,920,3,6,2019,16,55,8,15,3,7,2019
Vistara,Kolkata,Banglore,1,8452.0,865,6,12,2019,20,20,10,45,13,6,2019
Jet Airways,Kolkata,Banglore,1,9314.0,1285,5,9,2019,17,0,14,25,5,10,2019
IndiGo,Chennai,Kolkata,0,3850.0,140,21,5,2019,7,55,10,15,21,5,2019
Jet Airways,Delhi,Cochin,1,5963.0,520,21,3,2019,19,45,4,25,22,3,2019
Air India,Delhi,Cochin,2,9968.0,2295,21,5,2019,5,0,19,15,22,5,2019
Jet Airways,Delhi,Cochin,0,9564.0,195,18,5,2019,11,0,14,15,18,5,2019
IndiGo,Delhi,Cochin,2,6610.0,880,3,6,2019,6,40,21,20,3,6,2019
IndiGo,Banglore,Delhi,1,5226.0,295,3,9,2019,15,40,20,35,3,9,2019
Jet Airways,Kolkata,Banglore,1,14231.0,745,24,3,2019,19,45,8,10,25,3,2019
Jet Airways,Delhi,Cochin,2,13376.0,1320,15,6,2019,14,35,12,35,16,6,2019
IndiGo,Delhi,Cochin,1,6674.0,940,27,5,2019,6,50,22,30,27,5,2019
Multiple carriers,Delhi,Cochin,1,7408.0,780,15,6,2019,8,0,21,0,15,6,2019
Air India,Kolkata,Banglore,2,15170.0,1385,24,5,2019,9,50,8,55,25,5,2019
IndiGo,Chennai,Kolkata,0,3597.0,140,6,1,2019,19,35,21,55,6,1,2019
Air India,Banglore,Delhi,2,12778.0,1010,3,12,2019,17,25,10,15,13,3,2019
Jet Airways,Banglore,Delhi,0,7229.0,180,6,9,2019,17,45,20,45,6,9,2019
Jet Airways,Banglore,Delhi,0,8016.0,180,15,6,2019,8,20,11,20,15,6,2019
IndiGo,Kolkata,Banglore,0,4804.0,155,27,5,2019,22,15,0,50,28,5,2019
Jet Airways,Banglore,Delhi,0,8016.0,180,21,6,2019,8,20,11,20,21,6,2019
Air Asia,Kolkata,Banglore,0,5645.0,155,6,9,2019,10,20,12,55,6,9,2019
Jet Airways,Banglore,Delhi,1,22270.0,365,3,9,2019,18,40,0,45,3,7,2019
Jet Airways,Kolkata,Banglore,1,14151.0,575,6,6,2019,9,35,19,10,6,6,2019
Jet Airways,Delhi,Cochin,1,5406.0,330,4,6,2019,7,5,12,35,4,6,2019
Air India,Kolkata,Banglore,1,5567.0,965,24,3,2019,19,0,11,5,25,3,2019
IndiGo,Delhi,Cochin,1,6171.0,675,27,3,2019,4,55,16,10,27,3,2019
SpiceJet,Banglore,Delhi,0,4423.0,160,15,6,2019,5,55,8,35,15,6,2019
Jet Airways,Delhi,Cochin,1,5177.0,825,4,6,2019,22,50,12,35,4,7,2019
Multiple carriers,Delhi,Cochin,1,6795.0,465,6,12,2019,17,45,1,30,13,6,2019
SpiceJet,Banglore,Delhi,0,3625.0,170,27,5,2019,9,30,12,20,27,5,2019
Jet Airways,Delhi,Cochin,1,12373.0,1355,18,5,2019,14,0,12,35,19,5,2019
SpiceJet,Kolkata,Banglore,1,4963.0,315,5,9,2019,15,5,20,20,5,9,2019
IndiGo,Mumbai,Hyderabad,0,2227.0,90,27,5,2019,21,20,22,50,27,5,2019
Multiple carriers,Delhi,Cochin,1,11200.0,630,27,6,2019,8,30,19,0,27,6,2019
Air India,Delhi,Cochin,1,7174.0,320,5,9,2019,17,40,23,0,5,9,2019
Air India,Delhi,Cochin,2,13748.0,2240,3,3,2019,5,55,19,15,3,4,2019
Multiple carriers,Delhi,Cochin,1,9856.0,925,27,5,2019,7,5,22,30,27,5,2019
Air India,Kolkata,Banglore,2,15170.0,1185,18,5,2019,16,45,12,30,19,5,2019
IndiGo,Delhi,Cochin,1,6442.0,895,6,1,2019,7,35,22,30,6,1,2019
Jet Airways,Delhi,Cochin,1,12898.0,1530,27,5,2019,17,30,19,0,28,5,2019
Jet Airways,Banglore,Delhi,0,7229.0,180,6,1,2019,8,20,11,20,6,1,2019
Air India,Kolkata,Banglore,2,13033.0,920,5,9,2019,10,0,1,20,5,10,2019
Jet Airways,Kolkata,Banglore,1,10703.0,1480,5,12,2019,20,25,21,5,13,5,2019
IndiGo,Chennai,Kolkata,0,6297.0,135,3,9,2019,13,20,15,35,3,9,2019
Jet Airways,Kolkata,Banglore,1,9314.0,1295,5,6,2019,20,25,18,0,5,7,2019
Vistara,Banglore,Delhi,0,6138.0,165,15,3,2019,9,50,12,35,15,3,2019
IndiGo,Delhi,Cochin,1,6838.0,705,24,6,2019,9,15,21,0,24,6,2019
Jet Airways Business,Delhi,Cochin,2,52285.0,500,3,6,2019,20,5,4,25,3,7,2019
Multiple carriers,Delhi,Cochin,1,13377.0,690,6,9,2019,14,0,1,30,6,10,2019
Air India,Delhi,Cochin,2,10975.0,1420,18,5,2019,9,45,9,25,19,5,2019
Jet Airways,Banglore,Delhi,1,13817.0,935,3,12,2019,5,45,21,20,3,12,2019
Air India,Delhi,Cochin,1,7532.0,1640,21,3,2019,6,5,9,25,22,3,2019
Multiple carriers,Delhi,Cochin,1,10197.0,910,15,5,2019,3,50,19,0,15,5,2019
Jet Airways,Kolkata,Banglore,1,9663.0,520,6,9,2019,20,0,4,40,6,10,2019
Multiple carriers,Delhi,Cochin,1,13727.0,480,15,5,2019,13,0,21,0,15,5,2019
IndiGo,Delhi,Cochin,1,8330.0,845,5,9,2019,11,25,1,30,5,10,2019
IndiGo,Banglore,Delhi,0,4823.0,175,21,5,2019,7,10,10,5,21,5,2019
IndiGo,Delhi,Cochin,1,6206.0,500,27,5,2019,17,10,1,30,28,5,2019
Multiple carriers,Delhi,Cochin,1,10877.0,455,6,6,2019,11,25,19,0,6,6,2019
Jet Airways,Banglore,Delhi,1,13817.0,800,3,12,2019,18,55,8,15,13,3,2019
Jet Airways,Banglore,Delhi,0,6478.0,180,27,6,2019,8,20,11,20,27,6,2019
Air India,Delhi,Cochin,2,8577.0,1115,4,9,2019,13,5,7,40,4,10,2019
Jet Airways,Delhi,Cochin,1,16079.0,1270,21,5,2019,21,50,19,0,22,5,2019
Jet Airways,Delhi,Cochin,2,11150.0,810,27,6,2019,23,5,12,35,28,6,2019
Multiple carriers,Delhi,Cochin,1,15077.0,755,3,6,2019,6,40,19,15,3,6,2019
Jet Airways,Kolkata,Banglore,1,7064.0,945,4,1,2019,16,30,8,15,4,2,2019
Jet Airways,Kolkata,Banglore,1,9663.0,1090,21,5,2019,14,5,8,15,22,5,2019
Air India,Delhi,Cochin,2,11552.0,1305,3,6,2019,21,30,19,15,3,7,2019
Jet Airways,Delhi,Cochin,1,10262.0,1325,6,12,2019,20,55,19,0,13,6,2019
SpiceJet,Delhi,Cochin,1,5899.0,380,15,4,2019,15,45,22,5,15,4,2019
Jet Airways,Delhi,Cochin,2,13376.0,1320,6,1,2019,14,35,12,35,6,2,2019
Jet Airways,Banglore,Delhi,1,13817.0,930,3,12,2019,18,55,10,25,13,3,2019
Vistara,Kolkata,Banglore,1,8610.0,1440,5,1,2019,20,20,20,20,5,2,2019
Jet Airways,Delhi,Cochin,1,12373.0,1165,5,9,2019,9,0,4,25,5,10,2019
SpiceJet,Delhi,Cochin,1,5673.0,295,27,5,2019,17,55,22,50,27,5,2019
Vistara,Kolkata,Banglore,1,7927.0,1350,4,1,2019,20,20,18,50,4,2,2019
Jet Airways,Delhi,Cochin,1,10262.0,1005,24,6,2019,2,15,19,0,24,6,2019
Jet Airways,Delhi,Cochin,1,12373.0,1225,5,9,2019,8,0,4,25,5,10,2019
Air India,Banglore,Delhi,1,12704.0,1595,3,1,2019,9,30,12,5,3,2,2019
Air India,Kolkata,Banglore,1,6612.0,1515,5,9,2019,12,0,13,15,5,10,2019
IndiGo,Banglore,Delhi,0,4823.0,175,6,9,2019,18,55,21,50,6,9,2019
Jet Airways,Delhi,Cochin,1,10262.0,540,6,3,2019,10,0,19,0,6,3,2019
IndiGo,Delhi,Cochin,1,6388.0,310,21,3,2019,7,20,12,30,21,3,2019
GoAir,Banglore,Delhi,0,3898.0,175,5,12,2019,7,45,10,40,5,12,2019
Jet Airways,Delhi,Cochin,1,5177.0,450,4,6,2019,11,30,19,0,4,6,2019
Jet Airways,Kolkata,Banglore,1,10844.0,1485,6,9,2019,20,0,20,45,6,10,2019
IndiGo,Banglore,Delhi,0,4077.0,170,6,1,2019,0,25,3,15,6,1,2019
Jet Airways,Kolkata,Banglore,1,14231.0,980,24,3,2019,16,55,9,15,25,3,2019
Air India,Banglore,Delhi,2,13250.0,875,3,12,2019,8,50,23,25,3,12,2019
Jet Airways,Banglore,Delhi,1,13817.0,860,3,12,2019,7,0,21,20,3,12,2019
SpiceJet,Banglore,Delhi,0,6205.0,170,3,9,2019,20,30,23,20,3,9,2019
Jet Airways,Delhi,Cochin,2,12819.0,810,27,6,2019,23,5,12,35,28,6,2019
IndiGo,Banglore,Delhi,0,4591.0,170,15,4,2019,13,0,15,50,15,4,2019
SpiceJet,Kolkata,Banglore,0,3841.0,155,27,6,2019,6,55,9,30,27,6,2019
SpiceJet,Chennai,Kolkata,0,3597.0,140,6,9,2019,17,45,20,5,6,9,2019
IndiGo,Kolkata,Banglore,0,4174.0,155,4,3,2019,4,40,7,15,4,3,2019
Vistara,Delhi,Cochin,0,6216.0,190,27,5,2019,6,0,9,10,27,5,2019
Jet Airways,Kolkata,Banglore,1,10624.0,1500,5,9,2019,17,0,18,0,5,10,2019
Air Asia,Delhi,Cochin,1,6152.0,870,24,6,2019,7,55,22,25,24,6,2019
IndiGo,Delhi,Cochin,1,6937.0,305,3,9,2019,20,30,1,35,3,10,2019
Air India,Delhi,Cochin,1,8792.0,1575,6,1,2019,17,0,19,15,6,2,2019
Multiple carriers,Delhi,Cochin,1,7005.0,490,27,5,2019,12,50,21,0,27,5,2019
Jet Airways,Mumbai,Hyderabad,0,5678.0,85,6,6,2019,2,55,4,20,6,6,2019
Air India,Banglore,Delhi,1,7013.0,1490,15,3,2019,10,30,11,20,16,3,2019
Jet Airways,Delhi,Cochin,1,16079.0,1680,21,5,2019,15,0,19,0,22,5,2019
Jet Airways,Kolkata,Banglore,1,10539.0,505,6,6,2019,9,35,18,0,6,6,2019
Jet Airways,Kolkata,Banglore,1,11841.0,425,5,6,2019,16,30,23,35,5,6,2019
IndiGo,Banglore,Delhi,1,10509.0,300,15,3,2019,19,35,0,35,16,3,2019
IndiGo,Chennai,Kolkata,0,3597.0,140,6,3,2019,13,15,15,35,6,3,2019
Air India,Kolkata,Banglore,2,15532.0,1700,5,1,2019,9,25,13,45,5,2,2019
Multiple carriers,Delhi,Cochin,1,14086.0,850,3,9,2019,6,50,21,0,3,9,2019
Multiple carriers,Delhi,Cochin,1,5883.0,465,27,3,2019,14,35,22,20,27,3,2019
Multiple carriers,Delhi,Cochin,1,7618.0,840,6,3,2019,7,0,21,0,6,3,2019
Jet Airways,Kolkata,Banglore,1,9314.0,1500,5,1,2019,17,0,18,0,5,2,2019
Jet Airways,Kolkata,Banglore,1,13994.0,690,6,9,2019,9,35,21,5,6,9,2019
IndiGo,Delhi,Cochin,1,5073.0,275,27,4,2019,7,35,12,10,27,4,2019
Air Asia,Banglore,Delhi,0,3383.0,165,24,3,2019,11,10,13,55,24,3,2019
Multiple carriers,Delhi,Cochin,1,16108.0,615,6,1,2019,9,0,19,15,6,1,2019
Multiple carriers,Delhi,Cochin,1,6795.0,910,27,5,2019,10,20,1,30,28,5,2019
Jet Airways,Kolkata,Banglore,1,12681.0,730,4,1,2019,16,30,4,40,4,2,2019
Jet Airways,Delhi,Cochin,1,10262.0,1295,6,12,2019,15,0,12,35,13,6,2019
Vistara,Kolkata,Banglore,1,8820.0,1550,6,6,2019,17,0,18,50,6,7,2019
Jet Airways,Banglore,Delhi,1,10037.0,390,3,9,2019,5,50,12,20,3,9,2019
Multiple carriers,Delhi,Cochin,1,11789.0,395,6,12,2019,6,0,12,35,6,12,2019
GoAir,Delhi,Cochin,1,7378.0,540,15,5,2019,10,35,19,35,15,5,2019
IndiGo,Banglore,Delhi,0,4823.0,175,24,5,2019,18,55,21,50,24,5,2019
Jet Airways,Banglore,Delhi,0,6478.0,180,24,6,2019,19,50,22,50,24,6,2019
Jet Airways,Delhi,Cochin,2,13014.0,1125,6,1,2019,9,40,4,25,6,2,2019
Jet Airways,Kolkata,Banglore,1,10844.0,365,24,5,2019,16,30,22,35,24,5,2019
Multiple carriers,Delhi,Cochin,1,7408.0,780,27,6,2019,8,0,21,0,27,6,2019
Multiple carriers,Delhi,Cochin,1,9646.0,545,27,6,2019,7,5,16,10,27,6,2019
SpiceJet,Chennai,Kolkata,0,3597.0,140,5,6,2019,17,45,20,5,5,6,2019
SpiceJet,Kolkata,Banglore,0,3873.0,150,27,6,2019,17,10,19,40,27,6,2019
GoAir,Delhi,Cochin,1,7870.0,310,27,6,2019,14,25,19,35,27,6,2019
Jet Airways,Delhi,Cochin,2,13344.0,425,27,6,2019,5,30,12,35,27,6,2019
Air India,Mumbai,Hyderabad,0,3100.0,75,6,12,2019,19,30,20,45,6,12,2019
Air India,Banglore,Delhi,0,4441.0,170,18,3,2019,21,5,23,55,18,3,2019
IndiGo,Delhi,Cochin,1,6171.0,425,27,3,2019,4,55,12,0,27,3,2019
Jet Airways,Kolkata,Banglore,1,10953.0,870,5,9,2019,20,25,10,55,5,10,2019
Air India,Kolkata,Banglore,2,14214.0,1105,5,9,2019,14,30,8,55,5,10,2019
IndiGo,Delhi,Cochin,1,6093.0,810,24,6,2019,7,30,21,0,24,6,2019
Air India,Delhi,Cochin,2,12436.0,1820,24,6,2019,12,55,19,15,25,6,2019
Jet Airways,Delhi,Cochin,2,15129.0,1775,18,5,2019,13,25,19,0,19,5,2019
Multiple carriers,Delhi,Cochin,1,13259.0,395,6,3,2019,6,0,12,35,6,3,2019
Air India,Kolkata,Banglore,2,15170.0,1600,24,5,2019,9,50,12,30,25,5,2019
Jet Airways,Kolkata,Banglore,1,14781.0,365,21,5,2019,16,30,22,35,21,5,2019
IndiGo,Delhi,Cochin,1,6206.0,845,6,1,2019,11,25,1,30,6,2,2019
SpiceJet,Kolkata,Banglore,0,3841.0,150,5,9,2019,17,10,19,40,5,9,2019
Jet Airways,Delhi,Cochin,1,14714.0,450,15,6,2019,11,30,19,0,15,6,2019
IndiGo,Delhi,Cochin,1,6093.0,965,6,9,2019,4,55,21,0,6,9,2019
Jet Airways,Banglore,Delhi,0,8016.0,175,6,9,2019,11,10,14,5,6,9,2019
Air India,Delhi,Cochin,1,5117.0,1640,27,3,2019,6,5,9,25,28,3,2019
Jet Airways,Kolkata,Banglore,1,8586.0,1215,5,1,2019,8,25,4,40,5,2,2019
IndiGo,Delhi,Cochin,1,13611.0,635,3,9,2019,15,0,1,35,3,10,2019
IndiGo,Delhi,Cochin,1,6704.0,380,5,9,2019,16,10,22,30,5,9,2019
IndiGo,Kolkata,Banglore,1,4226.0,240,5,9,2019,6,20,10,20,5,9,2019
Air India,Banglore,Delhi,0,4651.0,165,4,6,2019,17,0,19,45,4,6,2019
SpiceJet,Kolkata,Banglore,0,3873.0,140,27,5,2019,22,20,0,40,28,5,2019
GoAir,Banglore,Delhi,0,7222.0,175,3,3,2019,20,55,23,50,3,3,2019
Multiple carriers,Delhi,Cochin,1,13727.0,570,15,5,2019,11,30,21,0,15,5,2019
IndiGo,Delhi,Cochin,1,10141.0,380,27,3,2019,9,10,15,30,27,3,2019
SpiceJet,Banglore,Delhi,0,3625.0,175,24,4,2019,21,10,0,5,25,4,2019
IndiGo,Delhi,Cochin,1,6442.0,515,15,4,2019,7,35,16,10,15,4,2019
Jet Airways,Banglore,Delhi,0,7229.0,180,5,6,2019,17,45,20,45,5,6,2019
Air Asia,Delhi,Cochin,1,6752.0,830,24,6,2019,16,45,6,35,25,6,2019
Jet Airways,Kolkata,Banglore,1,13759.0,1260,24,3,2019,21,10,18,10,25,3,2019
Air India,Mumbai,Hyderabad,1,14408.0,1465,3,6,2019,12,0,12,25,3,7,2019
Air India,Delhi,Cochin,2,13381.0,1380,6,9,2019,20,15,19,15,6,10,2019
Vistara,Kolkata,Banglore,1,9135.0,1640,4,1,2019,17,0,20,20,4,2,2019
IndiGo,Kolkata,Banglore,1,6218.0,325,15,5,2019,18,5,23,30,15,5,2019
SpiceJet,Kolkata,Banglore,0,4174.0,145,27,4,2019,9,0,11,25,27,4,2019
Air India,Kolkata,Banglore,1,6117.0,965,6,6,2019,19,0,11,5,6,7,2019
Jet Airways,Kolkata,Banglore,1,10703.0,690,15,5,2019,9,35,21,5,15,5,2019
Jet Airways,Kolkata,Banglore,1,12692.0,1450,6,12,2019,9,35,9,45,13,6,2019
Jet Airways,Kolkata,Banglore,1,10539.0,1075,6,6,2019,17,0,10,55,6,7,2019
Jet Airways,Kolkata,Banglore,1,11134.0,345,24,3,2019,13,55,19,40,24,3,2019
IndiGo,Banglore,Delhi,0,4777.0,175,24,3,2019,21,20,0,15,22,3,2019
Jet Airways,Delhi,Cochin,1,12373.0,1505,18,5,2019,11,30,12,35,19,5,2019
Multiple carriers,Delhi,Cochin,2,11966.0,495,3,3,2019,13,5,21,20,3,3,2019
IndiGo,Chennai,Kolkata,0,5277.0,140,15,5,2019,22,5,0,25,16,5,2019
Air India,Banglore,Delhi,2,17135.0,2345,3,1,2019,8,50,23,55,3,2,2019
Jet Airways,Delhi,Cochin,1,14714.0,300,6,6,2019,14,0,19,0,6,6,2019
IndiGo,Banglore,Delhi,0,6144.0,170,3,9,2019,22,20,1,10,3,10,2019
Air India,Banglore,Delhi,0,5911.0,170,4,1,2019,13,20,16,10,4,1,2019
Vistara,Mumbai,Hyderabad,1,12080.0,1450,3,12,2019,19,45,19,55,13,3,2019
IndiGo,Banglore,Delhi,0,4423.0,170,4,6,2019,10,30,13,20,4,6,2019
Multiple carriers,Delhi,Cochin,1,7618.0,720,27,5,2019,9,0,21,0,27,5,2019
Air Asia,Banglore,Delhi,0,3383.0,165,27,5,2019,11,10,13,55,27,5,2019
Air India,Delhi,Cochin,2,12646.0,1410,3,6,2019,19,45,19,15,3,7,2019
Multiple carriers,Delhi,Cochin,1,7670.0,900,18,5,2019,6,0,21,0,18,5,2019
IndiGo,Kolkata,Banglore,0,4804.0,155,15,5,2019,4,40,7,15,15,5,2019
Jet Airways,Banglore,Delhi,1,11087.0,1310,3,12,2019,20,35,18,25,13,3,2019
Jet Airways,Banglore,Delhi,0,7229.0,175,18,4,2019,11,10,14,5,18,4,2019
SpiceJet,Chennai,Kolkata,0,7050.0,135,3,3,2019,8,20,10,35,3,3,2019
Jet Airways,Kolkata,Banglore,1,12681.0,1335,4,1,2019,20,0,18,15,4,2,2019
SpiceJet,Delhi,Cochin,1,4098.0,270,4,3,2019,8,45,13,15,4,3,2019
SpiceJet,Chennai,Kolkata,0,3543.0,135,5,12,2019,9,45,12,0,5,12,2019
Jet Airways,Kolkata,Banglore,1,14151.0,1295,21,5,2019,20,25,18,0,22,5,2019
Jet Airways,Kolkata,Banglore,1,13339.0,965,24,3,2019,6,30,22,35,24,3,2019
Jet Airways,Kolkata,Banglore,1,9663.0,890,24,5,2019,21,10,12,0,25,5,2019
Jet Airways,Delhi,Cochin,1,12898.0,1015,27,5,2019,11,30,4,25,28,5,2019
Air India,Delhi,Cochin,2,8603.0,435,6,3,2019,12,0,19,15,6,3,2019
Jet Airways,Kolkata,Banglore,1,13044.0,1170,6,12,2019,16,30,12,0,13,6,2019
SpiceJet,Kolkata,Banglore,0,4622.0,150,3,6,2019,17,15,19,45,3,6,2019
Multiple carriers,Delhi,Cochin,1,13062.0,420,21,3,2019,14,0,21,0,21,3,2019
Multiple carriers,Delhi,Cochin,1,11622.0,585,6,12,2019,9,15,19,0,6,12,2019
Jet Airways,Banglore,Delhi,1,11087.0,1425,3,12,2019,20,35,20,20,13,3,2019
Multiple carriers,Delhi,Cochin,1,11789.0,520,15,6,2019,10,20,19,0,15,6,2019
Jet Airways,Kolkata,Banglore,1,9663.0,865,5,9,2019,18,55,9,20,5,10,2019
Jet Airways,Banglore,Delhi,1,19225.0,435,3,6,2019,8,55,16,10,3,6,2019
Multiple carriers,Delhi,Cochin,1,5797.0,830,27,6,2019,11,40,1,30,28,6,2019
Multiple carriers,Delhi,Cochin,1,9526.0,385,6,1,2019,12,50,19,15,6,1,2019
Jet Airways,Banglore,Delhi,0,7229.0,180,4,9,2019,19,50,22,50,4,9,2019
Multiple carriers,Delhi,Cochin,1,10877.0,630,4,9,2019,8,30,19,0,4,9,2019
Air India,Banglore,Delhi,2,13942.0,880,3,6,2019,8,15,22,55,3,6,2019
Air Asia,Banglore,Delhi,0,3383.0,165,5,9,2019,11,10,13,55,5,9,2019
Jet Airways,Delhi,Cochin,1,10262.0,865,15,6,2019,14,0,4,25,16,6,2019
Air India,Kolkata,Banglore,2,11201.0,875,24,5,2019,5,50,20,25,24,5,2019
Jet Airways,Delhi,Cochin,1,10262.0,550,6,1,2019,19,15,4,25,6,2,2019
Air India,Delhi,Cochin,2,10231.0,1275,6,3,2019,22,0,19,15,6,4,2019
Jet Airways,Banglore,Delhi,1,9134.0,1090,15,3,2019,14,5,8,15,16,3,2019
Air Asia,Kolkata,Banglore,0,5645.0,155,18,5,2019,10,20,12,55,18,5,2019
Jet Airways,Delhi,Cochin,1,14714.0,805,6,1,2019,15,0,4,25,6,2,2019
Air India,Delhi,Cochin,2,12646.0,1595,3,6,2019,16,40,19,15,3,7,2019
Air India,Delhi,Cochin,2,12173.0,500,6,3,2019,10,55,19,15,6,3,2019
IndiGo,Mumbai,Hyderabad,0,2227.0,90,6,12,2019,21,20,22,50,6,12,2019
Multiple carriers,Delhi,Cochin,1,10529.0,690,5,6,2019,7,30,19,0,5,6,2019
Jet Airways,Delhi,Cochin,0,7202.0,195,18,5,2019,11,0,14,15,18,5,2019
Multiple carriers,Delhi,Cochin,1,7886.0,720,27,5,2019,9,0,21,0,27,5,2019
SpiceJet,Mumbai,Hyderabad,0,2017.0,90,18,6,2019,22,45,0,15,19,6,2019
IndiGo,Delhi,Cochin,1,6171.0,665,27,4,2019,5,5,16,10,27,4,2019
Jet Airways,Mumbai,Hyderabad,0,4050.0,85,6,3,2019,2,55,4,20,6,3,2019
SpiceJet,Kolkata,Banglore,1,8479.0,435,5,9,2019,11,35,18,50,5,9,2019
Air Asia,Banglore,Delhi,0,4282.0,170,18,5,2019,4,55,7,45,18,5,2019
Vistara,Kolkata,Banglore,1,9345.0,1440,24,5,2019,20,20,20,20,25,5,2019
Air India,Delhi,Cochin,1,6587.0,1535,24,6,2019,5,15,6,50,25,6,2019
IndiGo,Mumbai,Hyderabad,0,2754.0,95,5,3,2019,20,5,21,40,5,3,2019
SpiceJet,Banglore,Delhi,0,3919.0,175,21,6,2019,21,10,0,5,22,6,2019
Jet Airways,Delhi,Cochin,2,10368.0,1125,6,12,2019,9,40,4,25,13,6,2019
Air India,Banglore,Delhi,1,11654.0,410,3,3,2019,9,30,16,20,3,3,2019
GoAir,Banglore,Delhi,0,4239.0,165,4,1,2019,20,55,23,40,4,1,2019
IndiGo,Delhi,Cochin,1,6674.0,560,27,5,2019,6,50,16,10,27,5,2019
Multiple carriers,Delhi,Cochin,1,7198.0,750,24,6,2019,13,0,1,30,25,6,2019
IndiGo,Kolkata,Banglore,1,5930.0,315,6,12,2019,21,0,2,15,13,6,2019
Jet Airways,Banglore,Delhi,0,7229.0,180,5,9,2019,7,10,10,10,5,9,2019
Air India,Kolkata,Banglore,2,10408.0,920,4,1,2019,10,0,1,20,4,2,2019
Air India,Delhi,Cochin,2,12488.0,1470,6,12,2019,7,10,7,40,13,6,2019
IndiGo,Chennai,Kolkata,0,3540.0,145,6,9,2019,5,15,7,40,6,9,2019
Jet Airways,Kolkata,Banglore,1,8529.0,800,6,12,2019,20,0,9,20,13,6,2019
Jet Airways,Delhi,Cochin,2,13376.0,830,24,6,2019,14,35,4,25,25,6,2019
GoAir,Kolkata,Banglore,1,8855.0,455,24,5,2019,16,40,0,15,25,5,2019
Jet Airways,Kolkata,Banglore,1,14781.0,800,15,5,2019,6,30,19,50,15,5,2019
IndiGo,Delhi,Cochin,1,5684.0,500,27,6,2019,17,10,1,30,28,6,2019
Jet Airways,Delhi,Cochin,2,13029.0,535,5,9,2019,19,30,4,25,5,10,2019
Jet Airways,Delhi,Cochin,2,15129.0,1430,5,1,2019,19,10,19,0,5,2,2019
Air India,Kolkata,Banglore,1,8576.0,545,6,9,2019,9,25,18,30,6,9,2019
Jet Airways,Banglore,Delhi,1,11087.0,1590,3,9,2019,8,55,11,25,13,3,2019
Jet Airways,Mumbai,Hyderabad,0,5678.0,90,6,9,2019,10,20,11,50,6,9,2019
Jet Airways,Delhi,Cochin,1,12557.0,610,21,3,2019,18,15,4,25,22,3,2019
IndiGo,Chennai,Kolkata,0,3858.0,145,27,3,2019,11,35,14,0,27,3,2019
Jet Airways,Delhi,Cochin,1,12373.0,1355,5,9,2019,14,0,12,35,5,10,2019
IndiGo,Mumbai,Hyderabad,0,4049.0,90,18,3,2019,9,10,10,40,18,3,2019
Jet Airways,Banglore,Delhi,1,21934.0,470,15,3,2019,16,55,0,45,13,3,2019
Air India,Kolkata,Banglore,0,5510.0,150,27,6,2019,14,15,16,45,27,6,2019
Vistara,Delhi,Cochin,0,6216.0,190,15,6,2019,14,40,17,50,15,6,2019
Air India,Mumbai,Hyderabad,0,2050.0,75,4,1,2019,19,30,20,45,4,1,2019
IndiGo,Mumbai,Hyderabad,0,2754.0,90,4,3,2019,2,35,4,5,4,3,2019
IndiGo,Chennai,Kolkata,0,3850.0,140,27,6,2019,7,55,10,15,27,6,2019
IndiGo,Chennai,Kolkata,0,3540.0,145,5,6,2019,5,15,7,40,5,6,2019
Jet Airways,Kolkata,Banglore,1,9663.0,1545,5,1,2019,6,30,8,15,5,2,2019
Air India,Delhi,Cochin,2,9190.0,1580,3,6,2019,7,5,9,25,3,7,2019
Jet Airways,Delhi,Cochin,1,12898.0,1680,27,5,2019,15,0,19,0,28,5,2019
GoAir,Banglore,Delhi,0,4632.0,175,15,4,2019,7,45,10,40,15,4,2019
SpiceJet,Mumbai,Hyderabad,0,2753.0,80,24,3,2019,13,10,14,30,24,3,2019
Air India,Banglore,Delhi,2,12778.0,1525,3,12,2019,8,50,10,15,13,3,2019
Air India,Kolkata,Banglore,2,12723.0,1625,6,12,2019,5,50,8,55,13,6,2019
IndiGo,Kolkata,Banglore,0,4804.0,155,24,6,2019,11,30,14,5,24,6,2019
IndiGo,Banglore,Delhi,0,4823.0,170,18,4,2019,20,0,22,50,18,4,2019
Air Asia,Delhi,Cochin,1,6152.0,330,27,6,2019,7,55,13,25,27,6,2019
Vistara,Delhi,Cochin,0,6216.0,190,27,6,2019,6,0,9,10,27,6,2019
IndiGo,Delhi,Cochin,1,6016.0,345,24,6,2019,2,0,7,45,24,6,2019
Multiple carriers,Delhi,Cochin,1,11622.0,585,27,6,2019,9,15,19,0,27,6,2019
Air India,Kolkata,Banglore,2,10151.0,590,5,6,2019,12,0,21,50,5,6,2019
Jet Airways,Delhi,Cochin,2,12273.0,1325,27,3,2019,6,20,4,25,28,3,2019
Jet Airways,Delhi,Cochin,2,12410.0,505,6,12,2019,20,0,4,25,13,6,2019
Jet Airways,Banglore,Delhi,1,12547.0,1590,3,12,2019,5,45,8,15,13,3,2019
Jet Airways,Delhi,Cochin,1,10262.0,825,15,6,2019,22,50,12,35,16,6,2019
Multiple carriers,Delhi,Cochin,1,14323.0,465,5,9,2019,11,30,19,15,5,9,2019
Jet Airways,Mumbai,Hyderabad,0,3210.0,90,21,6,2019,19,35,21,5,21,6,2019
Multiple carriers,Delhi,Cochin,1,16863.0,660,3,3,2019,10,0,21,0,3,3,2019
Multiple carriers,Delhi,Cochin,1,8937.0,470,6,1,2019,11,25,19,15,6,1,2019
Jet Airways,Delhi,Cochin,2,10929.0,1995,27,3,2019,19,10,4,25,29,3,2019
IndiGo,Delhi,Cochin,1,6104.0,895,6,9,2019,10,35,1,30,6,10,2019
SpiceJet,Delhi,Cochin,1,5511.0,360,21,3,2019,15,55,21,55,21,3,2019
Jet Airways,Kolkata,Banglore,1,13759.0,1150,24,3,2019,21,10,16,20,25,3,2019
Air India,Delhi,Cochin,2,11543.0,1545,21,5,2019,5,55,7,40,22,5,2019
Jet Airways,Kolkata,Banglore,1,13067.0,575,18,5,2019,9,35,19,10,18,5,2019
Jet Airways,Delhi,Cochin,1,10262.0,1280,15,6,2019,7,5,4,25,16,6,2019
Air India,Delhi,Cochin,2,13591.0,1580,6,6,2019,16,55,19,15,6,7,2019
Jet Airways,Delhi,Cochin,2,10929.0,1475,27,3,2019,19,10,19,45,28,3,2019
Jet Airways,Banglore,Delhi,0,7229.0,180,27,4,2019,19,50,22,50,27,4,2019
Air Asia,Delhi,Cochin,1,6451.0,330,15,5,2019,7,55,13,25,15,5,2019
IndiGo,Chennai,Kolkata,0,7295.0,145,3,3,2019,11,35,14,0,3,3,2019
IndiGo,Banglore,Delhi,0,3943.0,165,6,3,2019,1,30,4,15,6,3,2019
SpiceJet,Banglore,Delhi,0,3573.0,175,15,5,2019,21,10,0,5,16,5,2019
Air India,Delhi,Cochin,2,9181.0,1275,24,6,2019,22,0,19,15,25,6,2019
Air India,Delhi,Cochin,1,24017.0,1420,3,3,2019,9,45,9,25,3,4,2019
Air India,Delhi,Cochin,2,17476.0,1940,3,9,2019,10,55,19,15,3,10,2019
Air India,Kolkata,Banglore,1,4647.0,965,4,9,2019,19,0,11,5,4,10,2019
IndiGo,Delhi,Cochin,1,6314.0,575,27,5,2019,11,25,21,0,27,5,2019
Jet Airways,Delhi,Cochin,2,13376.0,830,6,6,2019,14,35,4,25,6,7,2019
Jet Airways,Banglore,Delhi,1,12284.0,625,18,3,2019,5,45,16,10,18,3,2019
Jet Airways,Banglore,Delhi,0,7229.0,180,5,9,2019,8,20,11,20,5,9,2019
Multiple carriers,Delhi,Cochin,1,9627.0,630,5,1,2019,8,30,19,0,5,1,2019
Air India,Kolkata,Banglore,2,9258.0,590,4,1,2019,12,0,21,50,4,1,2019
SpiceJet,Kolkata,Banglore,0,3873.0,145,6,3,2019,9,0,11,25,6,3,2019
SpiceJet,Kolkata,Banglore,0,3841.0,140,15,5,2019,22,20,0,40,16,5,2019
Multiple carriers,Delhi,Cochin,1,10486.0,765,27,5,2019,9,45,22,30,27,5,2019
Jet Airways,Delhi,Cochin,1,17234.0,1610,3,3,2019,16,0,18,50,3,4,2019
IndiGo,Delhi,Cochin,1,6496.0,295,27,6,2019,5,10,10,5,27,6,2019
Multiple carriers,Delhi,Cochin,1,9627.0,630,27,5,2019,8,30,19,0,27,5,2019
Air India,Kolkata,Banglore,1,8366.0,1100,6,12,2019,16,50,11,10,13,6,2019
Jet Airways,Delhi,Cochin,2,15318.0,505,27,5,2019,20,0,4,25,28,5,2019
SpiceJet,Kolkata,Banglore,1,9923.0,435,24,3,2019,11,35,18,50,24,3,2019
Jet Airways,Kolkata,Banglore,1,6077.0,435,4,1,2019,10,20,17,35,4,1,2019
Air India,Chennai,Kolkata,0,4667.0,135,6,9,2019,11,40,13,55,6,9,2019
Multiple carriers,Delhi,Cochin,1,8099.0,645,5,9,2019,8,30,19,15,5,9,2019
SpiceJet,Mumbai,Hyderabad,0,2385.0,90,5,1,2019,13,15,14,45,5,1,2019
Multiple carriers,Delhi,Cochin,2,15965.0,625,27,6,2019,15,5,1,30,28,6,2019
Jet Airways,Kolkata,Banglore,1,10844.0,705,5,6,2019,6,30,18,15,5,6,2019
Air India,Banglore,Delhi,0,6121.0,170,5,12,2019,13,20,16,10,5,12,2019
IndiGo,Banglore,Delhi,0,3625.0,170,24,4,2019,22,10,1,0,25,4,2019
Multiple carriers,Delhi,Cochin,1,8475.0,810,27,5,2019,7,30,21,0,27,5,2019
Jet Airways,Delhi,Cochin,1,12898.0,715,27,5,2019,7,5,19,0,27,5,2019
IndiGo,Delhi,Cochin,1,10851.0,320,3,6,2019,2,5,7,25,3,6,2019
Air India,Delhi,Cochin,1,5704.0,795,21,3,2019,9,45,23,0,21,3,2019
Vistara,Banglore,Delhi,0,11598.0,175,18,3,2019,21,10,0,5,16,3,2019
Multiple carriers,Delhi,Cochin,1,9149.0,645,27,5,2019,8,30,19,15,27,5,2019
Air India,Kolkata,Banglore,0,4145.0,155,15,6,2019,20,45,23,20,15,6,2019
GoAir,Delhi,Cochin,1,6195.0,540,21,5,2019,10,35,19,35,21,5,2019
IndiGo,Delhi,Cochin,1,6979.0,575,5,9,2019,11,25,21,0,5,9,2019
Air India,Banglore,Delhi,0,7276.0,170,15,3,2019,13,20,16,10,15,3,2019
SpiceJet,Delhi,Cochin,1,4760.0,270,15,5,2019,8,45,13,15,15,5,2019
Vistara,Chennai,Kolkata,0,11982.0,140,18,6,2019,17,45,20,5,18,6,2019
IndiGo,Chennai,Kolkata,0,5277.0,140,27,3,2019,22,5,0,25,28,3,2019
Air India,Delhi,Cochin,1,8372.0,700,6,9,2019,20,0,7,40,6,10,2019
IndiGo,Kolkata,Banglore,1,4226.0,220,4,1,2019,19,35,23,15,4,1,2019
IndiGo,Chennai,Kolkata,0,3597.0,140,18,6,2019,19,35,21,55,18,6,2019
Multiple carriers,Delhi,Cochin,1,7005.0,735,15,6,2019,8,45,21,0,15,6,2019
Multiple carriers,Delhi,Cochin,1,8018.0,545,5,9,2019,7,5,16,10,5,9,2019
Jet Airways,Delhi,Cochin,1,10577.0,1395,6,9,2019,19,45,19,0,6,10,2019
Jet Airways,Delhi,Cochin,2,11507.0,810,6,12,2019,5,30,19,0,6,12,2019
Air India,Delhi,Cochin,2,9653.0,2295,5,9,2019,5,0,19,15,5,10,2019
Jet Airways,Mumbai,Hyderabad,0,4160.0,90,15,3,2019,10,20,11,50,15,3,2019
Jet Airways,Delhi,Cochin,1,14714.0,1485,6,3,2019,18,15,19,0,6,4,2019
Jet Airways,Mumbai,Hyderabad,0,5678.0,85,5,9,2019,2,55,4,20,5,9,2019
Air India,Kolkata,Banglore,2,13873.0,1100,18,5,2019,7,0,1,20,19,5,2019
Multiple carriers,Delhi,Cochin,1,11264.0,520,27,6,2019,10,20,19,0,27,6,2019
Jet Airways,Kolkata,Banglore,1,11134.0,405,24,3,2019,13,55,20,40,24,3,2019
Air Asia,Delhi,Cochin,1,6151.0,330,21,3,2019,16,45,22,15,21,3,2019
Jet Airways,Kolkata,Banglore,1,10844.0,845,18,5,2019,5,45,19,50,18,5,2019
Jet Airways,Delhi,Cochin,2,13014.0,1615,6,3,2019,9,40,12,35,6,4,2019
Jet Airways,Mumbai,Hyderabad,0,4995.0,90,18,6,2019,10,20,11,50,18,6,2019
IndiGo,Kolkata,Banglore,0,4174.0,155,18,4,2019,15,30,18,5,18,4,2019
Air India,Banglore,Delhi,0,12841.0,170,3,3,2019,13,20,16,10,3,3,2019
Jet Airways,Kolkata,Banglore,1,13067.0,1685,5,9,2019,17,0,21,5,5,10,2019
Jet Airways,Delhi,Cochin,1,10262.0,1620,24,6,2019,16,0,19,0,25,6,2019
IndiGo,Banglore,Delhi,0,4423.0,170,4,6,2019,10,10,13,0,4,6,2019
Jet Airways,Kolkata,Banglore,1,8586.0,585,5,1,2019,18,55,4,40,5,2,2019
Jet Airways,Kolkata,Banglore,1,9663.0,730,15,5,2019,21,10,9,20,16,5,2019
IndiGo,Delhi,Cochin,1,6069.0,300,15,6,2019,16,0,21,0,15,6,2019
Air India,Chennai,Kolkata,0,4667.0,135,5,6,2019,11,40,13,55,5,6,2019
Jet Airways,Delhi,Cochin,1,12373.0,1270,5,9,2019,21,50,19,0,5,10,2019
Jet Airways,Kolkata,Banglore,1,13941.0,1055,5,9,2019,16,30,10,5,5,10,2019
IndiGo,Mumbai,Hyderabad,0,3175.0,85,27,3,2019,6,20,7,45,27,3,2019
Air India,Delhi,Cochin,1,8372.0,1335,6,9,2019,21,0,19,15,6,10,2019
Vistara,Banglore,Delhi,0,5613.0,155,4,6,2019,17,0,19,35,4,6,2019
IndiGo,Delhi,Cochin,1,7144.0,895,18,5,2019,7,35,22,30,18,5,2019
Jet Airways,Kolkata,Banglore,1,14571.0,590,6,6,2019,6,30,16,20,6,6,2019
IndiGo,Chennai,Kolkata,0,5277.0,140,24,3,2019,22,5,0,25,25,3,2019
Jet Airways,Mumbai,Hyderabad,0,2759.0,90,24,3,2019,10,20,11,50,24,3,2019
Air Asia,Kolkata,Banglore,1,5192.0,955,5,9,2019,7,35,23,30,5,9,2019
Jet Airways,Delhi,Cochin,1,14714.0,715,6,9,2019,7,5,19,0,6,9,2019
Air India,Delhi,Cochin,2,10336.0,435,6,1,2019,12,0,19,15,6,1,2019
Air India,Kolkata,Banglore,0,31945.0,155,24,3,2019,20,45,23,20,24,3,2019
Jet Airways,Kolkata,Banglore,1,7064.0,1025,4,1,2019,6,30,23,35,4,1,2019
Jet Airways,Delhi,Cochin,2,14441.0,425,6,9,2019,5,30,12,35,6,9,2019
Multiple carriers,Delhi,Cochin,1,17493.0,755,3,3,2019,13,0,1,35,3,4,2019
Jet Airways,Kolkata,Banglore,1,10844.0,1595,6,9,2019,20,0,22,35,6,10,2019
SpiceJet,Mumbai,Hyderabad,0,2753.0,90,6,1,2019,5,45,7,15,6,1,2019
Jet Airways,Delhi,Cochin,1,12898.0,1225,21,5,2019,8,0,4,25,22,5,2019
Jet Airways,Banglore,Delhi,0,7229.0,185,15,4,2019,18,55,22,0,15,4,2019
Air India,Delhi,Cochin,2,8603.0,1180,6,3,2019,12,0,7,40,6,4,2019
Jet Airways,Delhi,Cochin,2,15129.0,1375,18,5,2019,5,30,4,25,19,5,2019
Jet Airways,Delhi,Cochin,2,18804.0,440,15,6,2019,11,40,19,0,15,6,2019
Air Asia,Delhi,Cochin,1,7452.0,870,21,4,2019,7,55,22,25,21,4,2019
SpiceJet,Banglore,Delhi,0,3971.0,170,24,4,2019,9,30,12,20,24,4,2019
IndiGo,Banglore,Delhi,0,3943.0,170,6,12,2019,10,10,13,0,6,12,2019
IndiGo,Banglore,Delhi,1,9165.0,300,15,3,2019,14,25,19,25,15,3,2019
Jet Airways,Delhi,Cochin,2,13014.0,810,24,6,2019,5,30,19,0,24,6,2019
SpiceJet,Banglore,Delhi,0,3625.0,170,21,6,2019,9,30,12,20,21,6,2019
Jet Airways,Delhi,Cochin,1,10262.0,1235,24,6,2019,16,0,12,35,25,6,2019
Jet Airways,Kolkata,Banglore,1,14388.0,800,21,5,2019,18,55,8,15,22,5,2019
Multiple carriers,Delhi,Cochin,1,15058.0,675,6,12,2019,8,0,19,15,6,12,2019
Air India,Delhi,Cochin,1,14882.0,1360,3,6,2019,9,0,7,40,3,7,2019
IndiGo,Banglore,Delhi,0,4591.0,170,18,4,2019,10,10,13,0,18,4,2019
SpiceJet,Kolkata,Banglore,0,3841.0,155,5,9,2019,6,55,9,30,5,9,2019
Jet Airways,Kolkata,Banglore,1,14781.0,590,15,5,2019,8,25,18,15,15,5,2019
SpiceJet,Kolkata,Banglore,0,3841.0,140,4,9,2019,22,20,0,40,4,10,2019
Multiple carriers,Delhi,Cochin,1,13377.0,630,6,3,2019,15,0,1,30,6,4,2019
Jet Airways,Delhi,Cochin,2,13014.0,535,6,12,2019,19,30,4,25,13,6,2019
Multiple carriers,Delhi,Cochin,1,14848.0,375,21,5,2019,13,0,19,15,21,5,2019
Air India,Kolkata,Banglore,0,4145.0,155,5,9,2019,20,45,23,20,5,9,2019
IndiGo,Chennai,Kolkata,0,3850.0,140,6,12,2019,7,55,10,15,6,12,2019
Air India,Kolkata,Banglore,1,10413.0,805,24,5,2019,7,0,20,25,24,5,2019
IndiGo,Delhi,Cochin,1,6104.0,630,6,3,2019,15,0,1,30,6,4,2019
IndiGo,Banglore,Delhi,0,3943.0,170,6,1,2019,10,30,13,20,6,1,2019
Jet Airways,Kolkata,Banglore,1,8529.0,665,6,12,2019,21,10,8,15,13,6,2019
Jet Airways,Delhi,Cochin,1,10262.0,825,24,6,2019,22,50,12,35,25,6,2019
Jet Airways,Kolkata,Banglore,1,14151.0,1540,18,5,2019,20,25,22,5,19,5,2019
Air Asia,Kolkata,Banglore,2,5192.0,500,5,9,2019,15,10,23,30,5,9,2019
Jet Airways,Kolkata,Banglore,1,9663.0,875,21,5,2019,14,5,4,40,22,5,2019
GoAir,Banglore,Delhi,0,4632.0,175,24,4,2019,7,45,10,40,24,4,2019
IndiGo,Delhi,Cochin,1,5073.0,305,4,6,2019,20,25,1,30,4,7,2019
Multiple carriers,Delhi,Cochin,1,9526.0,535,15,6,2019,10,20,19,15,15,6,2019
IndiGo,Banglore,Delhi,0,4423.0,170,15,4,2019,4,0,6,50,15,4,2019
IndiGo,Mumbai,Hyderabad,0,2227.0,95,5,12,2019,20,5,21,40,5,12,2019
Vistara,Banglore,Delhi,0,5403.0,160,21,3,2019,11,30,14,10,21,3,2019
IndiGo,Chennai,Kolkata,0,3858.0,140,27,3,2019,19,35,21,55,27,3,2019
Jet Airways,Delhi,Cochin,2,18752.0,1745,3,9,2019,13,45,18,50,3,10,2019
Jet Airways,Kolkata,Banglore,1,9663.0,330,21,5,2019,6,30,12,0,21,5,2019
Jet Airways,Delhi,Cochin,2,12819.0,1045,24,6,2019,19,10,12,35,25,6,2019
Multiple carriers,Delhi,Cochin,1,6883.0,720,27,3,2019,9,0,21,0,27,3,2019
Multiple carriers,Delhi,Cochin,1,7198.0,390,27,5,2019,19,0,1,30,28,5,2019
Air India,Banglore,Delhi,0,7801.0,165,3,9,2019,10,0,12,45,3,9,2019
IndiGo,Banglore,Delhi,0,4823.0,175,21,4,2019,18,25,21,20,21,4,2019
Jet Airways,Kolkata,Banglore,1,9663.0,1610,24,5,2019,6,30,9,20,25,5,2019
Jet Airways,Kolkata,Banglore,1,12121.0,1480,5,12,2019,20,25,21,5,13,5,2019
Vistara,Kolkata,Banglore,1,8085.0,1625,5,12,2019,20,20,23,25,13,5,2019
IndiGo,Banglore,Delhi,1,8662.0,295,3,3,2019,13,40,18,35,3,3,2019
Jet Airways,Delhi,Cochin,1,6017.0,1250,21,3,2019,22,0,18,50,22,3,2019
SpiceJet,Chennai,Kolkata,0,3859.0,135,5,3,2019,9,45,12,0,5,3,2019
Multiple carriers,Delhi,Cochin,1,7564.0,860,18,5,2019,4,55,19,15,18,5,2019
SpiceJet,Banglore,Delhi,0,3919.0,160,21,6,2019,5,55,8,35,21,6,2019
Jet Airways,Delhi,Cochin,2,15129.0,1375,18,5,2019,5,30,4,25,19,5,2019
Jet Airways,Banglore,Delhi,1,26890.0,375,3,1,2019,7,0,13,15,3,1,2019
Jet Airways,Delhi,Cochin,0,5443.0,195,15,4,2019,11,0,14,15,15,4,2019
IndiGo,Banglore,Delhi,0,6860.0,175,3,9,2019,10,5,13,0,3,9,2019
Jet Airways,Kolkata,Banglore,1,13364.0,400,4,1,2019,14,5,20,45,4,1,2019
Jet Airways,Delhi,Cochin,1,12239.0,660,27,5,2019,8,0,19,0,27,5,2019
IndiGo,Kolkata,Banglore,1,4966.0,275,4,9,2019,11,30,16,5,4,9,2019
IndiGo,Banglore,Delhi,0,6144.0,165,3,3,2019,6,0,8,45,3,3,2019
Jet Airways,Delhi,Cochin,1,12373.0,1680,5,9,2019,15,0,19,0,5,10,2019
Air India,Banglore,Delhi,2,10835.0,1900,18,3,2019,8,50,16,30,16,3,2019
Air India,Delhi,Cochin,1,7952.0,1640,6,6,2019,6,5,9,25,6,7,2019
IndiGo,Banglore,Delhi,0,3419.0,165,4,9,2019,1,30,4,15,4,9,2019
Multiple carriers,Delhi,Cochin,1,10197.0,525,27,5,2019,3,50,12,35,27,5,2019
IndiGo,Delhi,Cochin,1,5883.0,895,6,3,2019,10,35,1,30,6,4,2019
Air India,Chennai,Kolkata,0,4667.0,135,18,5,2019,11,40,13,55,18,5,2019
IndiGo,Delhi,Cochin,2,6223.0,985,21,3,2019,4,55,21,20,21,3,2019
Jet Airways,Kolkata,Banglore,1,7757.0,665,5,6,2019,21,10,8,15,5,7,2019
IndiGo,Banglore,Delhi,1,11873.0,300,3,3,2019,14,25,19,25,3,3,2019
Jet Airways,Kolkata,Banglore,1,10844.0,665,6,6,2019,21,10,8,15,6,7,2019
IndiGo,Delhi,Cochin,1,7189.0,345,15,5,2019,21,50,3,35,16,5,2019
Jet Airways,Delhi,Cochin,1,10262.0,885,27,6,2019,21,50,12,35,28,6,2019
Air Asia,Kolkata,Banglore,0,5989.0,150,5,1,2019,19,55,22,25,5,1,2019
IndiGo,Mumbai,Hyderabad,0,2227.0,90,24,6,2019,21,20,22,50,24,6,2019
Jet Airways,Mumbai,Hyderabad,0,4995.0,90,6,6,2019,10,20,11,50,6,6,2019
Jet Airways,Kolkata,Banglore,1,14231.0,1695,24,3,2019,13,55,18,10,25,3,2019
Jet Airways,Kolkata,Banglore,1,10844.0,1400,18,5,2019,18,55,18,15,19,5,2019
GoAir,Delhi,Cochin,1,5628.0,455,3,3,2019,5,45,13,20,3,3,2019
Jet Airways,Kolkata,Banglore,1,10844.0,1285,6,9,2019,18,55,16,20,6,10,2019
Multiple carriers,Delhi,Cochin,1,8937.0,645,15,6,2019,8,30,19,15,15,6,2019
IndiGo,Kolkata,Banglore,0,5618.0,155,3,6,2019,14,20,16,55,3,6,2019
Air India,Delhi,Cochin,1,6674.0,735,4,9,2019,7,0,19,15,4,9,2019
GoAir,Banglore,Delhi,0,3898.0,170,24,4,2019,11,40,14,30,24,4,2019
Jet Airways,Kolkata,Banglore,1,10844.0,1550,24,5,2019,18,55,20,45,25,5,2019
Air India,Delhi,Cochin,2,13381.0,1380,6,3,2019,20,15,19,15,6,4,2019
Air India,Delhi,Cochin,2,11972.0,1560,21,5,2019,17,15,19,15,22,5,2019
Jet Airways,Delhi,Cochin,1,17024.0,655,3,3,2019,17,30,4,25,3,4,2019
IndiGo,Delhi,Cochin,1,7398.0,345,4,9,2019,21,50,3,35,4,10,2019
Air India,Banglore,Delhi,2,17461.0,435,3,1,2019,10,30,17,45,3,1,2019
Jet Airways,Kolkata,Banglore,1,13731.0,735,24,5,2019,20,0,8,15,25,5,2019
Jet Airways,Banglore,Delhi,1,13555.0,920,18,3,2019,16,55,8,15,16,3,2019
IndiGo,Kolkata,Banglore,0,4804.0,155,27,4,2019,17,15,19,50,27,4,2019
Jet Airways,Delhi,Cochin,1,16289.0,715,21,5,2019,7,5,19,0,21,5,2019
IndiGo,Delhi,Cochin,1,7520.0,425,18,5,2019,5,5,12,10,18,5,2019
IndiGo,Delhi,Cochin,1,7503.0,895,18,5,2019,10,35,1,30,19,5,2019
Multiple carriers,Delhi,Cochin,1,8601.0,650,27,3,2019,8,25,19,15,27,3,2019
Jet Airways,Kolkata,Banglore,1,7064.0,1655,4,1,2019,8,25,12,0,4,2,2019
Air Asia,Kolkata,Banglore,1,5192.0,710,5,6,2019,7,35,19,25,5,6,2019
SpiceJet,Kolkata,Banglore,1,9158.0,330,6,9,2019,15,55,21,25,6,9,2019
Multiple carriers,Delhi,Cochin,1,24318.0,515,3,6,2019,17,0,1,35,3,7,2019
Multiple carriers,Delhi,Cochin,1,7038.0,660,21,5,2019,7,10,18,10,21,5,2019
IndiGo,Banglore,Delhi,0,7303.0,170,24,3,2019,22,20,1,10,25,3,2019
IndiGo,Banglore,Delhi,1,8021.0,285,15,3,2019,5,25,10,10,15,3,2019
Multiple carriers,Delhi,Cochin,1,14323.0,555,15,5,2019,10,0,19,15,15,5,2019
Air India,Kolkata,Banglore,1,10203.0,805,6,6,2019,7,0,20,25,6,6,2019
Multiple carriers,Delhi,Cochin,1,7408.0,390,15,6,2019,19,0,1,30,16,6,2019
IndiGo,Mumbai,Hyderabad,0,2227.0,85,27,3,2019,21,20,22,45,27,3,2019
Multiple carriers,Delhi,Cochin,1,16108.0,465,15,6,2019,11,30,19,15,15,6,2019
Jet Airways,Delhi,Cochin,1,10262.0,1100,15,6,2019,18,15,12,35,16,6,2019
Jet Airways,Delhi,Cochin,1,14714.0,600,6,9,2019,9,0,19,0,6,9,2019
Jet Airways,Delhi,Cochin,1,10262.0,1210,6,3,2019,22,50,19,0,6,4,2019
IndiGo,Delhi,Cochin,1,7640.0,490,18,5,2019,14,20,22,30,18,5,2019
Vistara,Kolkata,Banglore,1,8610.0,700,6,12,2019,7,10,18,50,6,12,2019
Jet Airways,Delhi,Cochin,1,12767.0,650,21,3,2019,8,0,18,50,21,3,2019
IndiGo,Delhi,Cochin,1,6093.0,730,6,12,2019,8,50,21,0,6,12,2019
IndiGo,Delhi,Cochin,1,6442.0,560,27,4,2019,6,50,16,10,27,4,2019
Jet Airways,Banglore,Delhi,0,4030.0,165,5,9,2019,6,0,8,45,5,9,2019
Multiple carriers,Delhi,Cochin,1,7408.0,480,6,6,2019,13,0,21,0,6,6,2019
Multiple carriers,Delhi,Cochin,1,10696.0,545,6,3,2019,7,5,16,10,6,3,2019
SpiceJet,Kolkata,Banglore,0,6982.0,150,3,12,2019,9,0,11,30,3,12,2019
IndiGo,Mumbai,Hyderabad,0,2754.0,90,6,9,2019,19,5,20,35,6,9,2019
Air India,Banglore,Delhi,1,23677.0,330,3,1,2019,6,45,12,15,3,1,2019
Air India,Kolkata,Banglore,2,13227.0,1385,5,1,2019,9,50,8,55,5,2,2019
IndiGo,Mumbai,Hyderabad,0,2754.0,85,27,3,2019,12,0,13,25,27,3,2019
IndiGo,Delhi,Cochin,1,6758.0,965,18,5,2019,4,55,21,0,18,5,2019
Air India,Delhi,Cochin,0,6934.0,180,18,5,2019,14,10,17,10,18,5,2019
Jet Airways,Delhi,Cochin,2,18799.0,805,3,3,2019,5,25,18,50,3,3,2019
Jet Airways,Mumbai,Hyderabad,0,5678.0,90,5,6,2019,19,35,21,5,5,6,2019
Jet Airways,Banglore,Delhi,1,27992.0,800,3,1,2019,7,0,20,20,3,1,2019
Jet Airways,Banglore,Delhi,0,4544.0,180,4,1,2019,19,50,22,50,4,1,2019
Jet Airways,Kolkata,Banglore,1,7757.0,1285,5,6,2019,18,55,16,20,5,7,2019
IndiGo,Delhi,Cochin,1,6373.0,310,27,5,2019,17,5,22,15,27,5,2019
Jet Airways,Delhi,Cochin,2,13376.0,1320,15,6,2019,14,35,12,35,16,6,2019
IndiGo,Kolkata,Banglore,0,5644.0,150,6,3,2019,14,25,16,55,6,3,2019
Jet Airways,Kolkata,Banglore,1,13067.0,1480,5,6,2019,20,25,21,5,5,7,2019
Multiple carriers,Delhi,Cochin,1,6513.0,540,15,5,2019,7,10,16,10,15,5,2019
IndiGo,Mumbai,Hyderabad,0,4392.0,90,5,9,2019,12,0,13,30,5,9,2019
IndiGo,Kolkata,Banglore,0,4778.0,170,3,6,2019,5,30,8,20,3,6,2019
Jet Airways,Kolkata,Banglore,1,10844.0,1485,18,5,2019,20,0,20,45,19,5,2019
Air India,Kolkata,Banglore,2,12723.0,1840,24,5,2019,5,50,12,30,25,5,2019
Jet Airways,Kolkata,Banglore,1,11134.0,725,24,3,2019,21,10,9,15,25,3,2019
Jet Airways,Banglore,Delhi,0,7229.0,185,5,9,2019,18,55,22,0,5,9,2019
Jet Airways,Delhi,Cochin,1,10262.0,1015,6,6,2019,11,30,4,25,6,7,2019
IndiGo,Kolkata,Banglore,0,4778.0,170,24,3,2019,5,30,8,20,24,3,2019
IndiGo,Banglore,Delhi,0,8033.0,170,15,3,2019,23,30,2,20,16,3,2019
Air India,Delhi,Cochin,1,8425.0,1535,27,5,2019,5,15,6,50,28,5,2019
Jet Airways,Delhi,Cochin,2,10919.0,1320,6,3,2019,14,35,12,35,6,4,2019
Multiple carriers,Delhi,Cochin,1,15411.0,595,3,6,2019,8,55,18,50,3,6,2019
Air India,Delhi,Cochin,2,10975.0,1220,6,12,2019,13,5,9,25,13,6,2019
Air India,Kolkata,Banglore,1,6535.0,1700,24,3,2019,16,45,21,5,25,3,2019
Jet Airways,Kolkata,Banglore,1,8355.0,435,5,9,2019,10,20,17,35,5,9,2019
SpiceJet,Chennai,Kolkata,0,3543.0,140,18,6,2019,17,45,20,5,18,6,2019
Vistara,Kolkata,Banglore,1,12102.0,1345,24,3,2019,20,20,18,45,25,3,2019
Jet Airways,Kolkata,Banglore,1,9314.0,1005,5,1,2019,17,0,9,45,5,2,2019
IndiGo,Delhi,Cochin,1,7503.0,415,18,5,2019,18,35,1,30,19,5,2019
SpiceJet,Delhi,Cochin,1,9748.0,310,3,3,2019,6,10,11,20,3,3,2019
IndiGo,Kolkata,Banglore,0,4804.0,155,27,6,2019,17,15,19,50,27,6,2019
Jet Airways,Kolkata,Banglore,1,8586.0,590,5,9,2019,6,30,16,20,5,9,2019
Jet Airways,Delhi,Cochin,2,13882.0,1630,24,6,2019,9,25,12,35,25,6,2019
Jet Airways,Banglore,Delhi,0,7229.0,175,21,5,2019,15,50,18,45,21,5,2019
Air India,Mumbai,Hyderabad,0,2575.0,80,24,3,2019,6,20,7,40,24,3,2019
IndiGo,Banglore,Delhi,0,3943.0,180,21,5,2019,21,15,0,15,22,5,2019
SpiceJet,Delhi,Cochin,1,4760.0,270,24,4,2019,8,45,13,15,24,4,2019
Jet Airways,Kolkata,Banglore,1,8824.0,965,24,3,2019,6,30,22,35,24,3,2019
Air India,Delhi,Cochin,1,6902.0,615,21,3,2019,9,0,19,15,21,3,2019
Air Asia,Delhi,Cochin,1,6151.0,865,21,3,2019,16,45,7,10,22,3,2019
Air India,Kolkata,Banglore,2,12324.0,765,21,5,2019,16,50,5,35,22,5,2019
Jet Airways,Banglore,Delhi,1,11087.0,280,3,9,2019,5,45,10,25,3,9,2019
Air Asia,Kolkata,Banglore,0,5964.0,150,3,3,2019,19,35,22,5,3,3,2019
Jet Airways,Kolkata,Banglore,1,14151.0,1540,5,1,2019,20,25,22,5,5,2,2019
Jet Airways,Kolkata,Banglore,1,11467.0,1730,15,5,2019,9,35,14,25,16,5,2019
SpiceJet,Kolkata,Banglore,0,3873.0,140,21,5,2019,22,20,0,40,22,5,2019
Multiple carriers,Delhi,Cochin,1,13542.0,635,21,3,2019,15,0,1,35,22,3,2019
Jet Airways,Kolkata,Banglore,1,10844.0,735,21,5,2019,20,0,8,15,22,5,2019
IndiGo,Banglore,Delhi,0,6144.0,165,3,3,2019,1,30,4,15,3,3,2019
Jet Airways,Delhi,Cochin,1,10262.0,300,27,6,2019,14,0,19,0,27,6,2019
Air Asia,Banglore,Delhi,0,3383.0,165,4,6,2019,11,10,13,55,4,6,2019
Air India,Kolkata,Banglore,1,10413.0,1615,6,9,2019,17,30,20,25,6,10,2019
Jet Airways,Kolkata,Banglore,1,13994.0,575,6,9,2019,9,35,19,10,6,9,2019
Air India,Kolkata,Banglore,2,13143.0,1045,21,5,2019,5,50,23,15,21,5,2019
Multiple carriers,Delhi,Cochin,1,13069.0,625,21,3,2019,8,25,18,50,21,3,2019
Jet Airways,Delhi,Cochin,2,15129.0,1045,27,5,2019,19,10,12,35,28,5,2019
GoAir,Banglore,Delhi,0,3898.0,165,6,9,2019,20,55,23,40,6,9,2019
Jet Airways,Kolkata,Banglore,1,13941.0,475,5,9,2019,8,25,16,20,5,9,2019
Air India,Banglore,Delhi,1,6383.0,1490,21,3,2019,10,30,11,20,19,3,2019
Multiple carriers,Delhi,Cochin,1,10406.0,835,6,1,2019,7,5,21,0,6,1,2019
IndiGo,Delhi,Cochin,1,5883.0,630,6,6,2019,15,0,1,30,6,7,2019
IndiGo,Delhi,Cochin,1,6838.0,615,27,3,2019,10,45,21,0,27,3,2019
Jet Airways,Kolkata,Banglore,1,14781.0,800,21,5,2019,6,30,19,50,21,5,2019
Jet Airways,Delhi,Cochin,1,10577.0,520,6,9,2019,19,45,4,25,6,10,2019
Multiple carriers,Delhi,Cochin,1,9646.0,565,15,5,2019,13,5,22,30,15,5,2019
Vistara,Delhi,Cochin,0,6216.0,190,6,6,2019,6,0,9,10,6,6,2019
Jet Airways,Delhi,Cochin,0,9564.0,195,5,12,2019,11,0,14,15,5,12,2019
Jet Airways,Kolkata,Banglore,1,14781.0,450,5,1,2019,21,10,4,40,5,2,2019
Jet Airways,Banglore,Delhi,0,7229.0,180,5,6,2019,7,10,10,10,5,6,2019
IndiGo,Kolkata,Banglore,0,4148.0,165,3,9,2019,22,10,0,55,3,10,2019
Multiple carriers,Delhi,Cochin,1,7268.0,455,27,6,2019,11,40,19,15,27,6,2019
Air India,Kolkata,Banglore,0,6245.0,150,6,1,2019,14,15,16,45,6,1,2019
Jet Airways,Delhi,Cochin,2,13376.0,1300,6,1,2019,6,45,4,25,6,2,2019
Air Asia,Banglore,Delhi,0,4483.0,170,18,4,2019,23,55,2,45,19,4,2019
Jet Airways,Delhi,Cochin,1,11627.0,1570,6,3,2019,2,15,4,25,6,4,2019
Vistara,Kolkata,Banglore,1,13310.0,970,24,3,2019,17,0,9,10,25,3,2019
Jet Airways,Banglore,Delhi,0,7754.0,185,21,6,2019,18,55,22,0,21,6,2019
IndiGo,Mumbai,Hyderabad,0,2754.0,90,4,1,2019,19,5,20,35,4,1,2019
Air India,Delhi,Cochin,2,10231.0,1275,6,12,2019,22,0,19,15,13,6,2019
Jet Airways,Delhi,Cochin,2,10368.0,1615,6,3,2019,9,40,12,35,6,4,2019
Air India,Delhi,Cochin,2,11447.0,1580,6,6,2019,7,5,9,25,6,7,2019
Jet Airways,Delhi,Cochin,2,18799.0,1380,3,3,2019,5,25,4,25,3,4,2019
IndiGo,Kolkata,Banglore,0,4462.0,155,3,9,2019,15,10,17,45,3,9,2019
Jet Airways,Kolkata,Banglore,1,13067.0,1365,5,12,2019,20,25,19,10,13,5,2019
Jet Airways,Kolkata,Banglore,1,12681.0,1495,4,1,2019,18,55,19,50,4,2,2019
Vistara,Chennai,Kolkata,0,3687.0,135,6,3,2019,7,5,9,20,6,3,2019
IndiGo,Delhi,Cochin,1,6628.0,485,27,3,2019,17,30,1,35,28,3,2019
Air India,Delhi,Cochin,1,13832.0,600,3,9,2019,21,40,7,40,3,10,2019
IndiGo,Banglore,Delhi,0,6860.0,180,3,3,2019,8,30,11,30,3,3,2019
Air India,Kolkata,Banglore,2,10676.0,1390,5,12,2019,12,0,11,10,13,5,2019
Jet Airways,Delhi,Cochin,1,14714.0,335,6,3,2019,22,50,4,25,6,4,2019
Jet Airways,Delhi,Cochin,1,10262.0,1395,6,12,2019,19,45,19,0,13,6,2019
IndiGo,Mumbai,Hyderabad,0,2754.0,90,21,5,2019,19,5,20,35,21,5,2019
Air Asia,Kolkata,Banglore,1,6785.0,920,24,3,2019,7,35,22,55,24,3,2019
Multiple carriers,Delhi,Cochin,1,14067.0,570,21,5,2019,16,0,1,30,22,5,2019
Jet Airways,Delhi,Cochin,2,15318.0,505,21,5,2019,20,0,4,25,22,5,2019
Jet Airways,Delhi,Cochin,1,14053.0,610,3,9,2019,18,15,4,25,3,10,2019
Jet Airways,Mumbai,Hyderabad,0,8040.0,85,27,6,2019,7,5,8,30,27,6,2019
Air India,Kolkata,Banglore,2,12723.0,1625,6,6,2019,5,50,8,55,6,7,2019
Jet Airways,Delhi,Cochin,1,10262.0,1355,27,6,2019,14,0,12,35,28,6,2019
Air Asia,Delhi,Cochin,1,6151.0,865,27,3,2019,16,45,7,10,28,3,2019
SpiceJet,Delhi,Cochin,1,5409.0,295,6,3,2019,17,55,22,50,6,3,2019
Vistara,Kolkata,Banglore,1,9345.0,1440,21,5,2019,20,20,20,20,22,5,2019
Air India,Delhi,Cochin,2,12646.0,1820,15,6,2019,12,55,19,15,16,6,2019
Jet Airways,Delhi,Cochin,2,11150.0,1390,27,6,2019,13,25,12,35,28,6,2019
IndiGo,Mumbai,Hyderabad,0,4784.0,90,3,6,2019,16,55,18,25,3,6,2019
Jet Airways,Delhi,Cochin,1,12242.0,395,27,3,2019,21,50,4,25,28,3,2019
Air Asia,Kolkata,Banglore,1,11323.0,720,6,9,2019,22,40,10,40,6,10,2019
Air Asia,Kolkata,Banglore,0,4409.0,150,18,4,2019,19,55,22,25,18,4,2019
Jet Airways,Banglore,Delhi,1,16736.0,745,3,6,2019,8,55,21,20,3,6,2019
Air India,Mumbai,Hyderabad,0,3100.0,75,27,5,2019,19,30,20,45,27,5,2019
Jet Airways,Delhi,Cochin,2,13029.0,810,18,5,2019,5,30,19,0,18,5,2019
IndiGo,Kolkata,Banglore,0,4804.0,150,6,12,2019,14,25,16,55,6,12,2019
Vistara,Kolkata,Banglore,1,9555.0,790,24,5,2019,7,10,20,20,24,5,2019
Jet Airways,Delhi,Cochin,1,10262.0,1295,27,6,2019,15,0,12,35,28,6,2019
Air Asia,Kolkata,Banglore,0,5964.0,150,24,3,2019,19,35,22,5,24,3,2019
IndiGo,Delhi,Cochin,1,6386.0,345,6,12,2019,2,0,7,45,6,12,2019
Air India,Delhi,Cochin,1,6377.0,675,4,9,2019,8,0,19,15,4,9,2019
SpiceJet,Chennai,Kolkata,0,3807.0,135,18,3,2019,8,20,10,35,18,3,2019
Multiple carriers,Delhi,Cochin,1,13377.0,570,6,3,2019,16,0,1,30,6,4,2019
SpiceJet,Kolkata,Banglore,0,3841.0,145,4,12,2019,9,0,11,25,4,12,2019
Air India,Kolkata,Banglore,1,6528.0,1440,6,6,2019,14,35,14,35,6,7,2019
Air India,Mumbai,Hyderabad,0,3100.0,80,24,5,2019,6,20,7,40,24,5,2019
Vistara,Chennai,Kolkata,0,3687.0,135,24,6,2019,7,45,10,0,24,6,2019
Jet Airways,Banglore,Delhi,1,14815.0,1265,3,6,2019,8,0,5,5,3,7,2019
IndiGo,Banglore,Delhi,0,3943.0,170,6,12,2019,4,0,6,50,6,12,2019
Jet Airways,Delhi,Cochin,1,14714.0,450,6,12,2019,20,55,4,25,13,6,2019
SpiceJet,Kolkata,Banglore,1,4859.0,315,24,4,2019,15,5,20,20,24,4,2019
Jet Airways,Kolkata,Banglore,1,10844.0,510,18,5,2019,14,5,22,35,18,5,2019
IndiGo,Banglore,Delhi,1,4410.0,295,18,3,2019,12,10,17,5,18,3,2019
IndiGo,Mumbai,Hyderabad,0,2754.0,90,21,5,2019,2,35,4,5,21,5,2019
Jet Airways,Banglore,Delhi,0,7229.0,180,4,6,2019,19,50,22,50,4,6,2019
IndiGo,Banglore,Delhi,0,5694.0,170,3,9,2019,23,30,2,20,3,10,2019
Multiple carriers,Delhi,Cochin,1,9424.0,510,5,9,2019,17,0,1,30,5,10,2019
Jet Airways,Delhi,Cochin,1,10262.0,1395,15,6,2019,19,45,19,0,16,6,2019
Air India,Delhi,Cochin,2,12199.0,865,6,9,2019,17,15,7,40,6,10,2019
Vistara,Banglore,Delhi,0,4668.0,170,5,6,2019,11,30,14,20,5,6,2019
Jet Airways,Banglore,Delhi,1,7832.0,1140,21,3,2019,5,45,0,45,19,3,2019
SpiceJet,Banglore,Delhi,0,4945.0,175,21,3,2019,9,35,12,30,21,3,2019
Air India,Banglore,Delhi,2,11791.0,2420,3,3,2019,5,50,22,10,3,7,2019
SpiceJet,Kolkata,Banglore,0,3841.0,155,4,12,2019,6,55,9,30,4,12,2019
GoAir,Banglore,Delhi,0,4239.0,165,4,3,2019,20,55,23,40,4,3,2019
Jet Airways,Banglore,Delhi,1,14815.0,640,3,6,2019,14,5,0,45,3,7,2019
Jet Airways,Delhi,Cochin,2,13014.0,560,6,9,2019,9,40,19,0,6,9,2019
Multiple carriers,Delhi,Cochin,1,11789.0,520,6,9,2019,10,20,19,0,6,9,2019
Jet Airways,Kolkata,Banglore,1,10031.0,540,24,3,2019,19,45,4,45,25,3,2019
Air India,Kolkata,Banglore,2,13616.0,1915,15,5,2019,9,25,17,20,16,5,2019
Multiple carriers,Delhi,Cochin,1,6838.0,395,21,3,2019,19,0,1,35,22,3,2019
Jet Airways,Banglore,Delhi,0,7229.0,180,24,5,2019,17,45,20,45,24,5,2019
IndiGo,Banglore,Delhi,0,4990.0,165,4,12,2019,6,5,8,50,4,12,2019
GoAir,Delhi,Cochin,1,5752.0,355,27,5,2019,7,0,12,55,27,5,2019
Multiple carriers,Delhi,Cochin,2,18191.0,625,5,9,2019,15,5,1,30,5,10,2019
Jet Airways,Kolkata,Banglore,1,10539.0,800,6,12,2019,20,25,9,45,13,6,2019
Air Asia,Delhi,Cochin,1,8327.0,865,3,9,2019,16,45,7,10,3,10,2019
Jet Airways,Kolkata,Banglore,1,10844.0,510,24,5,2019,14,5,22,35,24,5,2019
SpiceJet,Kolkata,Banglore,0,3873.0,140,6,12,2019,22,20,0,40,13,6,2019
Jet Airways,Banglore,Delhi,1,13555.0,780,18,3,2019,21,25,10,25,16,3,2019
Jet Airways,Kolkata,Banglore,1,10844.0,1335,24,5,2019,20,0,18,15,25,5,2019
Vistara,Banglore,Delhi,0,5403.0,170,4,1,2019,21,0,23,50,4,1,2019
Air India,Kolkata,Banglore,0,4145.0,155,21,5,2019,20,45,23,20,21,5,2019
Jet Airways,Delhi,Cochin,1,10577.0,1425,6,9,2019,19,15,19,0,6,10,2019
Air India,Delhi,Cochin,2,9925.0,1420,5,9,2019,9,45,9,25,5,10,2019
IndiGo,Mumbai,Hyderabad,0,2754.0,90,15,6,2019,19,5,20,35,15,6,2019
Air India,Kolkata,Banglore,1,7662.0,1700,5,9,2019,16,45,21,5,5,10,2019
Jet Airways,Mumbai,Hyderabad,1,22294.0,815,3,12,2019,3,0,16,35,3,12,2019
IndiGo,Banglore,Delhi,0,6144.0,170,15,3,2019,13,0,15,50,15,3,2019
Jet Airways,Mumbai,Hyderabad,2,24210.0,1260,3,6,2019,19,50,16,50,3,7,2019
Multiple carriers,Delhi,Cochin,1,12327.0,755,27,3,2019,13,0,1,35,28,3,2019
SpiceJet,Mumbai,Hyderabad,0,2437.0,80,18,3,2019,13,10,14,30,18,3,2019
SpiceJet,Mumbai,Hyderabad,0,2753.0,90,6,12,2019,5,45,7,15,6,12,2019
Jet Airways,Kolkata,Banglore,1,14151.0,840,21,5,2019,9,35,23,35,21,5,2019
Vistara,Chennai,Kolkata,0,11982.0,140,21,6,2019,17,45,20,5,21,6,2019
IndiGo,Delhi,Cochin,2,9413.0,565,3,3,2019,11,55,21,20,3,3,2019
Air India,Delhi,Cochin,2,13022.0,1560,15,5,2019,17,15,19,15,16,5,2019
GoAir,Kolkata,Banglore,1,3673.0,475,6,9,2019,6,40,14,35,6,9,2019
Jet Airways,Delhi,Cochin,1,15764.0,365,3,6,2019,22,20,4,25,3,7,2019
Jet Airways,Delhi,Cochin,2,12609.0,910,24,6,2019,21,25,12,35,25,6,2019
Jet Airways Business,Banglore,Delhi,1,57209.0,280,3,1,2019,9,45,14,25,3,1,2019
Vistara,Banglore,Delhi,0,5613.0,170,4,6,2019,9,45,12,35,4,6,2019
Multiple carriers,Delhi,Cochin,1,6630.0,870,21,3,2019,4,45,19,15,21,3,2019
Jet Airways,Mumbai,Hyderabad,0,5678.0,90,27,6,2019,19,35,21,5,27,6,2019
Jet Airways,Banglore,Delhi,1,7045.0,530,21,3,2019,22,50,7,40,19,3,2019
IndiGo,Kolkata,Banglore,0,4148.0,155,3,9,2019,14,20,16,55,3,9,2019
Air India,Banglore,Delhi,1,11003.0,745,3,3,2019,10,30,22,55,3,3,2019
Air India,Delhi,Cochin,1,7480.0,1640,18,5,2019,6,5,9,25,19,5,2019
IndiGo,Kolkata,Banglore,0,4804.0,155,5,12,2019,22,15,0,50,13,5,2019
Jet Airways,Mumbai,Hyderabad,0,4050.0,85,5,12,2019,2,55,4,20,5,12,2019
Air India,Banglore,Delhi,0,6961.0,165,27,6,2019,10,0,12,45,27,6,2019
Jet Airways,Delhi,Cochin,1,10262.0,1620,6,3,2019,16,0,19,0,6,4,2019
Air Asia,Banglore,Delhi,0,3383.0,170,6,12,2019,23,55,2,45,13,6,2019
Air India,Delhi,Cochin,1,8119.0,1590,3,9,2019,20,30,23,0,3,10,2019
Jet Airways,Delhi,Cochin,1,14714.0,1005,6,6,2019,2,15,19,0,6,6,2019
Multiple carriers,Delhi,Cochin,1,13259.0,780,6,3,2019,6,0,19,0,6,3,2019
GoAir,Banglore,Delhi,0,7222.0,175,3,3,2019,7,45,10,40,3,3,2019
Air Asia,Delhi,Cochin,1,7353.0,865,5,9,2019,16,45,7,10,5,10,2019
Jet Airways,Kolkata,Banglore,1,14178.0,665,24,5,2019,21,10,8,15,25,5,2019
Jet Airways,Banglore,Delhi,1,26890.0,1325,3,1,2019,7,0,5,5,3,2,2019
Air India,Mumbai,Hyderabad,0,3625.0,75,5,12,2019,19,30,20,45,5,12,2019
Multiple carriers,Delhi,Cochin,1,9001.0,455,6,3,2019,11,40,19,15,6,3,2019
Air India,Kolkata,Banglore,0,4145.0,155,27,5,2019,20,45,23,20,27,5,2019
Jet Airways,Delhi,Cochin,2,15544.0,425,5,9,2019,5,30,12,35,5,9,2019
SpiceJet,Mumbai,Hyderabad,0,2017.0,90,15,6,2019,13,15,14,45,15,6,2019
Air India,Kolkata,Banglore,2,14424.0,1165,15,5,2019,10,0,5,25,16,5,2019
GoAir,Kolkata,Banglore,0,3514.0,155,15,6,2019,15,20,17,55,15,6,2019
IndiGo,Delhi,Cochin,1,6628.0,415,27,5,2019,18,35,1,30,28,5,2019
Jet Airways,Delhi,Cochin,2,15339.0,1760,15,6,2019,23,5,4,25,17,6,2019
Air India,Banglore,Delhi,0,7591.0,165,3,9,2019,21,10,23,55,3,9,2019
Jet Airways,Delhi,Cochin,1,10262.0,1015,6,1,2019,11,30,4,25,6,2,2019
Jet Airways,Kolkata,Banglore,1,10844.0,590,21,5,2019,6,30,16,20,21,5,2019
Jet Airways,Delhi,Cochin,2,13014.0,1125,6,6,2019,9,40,4,25,6,7,2019
Air India,Kolkata,Banglore,1,7872.0,1700,18,5,2019,16,45,21,5,19,5,2019
IndiGo,Delhi,Cochin,0,6541.0,195,15,5,2019,14,25,17,40,15,5,2019
Air India,Banglore,Delhi,1,6987.0,985,15,3,2019,6,55,23,20,15,3,2019
IndiGo,Banglore,Delhi,0,4823.0,175,6,1,2019,18,55,21,50,6,1,2019
Air India,Banglore,Delhi,0,6961.0,180,21,5,2019,5,45,8,45,21,5,2019
Jet Airways,Kolkata,Banglore,1,9899.0,705,6,12,2019,6,30,18,15,6,12,2019
Jet Airways,Banglore,Delhi,1,12295.0,375,3,12,2019,9,45,16,0,3,12,2019
Air India,Kolkata,Banglore,2,6117.0,1555,6,12,2019,9,10,11,5,13,6,2019
SpiceJet,Chennai,Kolkata,0,3543.0,135,5,1,2019,9,45,12,0,5,1,2019
Air India,Delhi,Cochin,2,12646.0,1595,3,6,2019,16,40,19,15,3,7,2019
SpiceJet,Banglore,Delhi,0,3919.0,175,18,5,2019,21,10,0,5,19,5,2019
Air India,Banglore,Delhi,1,6982.0,1425,15,3,2019,11,50,11,35,16,3,2019
Vistara,Kolkata,Banglore,1,13100.0,1545,24,3,2019,17,0,18,45,25,3,2019
Jet Airways,Delhi,Cochin,1,16079.0,600,27,5,2019,9,0,19,0,27,5,2019
Multiple carriers,Delhi,Cochin,1,13082.0,755,3,9,2019,6,40,19,15,3,9,2019
Air India,Banglore,Delhi,0,6121.0,170,5,3,2019,13,20,16,10,5,3,2019
IndiGo,Banglore,Delhi,0,4823.0,180,6,12,2019,16,55,19,55,6,12,2019
Jet Airways,Kolkata,Banglore,1,13941.0,585,18,5,2019,18,55,4,40,19,5,2019
Jet Airways,Banglore,Delhi,0,4544.0,185,4,3,2019,18,55,22,0,4,3,2019
Air India,Kolkata,Banglore,0,4145.0,155,15,4,2019,20,45,23,20,15,4,2019
SpiceJet,Banglore,Delhi,0,3919.0,175,4,6,2019,21,10,0,5,4,7,2019
Vistara,Chennai,Kolkata,0,11982.0,140,6,1,2019,17,45,20,5,6,1,2019
IndiGo,Delhi,Cochin,1,5636.0,325,27,6,2019,2,0,7,25,27,6,2019
Air India,Delhi,Cochin,2,8656.0,1595,27,3,2019,16,40,19,15,28,3,2019
Jet Airways,Kolkata,Banglore,1,10844.0,365,5,12,2019,16,30,22,35,5,12,2019
Multiple carriers,Delhi,Cochin,1,9856.0,545,24,6,2019,7,5,16,10,24,6,2019
IndiGo,Banglore,Delhi,0,3943.0,170,4,9,2019,4,0,6,50,4,9,2019
Air India,Banglore,Delhi,2,11570.0,920,3,3,2019,17,25,8,45,3,7,2019
Air Asia,Kolkata,Banglore,0,4409.0,150,4,12,2019,19,55,22,25,4,12,2019
Air India,Delhi,Cochin,0,6934.0,180,6,1,2019,14,10,17,10,6,1,2019
Jet Airways,Banglore,Delhi,1,13817.0,690,3,12,2019,22,55,10,25,13,3,2019
Jet Airways,Kolkata,Banglore,1,12121.0,1450,5,9,2019,9,35,9,45,5,10,2019
IndiGo,Kolkata,Banglore,0,4804.0,155,18,6,2019,17,15,19,50,18,6,2019
Jet Airways,Banglore,Delhi,0,5769.0,180,6,12,2019,8,20,11,20,6,12,2019
SpiceJet,Kolkata,Banglore,0,4174.0,150,18,5,2019,14,55,17,25,18,5,2019
SpiceJet,Banglore,Delhi,0,6309.0,175,24,3,2019,9,35,12,30,24,3,2019
SpiceJet,Mumbai,Hyderabad,0,1965.0,90,18,5,2019,5,45,7,15,18,5,2019
Multiple carriers,Delhi,Cochin,1,10406.0,835,27,5,2019,7,5,21,0,27,5,2019
Air India,Kolkata,Banglore,1,8996.0,245,5,12,2019,9,10,13,15,5,12,2019
Jet Airways,Kolkata,Banglore,1,10844.0,590,5,1,2019,8,25,18,15,5,1,2019
Multiple carriers,Delhi,Cochin,1,13377.0,435,27,6,2019,18,15,1,30,28,6,2019
SpiceJet,Kolkata,Banglore,1,8479.0,435,5,1,2019,11,35,18,50,5,1,2019
Jet Airways,Banglore,Delhi,1,31825.0,860,3,1,2019,18,40,9,0,3,2,2019
GoAir,Banglore,Delhi,0,5706.0,175,24,3,2019,20,55,23,50,24,3,2019
Jet Airways,Banglore,Delhi,1,12284.0,1235,18,3,2019,11,40,8,15,16,3,2019
Jet Airways,Banglore,Delhi,0,4544.0,180,24,4,2019,8,20,11,20,24,4,2019
Jet Airways,Delhi,Cochin,1,6017.0,440,27,3,2019,11,30,18,50,27,3,2019
Jet Airways,Kolkata,Banglore,1,14781.0,475,21,5,2019,8,25,16,20,21,5,2019
Air India,Delhi,Cochin,2,12646.0,1820,6,6,2019,12,55,19,15,6,7,2019
IndiGo,Chennai,Kolkata,0,3858.0,145,6,9,2019,11,35,14,0,6,9,2019
SpiceJet,Delhi,Cochin,1,4957.0,295,4,1,2019,17,55,22,50,4,1,2019
Jet Airways,Delhi,Cochin,1,10262.0,1145,24,6,2019,17,30,12,35,25,6,2019
Jet Airways,Kolkata,Banglore,1,10031.0,1660,24,3,2019,19,45,23,25,25,3,2019
Jet Airways,Kolkata,Banglore,1,14388.0,865,5,12,2019,18,55,9,20,13,5,2019
Jet Airways,Kolkata,Banglore,1,10844.0,1660,15,5,2019,18,55,22,35,16,5,2019
Jet Airways,Delhi,Cochin,2,8882.0,1475,27,3,2019,19,10,19,45,28,3,2019
Jet Airways,Delhi,Cochin,2,13014.0,1615,24,6,2019,9,40,12,35,25,6,2019
Air India,Kolkata,Banglore,1,8366.0,545,6,6,2019,9,25,18,30,6,6,2019
IndiGo,Delhi,Cochin,0,6015.0,195,6,1,2019,14,25,17,40,6,1,2019
Jet Airways,Delhi,Cochin,2,20694.0,2860,3,6,2019,19,10,18,50,3,8,2019
Jet Airways,Delhi,Cochin,1,17024.0,705,3,3,2019,7,5,18,50,3,3,2019
Multiple carriers,Delhi,Cochin,1,14762.0,465,3,1,2019,14,35,22,20,3,1,2019
Air India,Mumbai,Hyderabad,0,3625.0,80,5,1,2019,6,20,7,40,5,1,2019
IndiGo,Mumbai,Hyderabad,0,2227.0,90,18,3,2019,20,5,21,35,18,3,2019
IndiGo,Kolkata,Banglore,0,4804.0,165,24,4,2019,9,35,12,20,24,4,2019
Jet Airways,Mumbai,Hyderabad,0,5678.0,85,6,9,2019,2,55,4,20,6,9,2019
Jet Airways,Mumbai,Hyderabad,0,2470.0,85,24,3,2019,7,10,8,35,24,3,2019
Jet Airways,Banglore,Delhi,1,12284.0,405,18,3,2019,11,40,18,25,18,3,2019
IndiGo,Banglore,Delhi,0,3419.0,170,6,12,2019,22,10,1,0,13,6,2019
Jet Airways,Delhi,Cochin,1,12767.0,805,21,3,2019,15,0,4,25,22,3,2019
Vistara,Banglore,Delhi,0,4668.0,170,18,5,2019,21,0,23,50,18,5,2019
SpiceJet,Banglore,Delhi,0,3625.0,175,15,5,2019,21,10,0,5,16,5,2019
SpiceJet,Chennai,Kolkata,0,3597.0,135,27,5,2019,9,45,12,0,27,5,2019
IndiGo,Kolkata,Banglore,0,5224.0,150,21,4,2019,15,15,17,45,21,4,2019
IndiGo,Delhi,Cochin,1,6147.0,320,15,6,2019,17,5,22,25,15,6,2019
Jet Airways,Banglore,Delhi,0,8016.0,175,18,6,2019,15,50,18,45,18,6,2019
Air India,Kolkata,Banglore,2,11148.0,1390,5,1,2019,12,0,11,10,5,2,2019
Jet Airways,Delhi,Cochin,2,13376.0,830,15,6,2019,14,35,4,25,16,6,2019
Air India,Delhi,Cochin,2,12488.0,1485,6,12,2019,18,30,19,15,13,6,2019
Jet Airways,Delhi,Cochin,1,6017.0,805,21,3,2019,15,0,4,25,22,3,2019
IndiGo,Banglore,Delhi,0,4823.0,170,15,6,2019,8,30,11,20,15,6,2019
Air India,Delhi,Cochin,1,7532.0,1420,21,3,2019,9,45,9,25,22,3,2019
Air India,Kolkata,Banglore,2,11432.0,1210,6,9,2019,9,25,5,35,6,10,2019
Vistara,Banglore,Delhi,0,5088.0,165,6,6,2019,19,30,22,15,6,6,2019
SpiceJet,Delhi,Cochin,1,5351.0,310,27,3,2019,6,10,11,20,27,3,2019
Vistara,Kolkata,Banglore,1,8610.0,975,6,12,2019,7,10,23,25,6,12,2019
Jet Airways,Delhi,Cochin,2,17271.0,1365,3,6,2019,5,40,4,25,3,7,2019
Jet Airways,Kolkata,Banglore,1,9314.0,1285,21,5,2019,17,0,14,25,22,5,2019
SpiceJet,Kolkata,Banglore,0,3847.0,140,27,3,2019,22,20,0,40,28,3,2019
Air India,Delhi,Cochin,1,8372.0,615,15,5,2019,9,0,19,15,15,5,2019
Multiple carriers,Delhi,Cochin,1,10877.0,505,15,6,2019,10,35,19,0,15,6,2019
SpiceJet,Banglore,Delhi,0,4423.0,170,5,12,2019,9,30,12,20,5,12,2019
IndiGo,Chennai,Kolkata,0,6297.0,145,15,3,2019,22,5,0,30,13,3,2019
Vistara,Delhi,Cochin,0,6216.0,190,27,6,2019,14,40,17,50,27,6,2019
Multiple carriers,Delhi,Cochin,1,7933.0,660,6,6,2019,10,0,21,0,6,6,2019
Multiple carriers,Delhi,Cochin,1,10678.0,460,15,6,2019,4,55,12,35,15,6,2019
SpiceJet,Mumbai,Hyderabad,0,2017.0,85,18,3,2019,22,45,0,10,19,3,2019
IndiGo,Delhi,Cochin,0,5000.0,195,18,6,2019,14,20,17,35,18,6,2019
Air India,Delhi,Cochin,2,18736.0,800,3,9,2019,5,55,19,15,3,9,2019
Jet Airways,Banglore,Delhi,0,4030.0,180,5,1,2019,7,10,10,10,5,1,2019
Jet Airways,Delhi,Cochin,2,10368.0,1025,18,5,2019,19,30,12,35,19,5,2019
Jet Airways,Kolkata,Banglore,1,9663.0,1010,5,6,2019,16,30,9,20,5,7,2019
Vistara,Banglore,Delhi,0,5613.0,165,15,4,2019,19,30,22,15,15,4,2019
Jet Airways,Kolkata,Banglore,1,7757.0,1090,5,9,2019,14,5,8,15,5,10,2019
IndiGo,Delhi,Cochin,1,6442.0,515,15,6,2019,7,35,16,10,15,6,2019
IndiGo,Mumbai,Hyderabad,0,2754.0,90,5,6,2019,19,5,20,35,5,6,2019
Air India,Banglore,Delhi,0,3758.0,165,24,3,2019,6,10,8,55,24,3,2019
Air Asia,Delhi,Cochin,1,6152.0,870,6,12,2019,7,55,22,25,6,12,2019
Multiple carriers,Delhi,Cochin,1,7618.0,840,21,3,2019,7,0,21,0,21,3,2019
Air India,Delhi,Cochin,2,12646.0,1410,3,3,2019,19,45,19,15,3,4,2019
Jet Airways,Kolkata,Banglore,1,14781.0,510,15,5,2019,14,5,22,35,15,5,2019
Multiple carriers,Delhi,Cochin,1,13377.0,930,27,6,2019,10,0,1,30,28,6,2019
Jet Airways,Delhi,Cochin,0,9564.0,195,27,5,2019,11,0,14,15,27,5,2019
GoAir,Banglore,Delhi,0,6113.0,175,15,3,2019,11,40,14,35,15,3,2019
Air India,Banglore,Delhi,2,26480.0,1600,3,1,2019,6,45,9,25,3,2,2019
Jet Airways,Banglore,Delhi,0,5769.0,180,6,12,2019,7,10,10,10,6,12,2019
SpiceJet,Mumbai,Hyderabad,0,1759.0,80,27,3,2019,5,45,7,5,27,3,2019
IndiGo,Delhi,Cochin,1,5883.0,500,6,12,2019,17,10,1,30,13,6,2019
Air India,Banglore,Delhi,0,5176.0,165,4,3,2019,10,0,12,45,4,3,2019
IndiGo,Kolkata,Banglore,0,4804.0,165,27,6,2019,20,25,23,10,27,6,2019
GoAir,Banglore,Delhi,0,3398.0,170,21,6,2019,11,40,14,30,21,6,2019
Air India,Kolkata,Banglore,2,9416.0,1195,24,5,2019,12,0,7,55,25,5,2019
SpiceJet,Kolkata,Banglore,0,3841.0,155,21,6,2019,6,55,9,30,21,6,2019
Jet Airways,Delhi,Cochin,1,10262.0,1325,27,6,2019,20,55,19,0,28,6,2019
IndiGo,Kolkata,Banglore,0,4804.0,155,24,6,2019,22,15,0,50,25,6,2019
Jet Airways,Delhi,Cochin,1,5177.0,620,4,3,2019,2,15,12,35,4,3,2019
IndiGo,Mumbai,Hyderabad,0,2437.0,95,5,9,2019,20,5,21,40,5,9,2019
GoAir,Delhi,Cochin,1,8422.0,440,3,9,2019,6,0,13,20,3,9,2019
Multiple carriers,Delhi,Cochin,1,13797.0,780,24,6,2019,8,0,21,0,24,6,2019
Jet Airways,Delhi,Cochin,2,10368.0,1125,6,6,2019,9,40,4,25,6,7,2019
IndiGo,Delhi,Cochin,1,7081.0,500,18,5,2019,17,10,1,30,19,5,2019
IndiGo,Delhi,Cochin,1,8513.0,675,3,3,2019,4,55,16,10,3,3,2019
Jet Airways,Banglore,Delhi,0,7229.0,180,4,12,2019,7,10,10,10,4,12,2019
Air India,Banglore,Delhi,1,6273.0,240,3,3,2019,8,15,12,15,3,3,2019
Air India,Mumbai,Hyderabad,0,3100.0,85,6,9,2019,15,0,16,25,6,9,2019
IndiGo,Kolkata,Banglore,0,4804.0,155,18,6,2019,22,15,0,50,19,6,2019
Jet Airways,Banglore,Delhi,0,7229.0,160,24,3,2019,19,55,22,35,24,3,2019
SpiceJet,Kolkata,Banglore,0,3841.0,145,18,4,2019,9,0,11,25,18,4,2019
Jet Airways,Kolkata,Banglore,1,8586.0,735,18,5,2019,20,0,8,15,19,5,2019
Multiple carriers,Delhi,Cochin,1,11200.0,630,15,6,2019,8,30,19,0,15,6,2019
Multiple carriers,Delhi,Cochin,1,17267.0,375,3,6,2019,7,5,13,20,3,6,2019
Jet Airways,Kolkata,Banglore,1,8586.0,910,5,9,2019,18,55,10,5,5,10,2019
Air India,Kolkata,Banglore,2,11432.0,765,5,9,2019,16,50,5,35,5,10,2019
Air India,Delhi,Cochin,2,12940.0,1470,6,1,2019,18,45,19,15,6,2,2019
IndiGo,Mumbai,Hyderabad,0,12475.0,85,3,1,2019,21,20,22,45,3,1,2019
Jet Airways,Kolkata,Banglore,1,11134.0,340,24,3,2019,16,55,22,35,24,3,2019
IndiGo,Kolkata,Banglore,0,5644.0,165,18,4,2019,9,35,12,20,18,4,2019
Multiple carriers,Delhi,Cochin,1,10877.0,455,6,12,2019,11,25,19,0,6,12,2019
Jet Airways,Banglore,Delhi,0,7229.0,165,21,4,2019,6,0,8,45,21,4,2019
Jet Airways,Kolkata,Banglore,1,8586.0,1545,5,9,2019,16,30,18,15,5,10,2019
Jet Airways,Delhi,Cochin,2,10368.0,810,6,12,2019,5,30,19,0,6,12,2019
Air India,Delhi,Cochin,2,9863.0,1595,6,1,2019,16,40,19,15,6,2,2019
IndiGo,Kolkata,Banglore,1,4864.0,330,6,12,2019,7,10,12,40,6,12,2019
Air Asia,Kolkata,Banglore,0,4384.0,150,3,12,2019,19,35,22,5,3,12,2019
Air India,Delhi,Cochin,2,13591.0,1490,18,5,2019,6,50,7,40,19,5,2019
Jet Airways,Kolkata,Banglore,1,12384.0,575,15,5,2019,9,35,19,10,15,5,2019
Jet Airways,Delhi,Cochin,1,12373.0,805,18,5,2019,15,0,4,25,19,5,2019
Jet Airways,Delhi,Cochin,2,10368.0,810,6,6,2019,5,30,19,0,6,6,2019
Air India,Kolkata,Banglore,2,12723.0,1840,5,1,2019,5,50,12,30,5,2,2019
Jet Airways,Delhi,Cochin,1,12242.0,1250,21,3,2019,22,0,18,50,22,3,2019
Jet Airways,Banglore,Delhi,0,5769.0,175,6,12,2019,11,10,14,5,6,12,2019
IndiGo,Delhi,Cochin,1,7006.0,810,21,5,2019,7,30,21,0,21,5,2019
Air India,Delhi,Cochin,1,8372.0,1335,27,5,2019,21,0,19,15,28,5,2019
Jet Airways,Kolkata,Banglore,1,14178.0,1155,24,5,2019,14,5,9,20,25,5,2019
Jet Airways,Banglore,Delhi,1,20800.0,1135,3,1,2019,14,5,9,0,3,2,2019
Vistara,Kolkata,Banglore,1,8452.0,1555,5,1,2019,7,10,9,5,5,2,2019
Jet Airways,Kolkata,Banglore,1,10844.0,1265,5,12,2019,21,10,18,15,13,5,2019
Vistara,Banglore,Delhi,0,4668.0,170,5,12,2019,21,0,23,50,5,12,2019
Jet Airways,Kolkata,Banglore,1,12681.0,1695,4,1,2019,16,30,20,45,4,2,2019
Air India,Delhi,Cochin,1,4487.0,1640,4,6,2019,6,5,9,25,4,7,2019
Jet Airways,Kolkata,Banglore,1,14571.0,345,6,9,2019,14,5,19,50,6,9,2019
SpiceJet,Kolkata,Banglore,0,3841.0,140,27,4,2019,22,20,0,40,28,4,2019
SpiceJet,Kolkata,Banglore,0,3873.0,140,6,3,2019,22,20,0,40,6,4,2019
Air India,Kolkata,Banglore,2,16372.0,1255,5,1,2019,16,50,13,45,5,2,2019
Air India,Kolkata,Banglore,2,14897.0,1200,24,5,2019,9,25,5,25,25,5,2019
Multiple carriers,Delhi,Cochin,1,8614.0,520,15,6,2019,10,35,19,15,15,6,2019
Air India,Delhi,Cochin,2,9653.0,1595,27,6,2019,16,40,19,15,28,6,2019
IndiGo,Kolkata,Banglore,1,3574.0,265,21,5,2019,19,20,23,45,21,5,2019
Jet Airways,Kolkata,Banglore,1,7064.0,1220,4,1,2019,20,0,16,20,4,2,2019
IndiGo,Mumbai,Hyderabad,0,5755.0,90,21,6,2019,9,10,10,40,21,6,2019
Air India,Kolkata,Banglore,2,13432.0,1255,18,5,2019,16,50,13,45,19,5,2019
Air India,Delhi,Cochin,1,8669.0,735,5,9,2019,7,0,19,15,5,9,2019
Multiple carriers,Delhi,Cochin,1,17057.0,555,3,3,2019,2,15,11,30,3,3,2019
Jet Airways,Banglore,Delhi,1,17261.0,1165,3,6,2019,14,5,9,30,3,7,2019
Multiple carriers,Delhi,Cochin,1,6795.0,615,6,6,2019,15,15,1,30,6,7,2019
Jet Airways,Kolkata,Banglore,1,9663.0,400,5,6,2019,14,5,20,45,5,6,2019
Multiple carriers,Delhi,Cochin,1,11789.0,615,15,6,2019,8,45,19,0,15,6,2019
Jet Airways,Delhi,Cochin,1,10262.0,1485,24,6,2019,18,15,19,0,25,6,2019
SpiceJet,Kolkata,Banglore,1,8844.0,435,15,5,2019,11,15,18,30,15,5,2019
Jet Airways,Banglore,Delhi,0,4544.0,175,5,12,2019,15,15,18,10,5,12,2019
Multiple carriers,Delhi,Cochin,1,6148.0,380,27,3,2019,7,0,13,20,27,3,2019
IndiGo,Mumbai,Hyderabad,0,2227.0,95,27,5,2019,20,5,21,40,27,5,2019
Jet Airways,Delhi,Cochin,2,13292.0,1375,6,12,2019,5,30,4,25,13,6,2019
Air Asia,Banglore,Delhi,0,3383.0,165,24,3,2019,23,25,2,10,22,3,2019
Jet Airways,Delhi,Cochin,2,14300.0,1380,6,12,2019,20,0,19,0,13,6,2019
Jet Airways,Kolkata,Banglore,1,10844.0,1025,21,5,2019,18,55,12,0,22,5,2019
SpiceJet,Delhi,Cochin,1,5158.0,270,6,12,2019,8,45,13,15,6,12,2019
Jet Airways,Delhi,Cochin,2,12819.0,810,27,6,2019,23,5,12,35,28,6,2019
IndiGo,Delhi,Cochin,1,6628.0,570,6,3,2019,16,0,1,30,6,4,2019
Jet Airways,Delhi,Cochin,1,10262.0,1595,6,1,2019,10,0,12,35,6,2,2019
Jet Airways,Banglore,Delhi,0,4544.0,175,21,4,2019,15,15,18,10,21,4,2019
Jet Airways,Delhi,Cochin,1,12373.0,1485,5,9,2019,18,15,19,0,5,10,2019
Air India,Delhi,Cochin,2,11281.0,1600,15,5,2019,5,0,7,40,16,5,2019
IndiGo,Delhi,Cochin,1,6938.0,490,6,3,2019,14,20,22,30,6,3,2019
Multiple carriers,Delhi,Cochin,1,15147.0,640,3,6,2019,10,20,21,0,3,6,2019
Air India,Delhi,Cochin,2,11228.0,1600,18,5,2019,5,0,7,40,19,5,2019
IndiGo,Delhi,Cochin,1,5636.0,325,6,9,2019,2,0,7,25,6,9,2019
SpiceJet,Banglore,Delhi,0,4319.0,170,5,12,2019,9,30,12,20,5,12,2019
IndiGo,Banglore,Delhi,0,6144.0,175,21,3,2019,20,0,22,55,21,3,2019
Jet Airways,Kolkata,Banglore,1,14781.0,685,5,1,2019,8,25,19,50,5,1,2019
IndiGo,Delhi,Cochin,1,8765.0,985,21,3,2019,9,10,1,35,22,3,2019
Jet Airways,Kolkata,Banglore,1,8586.0,1330,5,12,2019,6,30,4,40,13,5,2019
IndiGo,Mumbai,Hyderabad,0,2754.0,90,5,12,2019,12,0,13,30,5,12,2019
IndiGo,Chennai,Kolkata,0,3597.0,140,21,5,2019,13,15,15,35,21,5,2019
Jet Airways,Mumbai,Hyderabad,0,4050.0,85,18,5,2019,7,5,8,30,18,5,2019
Jet Airways,Banglore,Delhi,1,11087.0,800,3,9,2019,8,0,21,20,3,9,2019
Jet Airways,Banglore,Delhi,0,8016.0,185,6,3,2019,18,55,22,0,6,3,2019
Multiple carriers,Delhi,Cochin,1,15147.0,915,3,6,2019,10,20,1,35,3,7,2019
Jet Airways,Banglore,Delhi,0,7229.0,175,4,1,2019,15,15,18,10,4,1,2019
Jet Airways,Delhi,Cochin,2,13014.0,1615,6,1,2019,9,40,12,35,6,2,2019
IndiGo,Mumbai,Hyderabad,0,2754.0,90,27,5,2019,2,35,4,5,27,5,2019
Vistara,Banglore,Delhi,0,5613.0,155,4,12,2019,17,0,19,35,4,12,2019
IndiGo,Delhi,Cochin,1,6307.0,345,27,4,2019,21,50,3,35,28,4,2019
IndiGo,Kolkata,Banglore,0,4174.0,155,4,6,2019,17,15,19,50,4,6,2019
IndiGo,Kolkata,Banglore,0,4804.0,155,27,6,2019,22,15,0,50,28,6,2019
Air India,Kolkata,Banglore,2,14960.0,970,15,5,2019,16,45,8,55,16,5,2019
Jet Airways,Delhi,Cochin,2,9483.0,1195,4,9,2019,23,5,19,0,4,10,2019
Vistara,Kolkata,Banglore,1,8662.0,1580,6,6,2019,20,20,22,40,6,7,2019
Jet Airways,Delhi,Cochin,2,19644.0,440,5,9,2019,11,40,19,0,5,9,2019
GoAir,Banglore,Delhi,0,4340.0,175,24,3,2019,11,40,14,35,24,3,2019
Jet Airways,Kolkata,Banglore,1,10844.0,1335,21,5,2019,20,0,18,15,22,5,2019
SpiceJet,Kolkata,Banglore,1,8224.0,330,5,9,2019,15,55,21,25,5,9,2019
Multiple carriers,Delhi,Cochin,1,7905.0,545,3,3,2019,7,5,16,10,3,3,2019
Jet Airways,Kolkata,Banglore,1,11134.0,1605,24,3,2019,16,55,19,40,25,3,2019
IndiGo,Delhi,Cochin,1,6037.0,345,15,5,2019,2,0,7,45,15,5,2019
Jet Airways,Kolkata,Banglore,1,12692.0,1075,6,6,2019,17,0,10,55,6,7,2019
Multiple carriers,Delhi,Cochin,1,7308.0,435,27,5,2019,18,15,1,30,28,5,2019
Jet Airways,Delhi,Cochin,2,11733.0,1615,6,6,2019,9,40,12,35,6,7,2019
Jet Airways,Delhi,Cochin,1,14714.0,825,6,1,2019,22,50,12,35,6,2,2019
Jet Airways,Kolkata,Banglore,1,14388.0,330,15,5,2019,6,30,12,0,15,5,2019
Jet Airways,Banglore,Delhi,0,7229.0,185,24,4,2019,18,55,22,0,24,4,2019
Jet Airways,Banglore,Delhi,1,7832.0,840,21,3,2019,21,25,11,25,19,3,2019
Air India,Delhi,Cochin,3,10493.0,2280,6,3,2019,5,15,19,15,6,4,2019
Jet Airways,Delhi,Cochin,1,14053.0,1475,3,9,2019,18,15,18,50,3,10,2019
IndiGo,Chennai,Kolkata,0,7295.0,140,3,6,2019,7,55,10,15,3,6,2019
Air India,Kolkata,Banglore,2,11222.0,1610,21,5,2019,8,20,11,10,22,5,2019
Multiple carriers,Delhi,Cochin,1,7670.0,390,18,5,2019,19,0,1,30,19,5,2019
Multiple carriers,Delhi,Cochin,1,10877.0,505,6,6,2019,10,35,19,0,6,6,2019
Multiple carriers,Delhi,Cochin,1,17057.0,505,3,3,2019,7,5,15,30,3,3,2019
Jet Airways,Delhi,Cochin,2,11507.0,810,6,6,2019,5,30,19,0,6,6,2019
Jet Airways,Delhi,Cochin,0,4466.0,195,18,6,2019,9,50,13,5,18,6,2019
Air India,Delhi,Cochin,2,13801.0,1580,6,1,2019,16,55,19,15,6,2,2019
IndiGo,Kolkata,Banglore,0,4778.0,160,3,1,2019,21,25,0,5,3,2,2019
Jet Airways,Kolkata,Banglore,1,12384.0,505,15,5,2019,9,35,18,0,15,5,2019
Multiple carriers,Delhi,Cochin,1,10678.0,460,27,6,2019,4,55,12,35,27,6,2019
Air India,Delhi,Cochin,1,9790.0,1535,3,9,2019,5,15,6,50,3,10,2019
Jet Airways,Kolkata,Banglore,1,14388.0,1315,5,1,2019,14,5,12,0,5,2,2019
SpiceJet,Banglore,Delhi,0,4319.0,160,6,12,2019,5,55,8,35,6,12,2019
Jet Airways,Mumbai,Hyderabad,0,5678.0,85,5,3,2019,2,55,4,20,5,3,2019
Vistara,Banglore,Delhi,0,5613.0,160,4,6,2019,7,0,9,40,4,6,2019
Jet Airways,Kolkata,Banglore,1,9663.0,800,5,6,2019,20,0,9,20,5,7,2019
Jet Airways,Banglore,Delhi,0,5769.0,175,18,6,2019,11,10,14,5,18,6,2019
Vistara,Banglore,Delhi,0,4668.0,170,5,1,2019,21,0,23,50,5,1,2019
Vistara,Delhi,Cochin,0,9086.154126895002,175,21,3,2019,21,10,0,5,19,3,2019
Air India,Delhi,Cochin,1,9086.154126895002,375,5,9,2019,13,0,19,15,5,9,2019
Air India,Kolkata,Banglore,2,9086.154126895002,1210,24,3,2019,9,25,5,35,25,3,2019
Jet Airways,Delhi,Cochin,2,11733.0,1025,6,6,2019,19,30,12,35,6,7,2019
IndiGo,Banglore,Delhi,0,4823.0,175,4,9,2019,18,55,21,50,4,9,2019
IndiGo,Kolkata,Banglore,0,4804.0,150,27,4,2019,15,15,17,45,27,4,2019
Jet Airways,Delhi,Cochin,1,10262.0,1485,6,12,2019,18,15,19,0,13,6,2019
Jet Airways,Banglore,Delhi,1,11087.0,1285,3,12,2019,22,55,20,20,13,3,2019
Jet Airways,Delhi,Cochin,2,21219.0,440,5,9,2019,11,40,19,0,5,9,2019
Air India,Delhi,Cochin,1,9929.0,675,15,6,2019,8,0,19,15,15,6,2019
Air India,Kolkata,Banglore,2,11411.0,1045,5,12,2019,5,50,23,15,5,12,2019
Air India,Mumbai,Hyderabad,0,3100.0,80,6,6,2019,21,5,22,25,6,6,2019
Jet Airways,Delhi,Cochin,2,11150.0,1195,27,6,2019,23,5,19,0,28,6,2019
Jet Airways,Delhi,Cochin,2,16704.0,900,27,5,2019,13,25,4,25,28,5,2019
Jet Airways,Banglore,Delhi,1,11087.0,1485,3,12,2019,20,35,21,20,13,3,2019
Air India,Mumbai,Hyderabad,0,3100.0,80,6,9,2019,6,20,7,40,6,9,2019
Multiple carriers,Delhi,Cochin,1,9794.0,520,5,1,2019,10,20,19,0,5,1,2019
SpiceJet,Banglore,Delhi,0,3257.0,160,21,5,2019,5,55,8,35,21,5,2019
Air Asia,Kolkata,Banglore,0,4107.0,150,4,9,2019,19,55,22,25,4,9,2019
Air India,Kolkata,Banglore,0,4145.0,155,27,4,2019,20,45,23,20,27,4,2019
Jet Airways,Banglore,Delhi,0,7229.0,180,27,4,2019,8,20,11,20,27,4,2019
Vistara,Banglore,Delhi,0,12648.0,160,3,1,2019,11,30,14,10,3,1,2019
Air India,Delhi,Cochin,2,11753.0,500,5,9,2019,10,55,19,15,5,9,2019
SpiceJet,Banglore,Delhi,0,3257.0,160,21,5,2019,5,55,8,35,21,5,2019
Air Asia,Kolkata,Banglore,0,4107.0,150,4,9,2019,19,55,22,25,4,9,2019
Air India,Kolkata,Banglore,0,4145.0,155,27,4,2019,20,45,23,20,27,4,2019
Jet Airways,Banglore,Delhi,0,7229.0,180,27,4,2019,8,20,11,20,27,4,2019
Vistara,Banglore,Delhi,0,12648.0,160,3,1,2019,11,30,14,10,3,1,2019
Air India,Delhi,Cochin,2,11753.0,500,5,9,2019,10,55,19,15,5,9,2019
